7.727
7.504
9.006
8.209
8.409
10.007
10.008
7.907
8.207
7.708
9.007
9.207
9.113
8.903
8.008
9.515
7.706
7.809
8.607
9.992
8.708
8.665
10.009
7.508
7.908
9.407
8.507
9.107
9.213
8.108
8.607
9.608
8.407
7.708
7.907
9.510
7.907
8.006
9.908
8.606
8.306
8.908
7.909
7.507
7.907
8.608
9.711
8.377
8.907
8.207
8.106
7.709
9.609
8.206
7.708
10.009
7.606
9.008
9.213
9.308
9.608
8.006
9.006
8.120
8.408
9.706
7.870
9.019
7.607
7.807
7.507
8.608
9.406
8.107
8.609
10.007
9.208
8.308
8.309
8.006
9.209
8.908
8.407
8.710
9.707
8.808
8.908
10.051
7.706
8.208
9.408
7.508
8.707
8.408
8.108
9.865
8.211
8.404
8.708
8.507
9.008
8.708
9.707
8.308
9.320
8.406
8.310
8.408
9.208
9.108
9.107
8.607
8.109
7.657
9.808
7.907
8.907
8.608
7.807
9.206
9.409
9.807
9.208
8.206
8.310
10.021
7.907
9.007
8.606
9.114
10.034
7.509
7.908
9.807
8.307
9.983
8.209
9.107
8.408
7.506
8.307
7.608
8.607
9.009
7.708
8.608
9.407
9.107
9.907
10.008
8.207
9.408
9.707
7.507
7.508
8.108
7.507
8.106
9.808
8.611
9.904
9.706
8.608
7.707
9.707
9.607
7.707
8.009
8.707
8.767
7.850
9.708
8.707
9.420
8.607
8.907
7.908
8.206
8.009
7.909
8.106
8.909
9.908
7.706
9.008
7.507
8.308
9.007
8.207
8.007
7.708
8.037
7.832
9.001
8.507
7.606
8.508
8.709
8.107
9.908
7.534
8.920
9.609
8.806
8.207
8.309
7.609
8.809
9.009
8.307
9.207
9.608
9.973
9.008
10.010
8.808
9.122
8.406
7.908
10.110
8.913
8.107
8.109
9.507
9.806
9.307
9.807
8.308
8.008
7.907
8.308
8.207
9.509
7.807
9.408
7.808
8.908
9.707
9.107
7.809
8.110
8.405
10.008
8.008
7.611
9.906
9.307
9.412
8.509
10.007
9.308
9.910
8.064
7.511
9.508
8.012
9.407
9.310
8.807
7.509
9.908
9.807
8.207
9.307
7.808
7.508
9.608
9.207
10.007
8.807
9.522
8.007
9.708
9.606
8.508
10.009
9.707
8.009
9.309
8.107
7.907
8.724
8.101
8.608
8.899
7.806
9.130
8.100
9.609
8.008
8.307
9.607
7.807
9.006
9.009
8.828
8.506
8.575
9.805
9.309
10.007
9.449
9.909
9.810
9.009
8.507
9.806
8.863
9.208
9.008
9.408
9.808
7.908
7.608
8.409
9.208
7.908
7.608
10.007
7.608
8.408
8.211
9.706
8.714
9.908
8.807
9.526
9.210
10.012
9.404
8.512
9.909
8.705
8.307
9.709
7.808
9.508
9.609
9.311
8.744
8.700
8.809
8.406
9.109
9.009
9.509
8.408
9.412
9.709
8.310
9.808
8.010
9.210
9.425
9.466
9.302
8.407
8.808
8.408
8.307
8.108
9.407
8.208
9.508
7.806
8.009
7.513
9.806
7.509
9.305
8.608
8.709
8.110
9.820
7.810
9.609
9.207
8.709
9.108
9.006
9.808
8.807
9.709
9.106
8.409
9.007
8.307
9.307
7.908
9.220
7.508
8.708
8.711
8.407
8.487
9.010
9.108
8.408
8.910
9.107
7.607
7.709
8.065
8.410
10.008
8.507
8.108
9.122
9.909
9.808
8.106
9.634
8.708
7.708
8.708
9.621
9.507
9.708
9.008
7.508
9.008
9.307
8.807
7.607
7.807
9.713
9.303
9.507
8.007
8.120
8.507
8.307
8.310
9.208
9.306
8.407
7.609
9.909
7.512
7.508
9.806
8.308
9.809
8.508
8.707
8.608
8.241
8.108
8.213
9.811
8.208
9.705
9.209
9.707
10.009
9.508
9.308
9.208
8.911
10.004
7.508
7.609
8.410
8.508
9.307
7.808
9.510
9.707
7.908
9.507
9.707
7.608
7.911
9.404
8.810
9.106
8.008
9.608
10.008
8.907
9.509
8.340
8.650
8.808
7.907
8.510
8.216
9.906
7.931
9.993
10.014
7.998
10.023
8.308
9.108
9.409
8.712
8.506
9.007
9.308
8.111
8.609
9.408
8.535
8.208
8.412
7.812
8.910
8.107
7.713
7.708
7.512
8.510
9.011
8.810
9.108
7.708
9.712
8.913
8.109
9.508
8.808
8.711
9.410
9.809
7.711
9.009
8.611
8.808
7.912
7.807
9.609
9.109
10.008
8.109
10.012
8.311
8.612
8.810
8.910
8.811
9.007
9.109
10.010
8.006
7.815
9.009
8.410
7.607
8.010
9.008
9.712
9.508
7.812
9.212
9.211
8.008
8.110
7.807
9.522
8.811
8.107
9.109
7.810
8.006
9.912
7.906
8.810
8.409
9.207
7.807
9.932
8.307
9.458
9.809
9.051
9.908
8.908
9.907
7.509
9.409
9.006
9.915
9.063
9.307
9.207
8.110
9.911
9.906
8.608
9.511
8.616
9.328
8.707
9.111
10.008
8.507
9.709
9.009
9.607
8.818
9.305
9.412
9.806
8.970
9.322
8.810
8.707
8.109
8.809
8.908
7.609
7.809
8.711
9.109
9.808
8.107
10.010
9.807
7.908
8.578
9.253
9.205
7.922
7.906
8.410
7.906
9.209
8.007
9.410
8.707
9.571
8.803
8.305
9.409
7.616
7.507
8.308
9.107
8.411
9.714
7.906
8.710
7.609
9.408
8.008
9.908
10.008
7.908
9.710
8.009
9.108
8.910
9.708
9.609
9.513
8.204
7.608
8.610
8.906
9.505
9.909
8.306
8.409
8.308
7.607
8.609
8.311
8.506
7.608
9.405
8.313
8.207
8.110
8.406
7.535
8.809
8.508
7.708
9.210
8.008
8.106
8.412
9.606
7.913
7.982
9.106
8.607
8.007
7.807
7.606
7.608
7.812
8.406
8.807
8.609
8.807
9.908
9.744
9.998
7.605
9.011
8.205
8.308
9.812
9.306
8.609
8.509
7.608
8.908
7.811
8.410
9.607
8.855
8.109
7.605
9.410
9.909
9.007
7.607
7.708
9.108
7.908
8.007
7.712
9.204
9.408
9.011
9.212
9.008
9.107
9.354
8.107
10.063
7.808
8.105
9.207
9.109
9.122
9.501
7.908
9.708
7.807
7.608
8.407
8.716
7.810
7.907
8.532
9.308
8.113
8.707
8.308
8.709
9.505
8.509
7.842
8.806
7.612
9.608
7.709
9.207
9.098
8.509
9.109
9.508
9.114
8.409
8.508
8.407
7.909
9.207
8.006
8.412
9.305
9.110
9.607
9.806
9.509
8.108
9.009
7.706
9.590
7.505
8.910
8.907
8.508
9.411
7.610
8.909
9.106
8.011
8.207
8.108
9.109
7.507
7.509
8.106
8.407
8.808
9.005
9.007
8.141
9.693
7.693
9.909
8.707
9.909
9.707
8.406
8.109
8.809
8.608
7.706
8.813
7.611
9.007
7.506
9.710
9.408
8.907
8.808
9.909
9.810
9.607
9.108
9.805
9.808
10.010
8.409
8.506
9.107
7.522
9.307
8.900
7.799
9.208
10.071
7.708
9.027
8.309
8.509
8.012
9.610
8.624
9.304
9.907
7.809
9.507
9.608
9.908
8.510
8.508
9.908
8.209
8.009
9.008
8.221
7.713
8.905
9.307
9.008
7.907
9.309
8.207
9.409
9.908
7.507
9.608
7.513
9.206
7.807
8.707
9.708
7.610
9.908
9.109
7.609
7.809
8.511
9.716
7.603
9.540
8.296
10.005
7.809
8.806
9.107
8.509
9.109
7.908
7.707
8.010
8.609
9.810
8.712
8.110
9.608
8.809
7.609
9.811
7.910
8.209
8.427
7.708
8.308
8.408
9.317
8.605
8.915
7.709
8.523
9.007
9.908
9.307
9.208
7.749
8.126
8.209
8.907
9.908
8.909
9.210
7.808
7.610
9.109
9.210
8.212
8.814
8.111
8.609
8.507
8.608
9.310
9.609
9.008
7.709
8.210
8.306
8.808
9.608
8.708
9.810
8.808
8.608
9.109
8.113
9.010
9.931
9.010
7.807
9.708
8.008
9.708
7.610
8.108
8.910
9.307
9.110
7.608
7.608
7.608
8.808
8.909
9.606
8.408
7.810
9.808
9.334
8.608
8.512
8.810
9.916
8.509
7.709
8.609
7.709
8.307
7.508
7.509
7.509
8.008
9.909
8.006
7.712
10.007
8.707
9.107
9.410
7.908
9.308
9.507
8.209
8.007
8.308
7.709
9.107
8.710
10.008
8.307
10.008
8.609
10.001
10.007
9.608
7.708
8.509
9.808
8.808
8.708
10.019
8.824
9.309
9.807
9.309
9.708
9.908
8.109
8.708
9.322
8.708
8.122
8.910
9.408
8.911
10.006
9.608
8.107
8.808
9.712
9.209
8.708
8.309
9.006
8.709
8.007
9.409
9.907
7.807
8.109
8.609
7.910
9.409
7.859
7.709
8.708
10.009
7.707
9.509
8.807
9.509
8.206
9.709
8.609
7.506
8.508
8.708
9.907
9.307
10.010
9.506
8.408
8.808
7.909
7.506
7.648
8.520
9.512
7.507
9.058
7.508
8.808
9.408
9.512
9.105
9.807
8.309
9.208
7.508
7.709
7.907
9.708
8.608
7.508
8.407
8.909
8.707
9.609
8.708
8.209
9.710
8.360
9.106
8.531
8.811
9.409
8.807
10.009
8.822
9.006
9.108
9.099
7.708
8.609
8.608
9.333
8.608
9.412
8.609
8.697
9.902
9.109
8.409
8.607
9.321
9.609
10.009
8.209
9.110
8.608
9.108
9.027
9.708
8.109
7.660
8.607
7.610
8.909
8.508
9.107
7.908
7.709
8.108
8.126
8.807
9.205
7.607
9.909
8.811
8.755
8.612
8.805
7.909
9.812
9.902
10.008
9.312
7.507
8.304
8.509
8.608
9.920
10.008
8.409
8.107
7.513
9.532
8.303
9.208
7.919
9.917
9.607
8.306
7.906
7.810
9.812
9.909
8.110
9.709
8.809
9.410
8.307
7.510
10.007
8.008
7.506
9.908
10.009
7.508
8.308
8.407
8.908
8.118
8.408
9.811
8.806
8.608
9.394
9.808
7.709
9.905
9.611
10.018
8.209
7.709
8.006
8.010
7.507
8.608
7.609
8.808
8.109
8.407
9.008
8.121
9.107
9.209
8.136
9.008
9.308
9.008
10.009
8.308
9.808
8.510
8.206
8.606
9.810
10.007
8.208
7.607
7.500
8.010
7.604
8.410
8.208
8.108
8.908
8.406
9.531
9.205
9.910
7.505
7.610
8.807
8.108
9.510
8.110
9.021
8.600
7.507
7.909
8.508
8.309
7.607
9.713
9.105
8.908
9.407
9.210
9.809
9.608
9.420
7.705
10.009
7.707
8.410
8.008
9.310
9.307
7.607
8.509
9.308
7.707
8.809
8.209
8.507
8.108
8.907
10.040
9.408
8.909
7.807
7.808
10.007
8.209
7.608
9.007
9.606
9.819
8.309
9.307
9.309
7.907
9.806
9.208
8.108
8.309
10.008
7.608
7.808
7.520
8.606
9.610
7.908
7.508
7.810
9.006
8.309
9.210
8.907
7.707
8.009
9.364
8.208
8.106
7.611
8.404
9.616
9.908
8.111
8.107
9.309
7.508
8.509
9.009
9.509
9.308
9.908
9.412
9.408
7.608
9.650
8.097
9.909
7.507
8.308
7.608
9.009
9.207
9.509
8.007
9.482
7.507
10.009
7.507
8.108
7.507
8.609
7.909
9.905
9.291
8.707
9.207
9.508
9.916
8.308
8.908
9.107
8.307
8.409
8.710
8.607
7.909
9.508
8.508
8.110
7.805
8.607
9.823
9.506
8.107
7.808
9.006
8.311
7.706
9.007
9.109
7.814
7.807
9.708
7.808
9.508
8.308
9.709
9.107
8.777
8.005
7.930
10.009
8.807
8.814
8.808
10.010
9.507
8.408
8.616
7.501
8.705
9.707
9.906
8.308
7.907
7.613
10.008
8.907
8.045
9.008
8.006
8.332
9.500
7.807
8.709
8.908
8.906
8.507
8.206
9.708
9.008
8.609
9.814
8.008
7.612
8.506
8.108
9.608
9.509
9.208
9.608
8.327
9.008
9.608
9.405
9.509
9.908
9.308
8.308
7.911
8.408
9.008
8.953
7.809
9.408
7.707
9.509
8.207
8.809
7.607
7.806
7.709
8.707
7.611
8.409
9.007
8.807
9.007
8.509
8.407
8.309
8.309
9.307
9.909
7.807
8.807
9.508
7.908
8.009
7.718
8.308
9.312
9.508
9.909
9.508
8.808
7.608
9.109
9.709
8.907
9.209
7.608
9.307
8.110
7.707
7.906
9.609
9.308
9.607
8.307
7.609
7.907
9.108
9.609
7.706
9.610
8.306
9.908
10.009
9.107
7.509
8.408
8.409
9.706
8.310
7.809
8.608
8.609
9.772
8.210
10.012
8.809
8.408
9.409
9.612
8.810
9.807
9.471
8.209
9.412
7.604
8.417
9.810
9.209
8.107
7.612
8.911
9.212
10.006
8.913
8.212
7.607
10.007
9.310
7.509
8.409
9.653
8.610
9.507
9.268
9.609
9.607
8.205
7.912
9.006
7.907
9.409
8.907
9.808
7.812
8.208
9.904
8.908
8.178
9.207
9.540
8.398
8.122
8.610
8.508
9.506
9.509
8.906
9.609
8.778
8.907
8.008
8.508
10.008
10.007
7.809
9.508
9.807
8.708
7.508
8.719
9.208
9.717
7.507
8.907
10.008
8.507
9.008
8.808
9.310
8.200
8.408
7.708
8.708
9.808
8.709
8.310
9.208
7.598
7.916
8.180
9.110
8.606
9.311
9.108
8.709
9.807
8.708
8.407
8.537
9.009
9.810
7.606
8.613
7.563
9.209
8.708
8.507
8.109
7.606
7.724
8.812
8.508
8.105
10.067
8.183
9.609
8.509
7.608
9.614
8.910
8.471
8.706
10.002
7.609
7.916
8.630
9.953
9.110
9.809
8.321
8.197
9.509
8.607
9.316
9.510
7.809
7.899
8.111
8.407
8.007
8.408
9.909
9.399
9.211
7.523
9.994
8.709
8.517
7.699
8.509
9.917
8.599
9.907
10.008
8.708
7.717
8.700
8.810
9.517
8.400
9.807
7.708
7.918
8.400
9.717
7.506
8.914
7.806
8.208
9.801
8.517
9.307
9.913
7.760
8.513
9.910
7.908
9.900
8.319
8.118
8.309
8.300
9.413
8.117
8.200
8.119
8.499
9.676
9.398
8.119
8.007
9.202
8.509
8.608
7.517
8.409
8.607
8.911
8.776
9.500
8.816
9.709
8.699
8.608
7.609
9.917
8.609
8.008
9.710
9.402
8.617
7.911
7.815
7.809
8.709
8.700
8.518
9.925
8.309
7.801
8.117
9.009
9.700
9.418
7.506
9.712
7.708
8.812
8.706
8.909
8.399
7.703
8.727
9.711
9.007
8.800
9.519
7.608
9.308
9.347
9.711
8.100
9.909
7.509
8.609
8.516
8.700
9.623
8.495
9.709
7.616
9.210
8.606
10.011
8.499
8.617
9.759
8.717
7.610
8.509
7.709
8.616
8.913
9.105
8.409
7.915
8.099
7.911
8.217
7.511
9.905
7.802
8.141
9.803
8.009
9.318
8.208
9.500
9.006
9.520
9.307
9.302
8.605
7.919
9.299
9.809
9.207
9.108
8.609
9.333
7.498
9.006
8.009
9.209
8.007
9.008
9.608
8.809
9.607
7.718
8.944
9.410
8.212
9.517
9.099
9.009
8.999
7.507
8.601
7.917
9.507
7.801
9.909
8.208
8.219
9.108
8.109
10.008
8.120
9.209
9.412
8.409
8.107
7.609
7.511
8.807
9.108
9.809
7.610
8.799
10.018
9.200
8.198
8.313
8.799
9.817
9.808
7.699
10.009
8.318
8.299
9.466
8.717
8.108
7.712
9.609
10.007
8.301
9.719
8.210
10.018
9.309
9.300
8.218
9.410
9.499
9.720
8.617
9.190
10.017
9.909
9.299
9.119
7.908
7.620
7.908
7.809
7.500
8.109
7.744
8.608
9.109
9.800
10.017
9.900
10.008
9.510
9.818
8.200
9.208
8.018
8.299
8.609
10.009
9.208
7.918
9.516
8.906
9.211
8.605
8.811
9.012
7.931
8.097
9.622
8.212
8.508
10.014
8.208
9.318
7.804
9.502
8.512
7.817
9.410
8.302
7.709
8.920
8.099
8.721
8.205
8.824
9.508
9.578
8.711
8.911
9.908
8.334
7.712
9.009
9.524
9.202
8.116
7.516
9.792
7.611
8.218
8.209
7.808
9.110
7.601
8.309
8.807
8.609
8.610
8.118
9.499
8.806
9.709
7.718
7.598
8.011
9.213
9.901
10.007
8.009
8.708
10.019
8.908
8.910
8.910
8.497
8.218
9.713
8.503
8.010
7.507
9.409
8.909
7.708
8.607
9.110
8.707
9.910
7.801
9.818
8.053
10.010
8.816
7.809
7.599
8.908
8.415
9.560
8.896
8.318
7.499
7.509
8.319
9.107
9.101
9.909
7.518
9.909
9.812
8.504
7.808
9.809
7.998
9.419
7.597
9.109
8.617
8.910
9.007
8.999
8.818
9.710
8.900
7.508
10.009
9.308
9.214
8.312
8.899
8.217
9.400
9.108
8.309
7.808
8.116
9.899
7.809
8.316
9.911
7.507
9.509
7.607
9.810
10.009
9.809
10.010
9.110
8.298
9.099
7.997
10.117
7.718
7.610
9.108
8.007
7.711
8.507
9.909
8.608
9.913
8.005
8.107
9.009
8.802
8.416
9.808
8.909
8.700
8.107
8.709
8.820
7.497
9.118
8.700
7.718
9.009
8.810
9.310
9.885
7.705
10.010
9.799
8.219
7.500
9.029
8.922
7.908
10.009
8.709
9.009
9.799
9.210
9.608
8.988
8.216
8.108
8.919
9.800
9.408
9.719
8.599
8.329
9.890
7.817
9.508
7.588
9.305
8.521
9.291
9.118
8.698
9.209
9.007
9.618
9.425
7.902
8.418
9.909
7.800
9.616
9.004
7.711
9.011
8.806
9.412
9.919
9.395
8.208
9.810
8.962
7.822
8.296
9.910
7.617
8.708
9.608
7.732
7.958
8.020
9.698
9.719
9.410
9.109
8.617
9.004
8.418
9.201
7.519
8.408
9.723
9.894
10.015
10.005
8.804
8.913
9.325
8.791
8.208
7.607
8.714
9.919
7.915
9.511
9.717
8.194
8.320
9.205
8.609
9.037
9.900
8.317
8.602
9.412
9.913
10.006
8.209
8.401
9.319
8.407
9.406
9.004
8.217
9.584
9.108
9.718
8.300
8.321
8.410
9.194
8.619
9.608
9.015
9.003
9.301
8.927
9.899
7.708
8.207
8.508
9.201
8.118
9.510
7.999
9.917
9.309
8.103
8.215
7.801
7.517
9.107
9.709
9.011
9.898
9.356
8.008
9.703
7.508
9.008
8.101
9.322
7.696
7.816
8.416
9.208
9.808
9.809
9.099
7.719
8.198
7.748
9.401
8.805
9.718
7.506
8.806
9.112
8.321
9.503
9.407
8.400
8.717
9.303
7.506
8.709
8.518
8.299
8.416
8.812
9.998
9.216
8.263
7.704
9.508
9.117
9.610
9.499
9.107
8.816
9.708
9.808
9.016
9.208
8.709
8.600
9.516
10.014
7.803
7.700
9.417
9.817
8.594
8.015
9.200
8.768
9.509
7.605
9.511
7.800
9.107
9.617
9.515
9.794
9.809
9.115
8.900
9.473
8.499
8.108
8.122
8.294
8.018
9.719
7.506
9.202
8.409
9.527
9.103
8.920
9.921
8.387
8.709
8.509
9.117
8.009
9.916
8.599
8.322
9.552
8.845
10.007
9.026
8.398
9.701
8.811
7.516
8.700
8.317
8.700
9.321
8.905
9.606
9.809
8.702
9.808
9.117
9.699
9.419
8.103
8.608
9.416
9.012
10.007
8.007
8.321
7.887
7.813
9.508
8.718
10.008
8.568
8.811
9.198
9.409
8.509
8.117
9.598
9.910
8.916
8.301
9.220
7.704
8.000
9.117
9.009
7.900
8.218
8.799
9.814
9.006
7.519
9.094
8.217
7.610
9.907
9.009
8.008
7.619
8.601
9.412
7.799
9.616
8.199
9.510
9.007
9.425
7.502
8.699
9.218
8.910
9.499
8.518
9.299
10.011
7.804
8.418
7.800
8.722
9.705
7.714
7.615
9.911
9.609
8.300
10.075
9.407
9.801
8.110
9.716
8.692
7.723
10.001
8.221
8.408
9.601
9.817
7.910
9.799
8.518
9.602
8.617
7.909
8.197
8.093
8.107
8.617
9.000
8.610
9.917
8.902
9.116
9.900
8.712
8.815
8.224
8.891
8.118
8.102
9.798
7.911
9.208
9.909
8.109
7.507
8.400
7.618
9.799
8.859
10.000
8.418
8.599
8.716
8.908
9.400
9.316
9.701
7.909
8.518
8.400
7.618
9.911
10.006
10.017
8.702
8.705
8.315
7.698
9.509
9.217
9.999
10.013
8.309
10.019
8.002
8.307
8.411
8.306
8.312
9.936
8.409
9.217
8.414
9.713
8.206
7.710
9.137
8.010
8.156
7.502
9.008
8.313
9.908
9.108
8.465
8.856
7.807
9.201
9.016
10.001
8.509
9.106
7.508
9.408
9.109
8.209
7.808
7.609
9.109
8.810
10.008
10.019
8.001
8.406
9.808
8.910
8.809
8.916
9.501
9.506
8.907
8.609
7.808
9.014
7.603
8.908
7.909
8.117
8.309
9.609
8.309
9.312
8.720
8.299
8.816
7.699
9.120
9.405
8.008
8.107
8.120
7.897
8.208
8.809
9.007
8.008
7.908
7.809
9.621
10.000
10.015
8.407
8.622
7.901
7.497
8.914
9.412
7.898
9.622
7.796
7.508
8.008
9.618
8.910
8.806
8.400
9.313
7.811
7.917
9.804
8.608
8.511
7.613
9.601
9.911
9.413
7.504
7.708
9.708
9.809
7.709
9.808
8.109
9.010
7.607
8.408
7.807
9.716
9.000
7.509
10.010
9.217
7.999
9.808
8.008
9.407
8.317
10.002
9.906
8.708
9.719
8.708
9.701
7.518
8.200
9.716
9.400
8.409
7.507
9.209
8.116
7.908
8.902
8.908
9.415
9.015
9.995
10.009
8.910
9.006
10.016
8.999
8.307
8.008
8.710
9.117
7.501
9.518
9.012
7.499
8.110
8.939
8.910
8.007
8.909
9.689
7.819
8.400
8.109
8.107
7.509
8.916
8.500
9.138
7.819
8.108
8.207
7.708
8.009
9.608
9.408
8.109
8.608
7.716
8.635
9.819
9.298
8.809
9.509
8.215
9.110
7.699
9.817
7.910
8.410
8.665
7.702
8.876
9.708
8.309
9.408
9.915
9.803
8.008
8.907
7.718
8.800
9.762
8.111
9.300
9.209
7.515
10.002
7.913
7.705
8.707
7.911
9.709
7.708
9.908
8.009
9.308
7.708
7.818
9.898
8.742
9.118
7.501
10.010
8.807
8.609
9.515
8.617
8.298
7.617
7.503
8.720
8.996
9.918
9.297
8.294
9.004
9.307
8.317
9.715
9.704
9.798
7.606
9.310
10.008
7.506
7.509
9.467
7.707
7.809
9.410
8.907
9.408
9.516
9.009
8.300
8.009
8.616
9.500
9.009
8.811
9.709
7.630
7.686
9.514
9.414
8.396
8.618
8.908
9.501
8.209
8.510
9.312
8.409
8.018
9.298
8.408
8.010
8.809
8.720
8.495
8.109
7.707
7.816
7.500
9.603
8.920
8.200
8.016
8.307
9.917
9.367
8.144
9.999
9.517
7.699
9.618
8.117
9.004
8.399
7.519
10.002
9.615
9.401
8.316
7.508
8.602
9.316
8.208
9.909
8.110
9.211
8.119
8.508
9.598
8.219
7.898
8.417
9.110
8.509
9.409
9.028
7.709
7.609
8.909
10.009
7.800
8.609
8.016
9.509
9.574
8.202
9.408
9.309
7.508
7.717
9.309
8.805
9.712
7.501
8.810
8.010
9.201
9.406
8.904
8.909
7.715
9.401
10.020
9.403
7.809
9.508
8.501
8.216
9.616
7.526
8.293
7.527
8.708
8.801
9.816
8.309
9.706
9.112
7.508
9.938
9.317
9.610
8.599
9.107
9.814
7.511
9.501
9.112
9.716
8.398
8.013
7.505
7.909
8.106
9.617
8.208
7.810
8.035
9.112
9.909
8.100
10.017
7.600
9.318
8.940
9.912
7.699
8.617
9.110
8.007
8.399
8.418
7.501
9.817
7.687
9.819
10.003
9.754
8.812
9.605
8.007
9.502
9.708
8.409
7.817
9.201
9.317
8.147
10.004
8.508
8.110
8.008
8.612
8.211
10.008
7.517
8.212
7.608
8.811
9.909
8.316
9.702
8.408
8.317
9.608
8.604
8.314
9.595
8.415
9.602
9.108
9.015
9.209
8.912
7.499
9.518
8.308
9.307
7.510
8.200
8.017
8.207
8.711
9.107
9.120
8.814
9.307
7.509
9.111
8.208
7.508
10.016
7.900
8.419
8.225
7.600
9.601
9.098
9.720
7.900
8.718
9.008
9.401
8.026
7.792
9.517
7.509
8.614
8.895
7.719
9.308
9.608
8.609
8.108
8.907
7.910
9.400
8.127
7.902
8.510
8.906
8.115
8.615
9.504
9.018
9.307
9.607
8.525
8.391
9.510
9.107
9.810
8.406
8.576
7.814
8.709
8.099
8.009
7.517
9.513
8.397
9.525
9.295
9.823
7.599
8.119
7.599
9.718
8.909
8.209
8.326
7.703
8.808
9.410
9.911
7.952
8.707
9.701
9.107
9.868
9.100
8.216
9.896
10.008
9.422
7.707
8.797
7.616
8.409
8.798
9.817
9.300
8.319
9.008
9.009
8.600
9.617
9.301
8.222
8.495
7.648
9.109
8.909
9.113
8.406
9.077
9.507
9.809
8.602
8.815
9.610
7.796
9.720
9.508
7.908
9.015
9.694
9.217
9.108
7.997
8.024
8.804
9.999
9.007
7.809
9.208
7.519
7.499
8.419
8.208
8.509
8.802
9.819
7.612
7.806
8.410
9.109
7.506
8.122
7.808
8.802
7.827
8.107
8.418
9.808
8.500
7.517
9.618
7.598
9.416
7.502
8.353
8.223
7.504
9.806
8.508
9.200
10.059
8.887
7.698
8.211
10.017
9.013
8.093
7.517
9.601
9.209
9.110
9.608
9.920
9.443
8.499
7.830
10.041
9.608
7.808
8.607
9.617
9.909
8.801
8.819
7.604
9.815
9.502
7.607
9.809
8.208
9.503
9.720
9.708
9.897
7.807
9.618
8.907
8.708
9.699
8.618
7.881
8.901
8.319
7.809
8.300
9.309
8.432
8.393
9.008
8.710
9.818
8.506
8.512
8.497
10.008
8.611
8.406
9.609
8.933
8.109
7.898
8.320
7.810
7.510
8.205
8.299
9.908
9.818
9.500
9.510
8.508
7.520
8.496
9.308
8.019
9.299
8.711
8.915
7.900
7.618
7.567
7.601
8.807
8.837
8.801
8.912
7.497
9.717
8.601
9.024
7.800
9.301
10.018
8.107
9.301
8.309
9.117
9.297
8.218
8.807
8.899
9.208
8.817
10.007
8.711
9.522
9.208
9.801
8.716
9.801
7.566
8.816
7.500
8.819
7.572
8.809
7.869
7.802
8.729
8.996
9.309
9.017
8.199
9.419
9.808
7.600
7.708
8.808
9.507
8.419
7.506
8.317
7.799
9.010
8.216
8.902
8.717
7.608
8.812
9.856
7.508
8.701
8.711
7.623
7.701
8.799
9.109
8.016
9.412
7.713
9.502
8.514
9.400
7.817
7.851
9.207
8.008
8.207
8.101
7.616
9.209
8.309
8.721
9.497
7.512
9.408
8.502
8.717
9.723
9.687
8.608
9.708
8.627
9.801
9.997
8.816
8.705
9.122
9.504
7.900
9.311
9.217
9.113
8.748
9.506
9.719
7.914
7.595
7.820
8.713
7.709
9.502
9.823
9.102
9.188
9.823
8.406
7.643
8.614
8.205
10.011
9.911
8.006
8.699
9.821
7.996
7.619
8.497
9.619
9.714
9.095
9.056
9.011
8.412
7.794
8.409
8.008
8.517
8.821
8.303
9.712
9.198
8.018
9.599
8.208
9.615
9.313
9.308
9.921
7.999
10.010
7.499
7.819
8.199
8.706
7.609
8.707
8.909
8.830
8.387
8.708
8.010
7.601
7.600
8.908
7.907
8.709
9.609
8.916
7.610
7.900
8.708
9.427
8.403
8.314
7.498
8.116
7.700
9.609
8.220
8.313
9.709
8.205
8.800
7.810
9.620
8.899
9.208
8.616
7.839
7.498
10.023
8.394
7.621
7.697
10.011
8.263
9.010
9.609
9.812
9.309
10.010
8.420
8.597
8.524
9.394
8.933
9.299
9.697
8.466
10.014
8.110
8.013
8.307
9.399
8.420
8.103
8.304
7.508
9.219
8.807
7.811
9.260
9.715
8.114
9.594
9.912
8.802
8.716
9.418
8.695
8.021
9.502
9.621
9.116
8.110
9.221
7.909
9.903
8.819
8.802
7.511
9.622
9.610
8.318
8.913
8.111
8.924
9.898
8.308
8.298
8.708
8.608
7.610
8.533
9.433
9.707
8.308
8.307
8.411
7.806
9.527
8.906
10.011
9.329
7.908
8.008
8.410
8.610
8.108
9.909
7.510
8.108
9.409
9.608
8.957
8.211
7.807
8.022
8.303
8.708
8.810
9.516
9.812
9.110
8.113
9.420
8.709
9.212
7.611
9.610
9.510
9.711
8.607
9.511
8.910
9.309
7.613
10.011
7.839
8.207
9.816
8.010
8.811
9.113
7.809
7.910
10.008
8.110
8.609
8.209
9.308
9.909
7.807
9.409
9.109
8.706
8.609
7.709
7.809
8.908
7.510
9.812
8.548
8.574
9.416
7.512
8.005
9.829
10.008
8.506
7.913
9.710
9.111
9.307
8.909
9.406
9.906
8.909
10.010
8.408
9.812
9.310
8.488
7.809
8.509
10.008
9.011
9.809
7.809
9.309
8.606
7.806
9.217
9.908
9.207
8.810
7.507
9.709
8.506
7.709
8.206
8.912
9.909
10.008
8.308
9.008
9.313
8.303
8.011
9.209
9.206
7.728
8.608
7.506
8.213
9.807
7.607
9.707
9.709
8.008
9.107
8.349
8.507
8.518
8.300
7.606
9.808
8.307
7.508
8.407
8.509
8.406
10.008
8.624
8.305
8.508
7.706
7.707
9.317
8.208
9.607
8.710
8.612
8.202
8.908
9.407
8.121
9.112
9.207
7.808
9.610
8.506
8.608
8.008
9.513
9.609
8.408
9.410
8.006
8.608
7.707
9.108
9.506
7.608
7.809
7.907
8.820
8.009
8.107
8.108
8.908
7.608
9.307
10.009
8.507
8.109
9.508
9.221
9.706
8.709
9.507
9.410
9.709
8.209
7.606
9.108
7.708
8.708
8.609
8.207
9.809
8.811
10.010
9.409
9.106
7.907
9.810
7.907
8.408
8.011
8.528
9.808
8.309
7.908
10.009
9.409
8.707
9.408
8.580
8.590
8.010
8.107
7.907
7.845
8.810
8.207
9.630
9.214
9.424
8.111
7.507
9.308
9.654
7.506
8.610
8.708
7.907
8.307
9.108
9.108
9.020
7.711
9.006
9.909
8.306
8.905
9.208
9.509
8.307
7.809
8.006
9.008
8.408
8.706
9.409
9.908
9.410
8.910
9.010
9.009
9.606
9.210
8.207
9.110
9.210
9.410
7.905
9.907
7.807
9.706
9.109
9.607
7.508
8.091
9.417
8.304
9.510
8.707
7.807
7.909
9.008
8.510
9.406
7.506
9.711
8.707
9.908
9.308
7.808
9.006
8.209
7.510
8.107
9.110
9.307
7.506
8.639
9.802
7.508
9.251
9.608
9.107
8.707
9.709
9.809
8.208
7.908
9.429
9.407
8.406
9.815
8.306
9.713
9.207
8.508
9.307
7.807
8.308
8.509
8.306
10.010
9.487
8.309
8.297
8.711
7.607
8.406
9.807
7.509
8.612
9.107
9.608
7.810
7.706
9.209
7.607
8.409
9.909
9.509
7.710
8.205
9.309
8.708
8.008
8.657
9.717
9.939
8.900
8.103
8.507
9.808
8.207
8.109
8.226
9.206
9.308
8.307
7.509
9.210
8.308
8.909
8.311
7.908
9.223
8.705
9.685
9.310
9.937
9.611
9.011
7.708
8.010
8.476
9.203
8.508
9.508
9.026
8.307
8.308
9.710
9.607
8.211
8.009
7.606
9.009
9.709
9.641
10.009
10.010
8.908
8.507
8.854
9.908
8.910
7.908
8.608
8.608
10.008
8.607
8.208
8.908
8.807
8.709
9.806
8.112
9.707
9.209
9.709
8.227
7.649
9.509
7.908
8.608
10.006
8.008
7.708
9.908
7.715
7.817
9.809
9.108
8.828
8.502
9.010
7.609
9.107
7.712
9.012
9.009
8.809
9.750
8.008
7.709
8.508
7.909
8.407
8.308
9.838
8.308
9.208
7.608
7.607
9.609
8.708
7.508
7.708
9.107
9.909
7.908
9.406
9.609
9.809
8.208
8.208
9.006
8.513
7.513
9.105
10.007
9.209
8.009
9.810
9.807
8.426
8.416
7.805
9.511
9.308
7.609
7.606
8.408
7.710
7.708
8.210
9.109
8.013
8.409
8.310
7.808
8.915
7.606
7.609
8.808
8.508
8.508
7.608
9.611
8.509
9.409
9.710
7.709
9.909
9.709
7.607
8.408
8.009
7.909
8.112
10.013
8.211
8.255
8.411
8.606
8.712
9.307
7.808
9.207
7.608
8.608
9.509
9.008
9.010
9.809
7.918
10.007
8.310
8.007
9.708
9.309
9.909
9.410
9.508
9.909
9.009
9.807
8.309
9.509
7.708
9.110
9.507
8.609
9.807
8.008
9.807
8.606
9.809
7.507
7.706
7.509
8.707
10.008
9.310
7.606
9.710
9.708
7.709
7.908
7.707
10.008
10.009
7.567
9.508
9.682
7.608
8.420
9.433
8.608
8.007
9.701
7.666
7.608
8.109
7.507
8.309
8.007
8.709
8.209
8.305
9.108
8.309
9.509
9.009
7.508
9.811
8.909
9.706
7.606
9.509
9.910
7.511
9.410
7.609
9.509
9.010
7.709
8.007
8.340
8.809
8.806
8.009
8.913
9.109
8.843
8.908
10.010
9.409
7.707
8.310
7.608
9.406
9.109
9.809
8.306
9.308
9.710
9.907
9.207
9.810
9.407
9.209
7.508
8.709
9.306
9.709
7.857
9.715
7.910
8.625
8.407
9.211
9.307
10.008
8.415
8.109
9.112
8.308
7.607
9.310
9.409
8.002
8.808
8.610
7.805
9.923
7.920
7.608
9.709
9.606
7.590
9.010
8.707
7.608
7.912
8.205
10.009
8.210
7.806
7.808
9.608
9.007
9.708
8.814
9.105
8.007
9.608
8.108
8.907
9.919
7.608
8.410
7.906
8.909
9.614
8.210
8.705
7.509
8.507
8.610
9.809
8.607
7.507
8.709
8.811
8.107
9.410
8.706
8.910
9.907
9.007
8.611
9.006
8.607
7.508
8.110
9.406
9.709
8.910
8.232
9.710
9.008
9.307
7.610
8.104
8.709
8.507
9.510
9.006
9.810
8.009
8.707
8.309
8.307
7.509
9.808
9.107
9.607
8.508
7.908
9.509
7.609
9.207
8.607
9.008
9.308
9.266
8.310
9.110
8.309
9.211
8.729
10.009
8.608
9.006
8.008
10.009
7.709
7.707
8.907
10.007
8.409
7.809
8.418
9.412
7.812
8.107
8.509
10.007
9.306
9.110
9.614
9.709
8.314
8.108
8.874
7.509
7.507
9.810
9.305
8.314
9.108
8.107
8.225
7.603
9.909
9.008
7.511
7.507
9.409
9.207
7.607
7.709
9.552
8.509
9.739
10.008
9.309
8.307
9.980
8.913
9.917
9.607
8.608
8.107
7.709
9.909
8.309
7.907
9.809
7.506
8.709
8.884
8.407
9.609
8.909
8.207
8.710
9.110
8.206
8.008
8.208
8.352
8.308
7.808
9.510
8.112
7.808
8.908
9.108
7.608
7.610
8.984
10.002
8.708
9.808
7.609
8.708
8.010
8.232
8.408
8.307
9.612
9.708
9.208
9.107
8.764
9.909
8.008
8.008
8.208
8.508
8.910
9.206
9.507
9.308
8.608
7.708
9.608
7.607
9.308
9.910
8.008
8.208
9.808
9.409
8.110
7.512
8.109
8.609
8.210
9.209
9.607
7.708
9.109
8.707
9.610
7.908
8.708
7.707
8.408
9.407
8.710
9.913
8.508
8.410
9.109
9.606
8.610
8.810
10.011
8.110
8.611
7.943
9.009
8.409
9.807
9.609
8.410
8.008
8.311
9.409
9.808
7.908
9.807
8.806
9.109
9.507
9.207
7.810
9.708
7.807
9.919
8.599
7.610
8.409
9.511
9.407
8.107
8.207
8.308
8.009
8.807
9.408
8.409
7.708
7.909
8.208
10.012
9.107
8.816
8.309
8.408
8.704
8.708
8.315
9.911
7.909
7.807
9.312
8.409
7.609
9.609
8.308
8.708
10.006
9.207
8.363
9.407
9.808
9.108
7.608
7.808
7.811
9.509
8.908
8.323
10.008
9.608
8.222
9.007
8.509
9.214
7.504
9.812
7.808
8.311
9.707
8.388
8.807
9.109
9.408
9.008
8.609
7.606
7.808
8.609
9.308
8.709
7.985
9.306
7.708
8.208
9.609
8.208
7.612
8.407
9.210
7.709
8.210
7.644
9.411
9.408
9.309
9.647
9.109
9.709
7.906
8.909
8.111
9.411
7.907
10.007
8.314
9.209
7.608
8.708
7.710
9.612
7.509
8.310
8.821
7.710
9.011
8.509
8.609
9.410
9.707
7.809
9.855
7.984
7.910
9.210
7.508
9.719
8.908
9.108
9.565
9.510
8.207
7.510
8.907
8.608
7.715
9.910
7.807
8.012
8.509
8.207
7.709
8.708
9.316
9.309
8.908
8.314
7.708
7.507
7.510
7.612
8.008
7.508
8.047
8.446
9.409
8.009
8.300
8.208
9.908
7.711
7.804
8.010
7.911
9.109
9.109
8.107
9.108
9.608
8.808
7.811
8.009
9.107
9.011
9.805
8.307
7.908
8.164
8.713
8.104
8.409
8.807
8.608
8.408
9.310
9.714
7.707
9.914
7.802
8.408
9.909
8.209
8.808
7.809
8.706
8.010
9.607
9.534
9.710
9.209
8.508
10.009
9.907
7.708
8.909
9.610
8.507
9.511
7.807
9.912
7.708
8.708
8.608
8.810
9.608
8.107
8.608
9.809
8.108
9.209
8.410
7.908
9.910
9.711
8.205
8.707
7.711
7.706
8.410
7.507
9.609
9.610
10.009
9.409
9.808
9.009
9.109
8.408
8.507
9.508
8.208
8.908
8.109
9.608
7.909
7.907
7.608
9.010
7.607
8.209
8.310
8.706
8.809
8.407
8.407
9.509
9.809
8.807
9.911
8.107
9.008
9.509
7.808
8.909
9.008
7.507
8.008
8.308
8.408
9.206
7.708
9.407
8.108
8.508
8.909
8.508
8.909
9.207
7.608
9.397
7.508
8.509
7.909
8.809
9.409
9.009
8.409
9.108
7.910
8.303
10.008
9.409
7.808
7.708
8.408
9.415
7.803
9.009
7.698
8.909
8.108
8.010
8.406
8.909
9.011
10.008
9.910
8.109
9.307
7.510
9.907
9.308
8.509
7.985
8.105
8.009
9.507
9.108
9.608
7.508
9.908
9.708
9.508
7.610
10.009
7.807
9.709
7.909
9.508
10.009
9.509
7.608
7.909
7.909
9.007
9.709
8.007
9.111
7.910
10.006
9.307
7.713
9.108
7.910
8.311
9.905
8.410
7.908
9.109
8.118
8.007
8.910
7.807
7.613
9.309
7.710
7.910
9.107
8.308
10.009
9.107
7.714
7.709
9.508
8.347
9.398
9.323
9.108
8.610
9.707
8.907
7.807
7.509
8.112
8.204
8.409
8.109
9.318
9.009
9.805
10.008
9.508
8.806
7.710
9.607
8.009
8.109
7.707
9.908
8.949
7.806
8.911
9.309
8.232
8.510
7.808
7.508
7.807
9.409
8.708
10.018
8.211
9.206
7.511
9.003
10.011
8.671
9.708
9.259
7.509
9.419
9.308
9.807
8.307
9.506
9.508
8.910
7.707
9.708
8.911
9.105
7.609
7.708
8.607
8.310
8.705
8.909
8.609
9.005
8.208
10.008
9.238
9.110
9.109
9.207
8.007
9.210
7.706
7.809
8.407
7.909
9.904
7.610
7.609
8.210
9.906
9.709
9.808
7.510
9.508
8.609
9.405
9.708
8.808
8.107
8.111
10.009
9.507
9.208
9.208
7.810
9.120
8.405
9.609
8.406
7.702
7.514
7.509
8.008
8.106
8.609
8.407
7.910
9.012
8.700
8.608
8.807
8.210
8.306
9.010
7.612
9.459
8.508
10.008
8.316
9.102
8.110
8.509
8.712
9.801
7.609
9.008
9.108
8.608
8.508
10.010
8.710
8.809
7.610
9.408
9.408
8.809
7.722
10.008
7.708
8.808
8.621
9.309
9.819
9.493
8.309
7.508
9.008
9.408
7.608
10.009
8.408
8.210
8.407
9.909
8.209
8.712
9.005
9.809
10.007
7.507
9.908
8.808
9.008
10.009
8.107
8.508
8.908
8.408
8.406
9.110
9.905
9.509
8.408
9.808
9.109
9.307
10.009
8.210
8.605
7.509
8.112
9.706
8.508
9.406
9.805
9.207
8.109
8.708
9.108
8.119
8.908
9.161
9.409
7.852
9.209
7.508
9.007
8.107
8.608
9.913
9.704
8.616
9.610
8.309
8.507
8.813
7.508
8.406
9.707
8.809
8.708
7.911
8.610
9.709
9.716
8.304
9.009
7.808
9.507
8.007
8.608
8.307
9.896
7.908
8.905
9.006
8.110
7.709
9.510
9.408
7.709
9.408
8.208
10.008
7.608
9.310
8.730
7.803
7.606
8.308
9.109
8.808
9.009
7.609
8.608
8.608
8.610
7.507
9.108
8.011
8.205
7.608
9.011
7.910
8.307
7.712
9.508
9.113
8.106
9.010
8.707
8.408
8.507
9.409
8.509
8.608
8.513
9.802
9.108
8.846
8.207
8.146
7.701
9.710
8.407
8.808
8.508
9.808
8.807
7.707
7.709
9.709
7.907
9.508
7.508
8.908
9.708
9.613
8.109
8.046
8.708
9.307
9.107
9.766
8.810
7.506
8.407
7.508
10.008
10.008
8.812
8.295
8.305
9.107
8.008
9.310
7.808
9.207
9.012
9.408
9.577
9.507
9.008
7.527
8.910
9.309
9.108
8.711
9.095
9.708
9.310
7.859
9.210
8.211
7.607
7.908
8.508
8.507
8.187
8.407
8.707
9.510
9.306
9.508
8.708
9.908
8.908
9.209
9.209
8.109
8.508
8.607
7.708
7.710
8.809
9.110
9.761
7.810
7.908
8.812
7.508
9.707
9.308
9.408
8.009
9.406
10.008
9.009
8.007
8.127
7.605
9.308
7.508
9.408
8.910
8.907
9.407
7.709
8.007
8.609
8.508
9.308
9.707
8.707
9.516
8.507
7.921
9.307
9.007
8.409
8.209
9.206
8.208
10.007
8.507
8.713
9.307
8.515
7.907
10.008
9.310
8.008
9.208
9.509
9.908
8.009
8.306
9.308
8.408
8.808
8.008
9.509
8.006
7.612
8.410
7.604
8.813
8.807
9.607
7.809
9.706
7.709
9.512
7.806
7.608
8.210
9.208
9.608
9.406
9.809
9.509
8.609
7.907
8.808
8.009
7.808
9.381
9.007
9.809
7.768
7.707
7.707
9.908
8.508
8.012
8.107
8.808
9.609
9.409
8.407
7.512
9.265
8.606
9.509
9.708
9.008
7.811
8.944
8.701
9.711
8.809
8.476
8.201
9.309
9.707
8.910
9.806
9.010
7.809
9.508
9.450
8.403
9.909
9.408
9.308
7.807
10.011
8.005
7.509
9.609
9.108
7.510
8.906
7.910
9.808
8.606
9.409
7.510
7.607
8.207
9.810
8.907
9.108
8.108
8.203
9.010
9.810
7.806
7.909
7.507
10.012
10.012
8.508
9.808
9.509
7.707
7.808
9.608
8.507
7.809
9.109
7.508
8.115
8.212
7.909
7.807
9.330
10.004
7.808
9.406
8.208
7.709
8.407
10.010
8.609
9.108
8.909
8.309
9.606
9.581
8.509
9.809
9.609
9.608
9.768
9.009
10.009
10.009
8.604
8.411
8.007
7.806
8.610
8.609
8.559
9.109
8.906
7.710
9.107
9.408
9.813
10.005
9.909
8.206
7.509
8.406
10.009
9.006
9.208
9.509
8.666
7.807
9.408
8.207
9.908
9.108
9.721
7.538
9.007
8.211
8.408
9.706
8.609
9.660
8.397
9.809
8.706
10.006
7.508
7.909
9.406
9.810
7.805
9.212
7.908
7.806
7.509
8.008
9.507
9.410
7.509
8.106
9.907
9.409
9.008
10.008
8.608
8.611
10.008
7.808
9.608
8.508
10.008
8.306
8.124
8.419
8.007
9.507
8.508
8.207
9.909
7.808
8.007
7.808
9.710
8.607
8.308
9.908
9.264
8.008
9.409
9.406
8.608
9.317
8.903
7.707
9.208
7.508
9.006
9.107
8.010
8.510
7.507
7.907
9.508
8.310
9.007
7.708
7.709
7.509
8.442
7.758
8.004
9.109
8.008
7.708
7.909
9.110
7.509
9.811
9.608
9.508
9.107
8.308
8.908
8.107
8.557
8.008
8.309
10.005
9.810
8.807
8.710
10.009
9.509
8.307
8.511
8.404
8.506
8.711
8.611
9.506
9.209
9.407
8.737
9.706
9.685
9.109
8.907
9.807
8.808
8.407
9.409
8.010
9.208
8.304
8.760
7.607
8.907
9.707
7.808
8.821
8.508
9.028
8.796
7.903
9.810
9.807
9.034
8.506
8.608
7.827
7.908
7.710
9.708
9.309
7.608
9.407
8.428
9.007
9.308
9.710
7.609
8.706
7.708
9.311
9.607
9.109
9.709
8.709
8.752
10.095
10.007
9.908
9.108
8.935
7.941
9.006
8.609
9.519
10.031
10.014
10.002
8.004
7.809
9.637
9.910
7.909
9.121
8.200
9.707
8.308
8.013
9.808
9.709
8.407
9.208
9.308
10.009
8.809
7.906
8.909
8.908
8.011
8.717
7.907
9.510
9.212
9.508
8.207
8.810
9.608
8.110
8.707
7.608
8.708
8.407
7.608
9.308
10.008
8.508
9.008
8.208
9.007
8.807
7.909
10.008
8.010
9.905
7.508
9.510
7.922
8.904
8.409
8.407
7.810
9.008
7.808
9.511
8.607
8.609
8.284
8.201
9.413
9.605
8.507
8.008
7.910
8.608
9.909
7.809
9.611
8.907
8.708
8.710
7.905
9.309
8.605
8.410
9.107
8.909
8.026
9.709
7.907
8.909
8.108
8.206
7.910
8.632
7.608
9.210
9.912
8.507
9.906
9.310
8.206
8.308
10.008
8.608
9.608
10.081
9.106
9.108
8.910
8.005
8.008
9.308
9.808
9.112
7.913
9.107
8.108
8.358
8.718
8.601
10.006
9.508
9.311
8.008
8.105
9.710
9.708
7.906
8.328
9.698
9.907
9.109
8.009
7.507
7.809
7.807
10.009
9.709
9.608
9.008
7.701
7.517
8.206
7.509
9.409
8.798
9.314
10.009
9.810
8.207
8.710
9.707
7.608
8.094
7.808
8.410
7.813
10.012
9.108
8.807
9.708
8.909
8.006
7.909
8.908
8.607
8.208
9.109
8.207
7.709
8.007
8.508
7.809
9.006
8.510
9.708
7.606
8.010
9.806
7.510
8.721
8.507
9.707
8.811
9.206
7.670
10.009
9.526
7.603
9.010
8.407
9.812
8.008
9.019
7.610
9.708
7.706
8.509
8.711
8.406
8.808
9.208
9.408
9.308
8.106
8.007
8.962
8.506
8.509
8.606
8.508
9.910
9.810
8.407
8.909
8.909
8.507
8.810
8.508
8.806
7.909
9.508
8.811
8.410
8.608
9.105
8.008
8.810
7.605
9.260
9.910
8.907
8.609
9.408
8.107
9.209
9.909
9.707
7.808
8.611
8.406
9.107
8.410
8.208
10.009
10.010
9.660
8.609
8.708
8.107
10.010
9.111
7.707
8.708
7.782
8.832
7.710
8.207
7.708
8.007
7.606
7.525
9.407
8.711
9.408
7.606
7.885
9.411
10.006
8.413
8.111
8.605
10.007
9.118
9.311
9.909
9.210
9.009
8.606
7.910
9.805
8.708
9.710
10.057
9.908
9.909
8.909
7.809
8.318
9.109
8.307
8.410
9.317
7.956
9.610
8.806
8.264
7.511
8.296
8.412
8.408
8.806
9.515
8.311
8.102
8.711
8.327
9.808
7.815
9.508
7.807
7.609
8.106
7.610
7.708
8.207
7.708
9.210
8.714
8.503
8.407
9.707
9.412
7.904
7.511
8.906
9.208
8.510
9.108
7.507
9.410
7.505
8.909
8.810
8.507
9.609
7.610
9.406
9.309
7.907
9.011
9.812
8.250
9.806
10.008
8.508
7.906
7.607
7.810
9.321
8.612
8.908
9.007
8.110
9.606
9.210
9.758
8.708
7.609
8.708
8.709
9.707
8.909
7.804
8.403
10.011
9.907
8.706
9.308
9.310
9.407
8.409
9.110
7.513
8.109
9.007
8.709
8.809
9.312
9.207
8.007
8.009
8.107
9.712
8.609
7.510
8.908
8.208
8.909
9.210
9.606
7.608
8.908
8.507
8.009
10.010
8.407
7.808
8.908
7.809
9.707
8.214
8.715
8.706
8.444
9.511
7.808
9.705
8.211
9.613
8.807
9.009
7.509
9.614
8.606
8.808
9.912
9.828
9.507
8.708
9.410
9.237
9.007
8.407
7.611
9.606
8.508
8.510
9.907
9.909
9.007
9.710
8.006
7.808
8.574
9.007
9.911
8.807
8.805
8.009
8.508
7.508
9.710
8.710
9.706
8.307
10.008
9.508
8.409
9.606
8.308
7.709
8.806
9.909
8.912
8.907
9.612
9.907
7.609
9.408
9.707
9.310
9.358
7.909
9.709
7.711
9.608
9.508
9.308
8.310
7.605
7.707
8.509
9.911
9.208
8.308
8.307
9.308
7.906
9.208
8.909
8.807
9.711
7.806
8.809
8.413
9.408
8.306
8.408
9.509
7.807
8.109
9.017
9.603
8.708
8.608
7.517
8.206
8.211
9.310
9.209
8.507
9.744
7.609
8.508
8.807
8.508
9.310
8.106
9.110
8.507
9.708
7.810
8.308
10.006
9.109
9.207
9.308
9.908
7.608
9.008
7.710
8.444
8.011
10.011
9.858
9.206
10.013
8.117
9.907
9.209
9.811
8.307
8.908
9.908
9.680
7.808
8.510
8.809
8.636
7.610
10.010
8.241
8.102
8.217
8.110
10.010
10.006
7.600
9.818
7.707
9.112
7.607
8.800
9.709
7.806
8.518
8.825
7.682
9.152
8.819
9.499
9.008
9.620
8.499
9.009
9.120
9.008
7.705
8.101
7.618
8.089
8.116
8.305
8.611
8.803
9.229
8.499
8.909
9.507
8.602
9.307
8.509
8.796
8.005
8.317
9.120
9.199
9.619
9.425
8.411
8.303
9.019
9.913
8.001
7.606
8.890
9.911
9.108
9.024
7.893
9.422
9.502
8.400
7.907
8.307
9.920
9.799
9.508
8.721
9.210
7.942
7.895
7.809
9.355
8.601
8.621
8.503
7.711
8.308
8.010
8.636
9.100
9.522
8.684
9.813
9.850
10.009
9.609
9.111
9.114
7.606
8.465
8.814
8.805
9.030
9.884
8.619
8.693
9.210
9.917
7.824
9.714
7.937
8.316
9.119
9.091
9.408
7.509
9.319
7.606
8.306
8.115
9.413
7.712
9.205
9.198
7.713
9.318
8.918
9.499
8.608
9.120
7.809
7.499
7.819
9.607
9.797
9.122
8.195
8.927
9.097
8.814
8.714
9.606
9.606
7.710
8.607
9.227
8.001
8.012
9.496
8.817
8.600
8.918
9.203
8.008
8.208
9.608
9.807
9.608
9.007
8.520
8.809
9.600
8.508
9.333
9.097
8.219
8.396
10.018
9.912
9.994
8.709
8.510
9.520
8.509
9.007
8.198
7.617
9.501
8.819
9.605
8.402
9.906
8.617
7.700
8.008
9.318
9.991
7.808
9.108
8.801
9.018
7.799
8.320
7.496
9.909
7.506
8.409
8.231
7.563
8.220
8.300
8.966
9.508
7.811
9.906
8.419
8.711
7.656
8.101
9.995
10.010
8.908
7.523
8.494
9.318
8.010
8.008
9.110
8.509
9.608
8.096
7.507
7.508
9.122
7.710
9.912
9.206
8.608
8.221
9.204
9.609
9.109
8.208
9.208
9.609
8.212
7.511
8.205
8.407
8.067
8.411
8.307
9.613
8.405
9.608
8.808
8.911
7.768
8.108
7.609
10.007
8.711
7.608
7.623
7.712
8.007
7.507
9.477
9.112
8.409
8.708
8.809
10.009
9.507
7.909
9.710
7.707
8.110
7.912
8.603
8.610
8.819
9.698
8.319
9.906
9.396
9.713
8.966
9.630
7.703
9.008
9.555
9.121
9.346
9.622
9.299
9.808
9.820
8.700
9.109
8.210
7.517
7.799
8.322
9.564
8.511
8.016
9.710
9.109
8.598
8.518
7.913
9.909
8.104
8.713
9.697
7.618
8.514
8.503
9.755
8.900
7.709
9.309
7.907
9.508
9.008
9.832
9.325
8.812
8.600
8.307
9.720
8.599
8.819
8.121
8.300
9.820
8.611
8.109
9.105
9.925
9.101
9.505
9.709
9.909
8.309
9.508
10.008
9.408
8.208
9.808
8.408
8.609
9.008
8.909
8.008
8.020
8.808
9.807
9.512
9.908
8.009
9.364
8.603
9.609
7.506
9.410
9.307
8.711
7.507
8.316
8.700
9.317
7.909
8.410
9.399
8.818
8.000
9.548
8.308
8.909
9.394
9.410
10.009
8.424
8.199
8.219
9.108
9.500
7.994
8.721
9.507
8.716
7.908
8.299
8.218
8.011
7.599
7.617
9.398
7.808
8.716
8.009
9.907
9.310
9.108
9.199
8.226
9.952
8.617
9.006
8.900
8.010
8.618
9.110
9.008
9.309
9.801
8.030
9.008
7.808
9.308
8.609
9.207
9.911
9.409
7.572
8.030
9.840
7.712
7.508
7.508
9.109
8.309
7.522
8.319
9.901
9.217
9.133
9.911
8.009
8.204
9.014
8.500
9.309
8.019
7.709
8.799
7.916
8.410
7.909
8.209
7.610
8.998
10.008
7.618
8.612
7.609
8.202
8.316
7.801
8.209
8.581
9.611
9.010
8.607
7.902
9.110
7.907
9.722
9.101
8.618
7.807
8.010
9.908
9.910
8.698
10.008
8.609
9.118
8.404
9.203
7.520
8.612
8.109
7.600
8.810
9.408
7.716
9.701
7.661
8.109
8.009
8.910
7.808
9.801
10.031
8.208
8.799
8.008
7.901
8.002
9.218
8.409
8.610
9.208
8.210
9.810
9.299
9.517
9.099
7.609
8.610
9.117
8.944
9.401
9.208
7.807
8.815
9.411
10.008
9.112
7.597
8.217
7.901
8.007
7.909
8.019
8.900
9.418
8.813
9.507
9.912
7.893
8.015
8.614
9.799
8.706
8.624
8.996
8.311
7.608
9.318
9.600
9.408
8.209
9.120
8.496
8.610
8.086
8.003
8.717
9.693
8.434
9.611
7.785
9.120
10.020
8.513
8.127
9.288
9.806
7.518
9.111
7.811
8.008
7.708
7.497
9.420
8.798
9.007
7.812
9.109
8.318
7.499
8.415
9.221
9.200
9.611
7.795
9.719
7.697
9.210
9.507
8.611
8.704
10.012
7.812
8.614
8.401
8.520
8.004
8.130
8.696
9.719
8.399
9.506
7.520
8.641
8.815
9.015
7.505
9.409
8.194
8.511
9.408
9.118
7.807
8.516
8.806
8.196
8.408
9.022
9.894
8.050
7.813
8.605
7.915
8.102
9.916
9.005
9.392
7.906
9.799
8.223
7.706
8.109
7.602
7.712
9.397
9.116
9.416
9.712
8.391
7.525
8.299
8.009
9.299
8.717
9.212
8.008
9.407
7.699
9.719
9.197
8.321
9.997
7.922
8.938
8.393
7.815
7.903
7.698
8.414
7.602
8.406
8.612
8.506
8.768
9.019
8.008
7.799
8.308
7.617
8.899
8.508
8.577
9.613
7.711
9.698
8.818
8.397
9.224
9.005
7.996
8.321
10.006
8.197
9.009
8.909
9.233
9.484
9.519
9.410
7.803
9.810
8.012
8.939
8.412
9.409
7.805
9.013
9.914
8.873
9.101
9.020
9.796
7.707
8.510
7.616
9.913
10.009
8.505
9.000
9.207
9.217
7.511
9.116
7.510
9.006
8.105
9.202
8.617
7.702
8.899
8.920
7.506
9.513
7.693
8.408
8.810
8.209
9.914
8.700
9.511
9.205
7.666
9.199
9.422
8.793
9.537
9.483
8.808
7.908
8.607
8.110
9.816
8.600
9.708
9.909
7.708
8.025
9.199
8.820
8.206
7.910
7.807
8.418
9.900
8.007
9.620
8.919
8.898
9.409
7.498
8.317
8.699
7.807
7.608
8.124
9.305
9.607
7.516
8.011
7.601
8.615
8.807
7.599
10.013
8.516
10.010
7.797
9.217
9.109
9.208
9.905
9.814
9.512
8.508
9.600
7.716
8.009
8.399
9.123
7.503
8.626
7.600
8.816
9.108
7.916
9.604
8.412
7.704
9.600
9.119
7.804
8.409
7.904
7.996
8.404
9.125
7.994
8.808
8.218
9.916
8.102
8.198
9.617
7.702
9.425
9.300
7.899
9.919
7.907
9.809
10.043
9.195
7.524
8.703
8.313
7.907
8.209
9.402
8.109
7.905
8.619
8.699
8.909
9.317
9.316
7.500
8.201
9.916
8.809
9.113
9.905
9.608
7.509
9.503
9.810
9.408
8.609
7.995
9.508
9.219
7.909
9.408
8.402
7.806
8.219
9.408
8.199
9.108
8.727
9.092
9.722
10.005
7.698
8.717
9.210
9.503
8.792
7.505
9.503
7.677
9.408
9.309
9.707
9.400
8.609
9.710
8.906
10.009
7.518
8.300
9.110
7.809
7.817
10.000
8.310
8.720
9.302
9.006
7.909
8.109
8.009
7.720
8.121
8.408
9.013
9.797
7.908
7.809
10.033
9.924
8.078
9.287
9.242
7.809
8.803
7.916
7.686
7.710
7.800
7.619
8.710
9.701
8.126
9.315
9.819
8.921
7.912
9.289
8.107
8.617
9.906
8.803
8.806
8.112
9.816
7.697
8.017
7.602
8.313
8.012
7.623
9.012
9.819
9.508
9.299
8.817
10.009
9.541
9.065
7.914
9.829
7.802
7.494
8.215
9.616
7.498
9.509
7.721
9.306
7.710
8.823
9.308
9.136
7.517
10.000
8.819
8.006
7.912
9.098
8.912
8.409
9.199
7.710
8.410
8.743
9.709
9.708
8.817
9.308
8.799
9.224
9.297
9.315
9.510
9.898
8.908
9.714
9.526
9.306
8.905
9.800
8.231
8.097
8.804
8.410
8.003
7.709
9.117
8.511
9.307
7.808
9.599
8.615
8.213
8.101
10.010
7.931
7.695
8.706
9.909
9.211
8.154
9.104
8.509
7.722
9.100
7.518
9.910
8.597
9.320
8.696
8.508
7.618
9.510
9.806
8.499
7.519
7.597
7.607
8.725
9.403
8.097
8.419
8.099
8.915
9.106
8.100
9.509
9.512
9.322
9.511
8.705
7.510
8.603
9.703
7.704
7.819
10.001
7.491
8.930
9.086
8.923
9.920
9.190
8.425
9.805
7.885
8.606
9.910
7.907
9.811
9.396
8.610
8.307
7.528
7.601
9.907
8.116
9.604
9.405
7.501
9.008
8.217
7.609
7.721
8.004
8.007
8.102
7.816
8.299
9.717
9.610
9.699
9.619
8.918
8.210
9.505
9.213
9.290
9.409
9.710
9.217
8.696
8.409
7.571
8.910
8.508
7.510
9.710
8.197
9.409
9.807
9.717
7.710
7.515
7.605
8.201
8.209
8.208
8.708
9.020
8.009
8.199
8.718
7.509
9.611
9.611
9.597
9.007
8.909
9.109
8.620
8.007
7.899
9.711
8.218
9.410
8.108
8.310
9.053
9.006
7.813
8.896
8.812
8.117
9.106
8.901
9.017
9.899
9.820
7.911
8.808
7.807
8.678
7.609
8.000
8.409
9.813
7.716
9.900
8.809
9.326
8.622
9.299
9.810
8.409
7.507
9.309
9.019
8.499
8.409
8.194
8.865
9.914
9.414
9.410
8.907
8.307
8.608
8.900
8.009
9.015
7.997
8.517
7.708
8.019
9.107
8.598
7.910
9.322
8.607
9.407
8.607
9.944
8.911
8.514
8.205
9.108
7.900
9.917
7.502
8.901
7.909
8.818
8.798
9.913
8.456
7.893
8.367
9.507
9.316
9.012
8.603
9.900
7.519
8.809
8.109
9.310
7.606
8.509
8.508
8.916
8.102
9.832
8.782
9.508
8.416
9.715
8.509
9.007
9.809
8.509
7.809
7.599
9.811
9.314
7.633
8.077
9.718
8.615
7.692
9.222
7.604
8.999
9.008
7.809
7.860
9.613
9.695
8.107
8.316
8.208
9.500
8.950
8.199
8.422
8.296
9.118
8.110
9.307
8.110
7.808
7.899
8.607
8.111
7.608
7.808
8.508
8.515
7.701
9.607
8.920
9.598
9.909
7.909
8.714
7.617
8.400
8.518
9.907
9.009
9.517
8.099
8.408
8.319
8.810
9.606
9.402
8.021
7.801
8.705
8.811
8.311
9.111
9.919
8.903
9.416
7.898
7.524
8.017
8.299
9.718
9.515
7.990
9.711
9.932
9.186
9.909
8.209
7.811
9.918
9.912
9.801
7.906
8.408
8.214
9.407
7.906
10.020
10.006
8.208
8.809
8.709
9.009
8.010
8.803
8.115
10.000
9.423
8.216
7.910
7.808
7.900
7.508
8.309
7.608
7.516
7.604
7.606
8.415
8.012
10.006
8.219
7.707
8.100
9.220
8.706
9.999
9.609
8.807
7.514
7.814
7.613
9.071
9.511
8.109
7.918
7.507
8.211
9.806
8.209
8.909
7.510
8.808
8.899
8.515
8.910
9.008
8.609
9.008
7.499
9.117
9.001
8.318
9.600
9.807
7.606
8.208
9.716
9.716
9.502
10.011
7.620
9.811
8.910
9.901
7.911
9.308
9.909
8.817
9.208
8.201
7.606
9.410
9.616
9.299
7.819
8.417
8.390
8.910
7.616
8.399
8.009
9.318
9.408
7.709
9.009
9.529
8.407
8.599
9.408
8.009
8.715
9.711
7.817
7.500
9.511
8.220
9.510
9.399
9.706
8.609
7.508
9.918
7.898
9.808
9.317
8.208
8.200
7.644
9.899
8.319
8.702
8.021
7.704
8.109
8.209
9.202
7.516
9.100
7.910
9.416
9.609
9.209
9.108
9.909
9.401
8.722
8.204
8.912
8.009
8.117
7.611
8.315
8.099
8.306
8.018
9.911
9.206
8.909
7.608
9.009
9.964
8.852
9.515
7.500
9.409
7.607
9.209
9.716
9.399
9.910
9.217
9.209
9.007
8.409
9.201
8.517
9.709
7.624
7.495
7.599
8.217
7.702
8.616
8.809
8.699
9.216
8.799
7.818
8.000
8.918
9.599
8.131
7.601
9.007
8.107
9.809
9.408
7.510
9.416
8.909
9.909
8.510
7.998
9.009
9.519
10.051
10.009
9.109
7.510
7.509
9.414
8.393
7.910
8.218
9.908
9.108
7.508
8.608
9.609
8.207
7.608
9.110
8.809
7.709
8.311
9.507
7.600
7.618
9.500
9.518
9.008
9.313
8.208
9.807
8.425
7.596
9.918
8.300
9.420
7.498
8.512
8.922
8.396
9.106
9.626
8.203
8.300
9.617
9.498
7.918
7.800
9.624
9.501
9.108
10.016
7.710
8.699
7.619
8.008
8.110
9.606
9.611
7.530
7.716
9.508
8.603
8.004
9.407
9.708
7.509
9.413
8.108
9.210
7.826
10.010
8.906
8.720
8.200
8.711
8.121
8.600
9.208
7.819
8.302
8.408
7.719
8.510
9.699
7.831
9.188
8.001
7.610
8.817
8.200
8.009
8.409
9.319
8.805
7.802
8.907
9.009
9.629
9.878
8.100
9.927
9.708
9.798
8.508
7.809
8.411
9.311
9.009
7.508
9.608
9.808
8.612
9.817
8.401
8.217
7.880
7.605
8.918
7.909
9.108
9.599
8.423
10.003
8.808
9.918
7.706
7.906
8.909
10.008
7.609
9.519
9.989
9.817
9.225
8.598
7.705
7.718
7.889
9.211
7.708
7.509
9.097
9.117
7.503
7.716
9.809
7.797
7.809
8.611
8.407
9.517
8.309
9.508
9.601
9.914
9.403
7.516
7.709
8.209
10.008
7.815
7.885
10.013
7.707
9.800
8.515
7.985
10.016
9.109
9.908
7.975
9.108
9.149
9.510
9.320
9.399
9.418
9.601
9.718
8.200
8.112
9.305
9.017
7.599
9.019
9.007
9.719
8.999
9.206
8.018
9.110
9.750
8.300
9.117
9.899
8.269
7.716
8.000
8.218
9.409
7.802
8.825
8.592
9.417
8.198
7.808
8.708
7.710
7.609
8.511
8.490
8.409
7.907
7.611
8.508
9.408
9.109
8.301
8.616
8.299
8.806
7.519
8.104
9.918
9.309
8.084
8.124
9.507
8.585
8.918
9.006
9.010
7.648
7.508
8.317
8.518
8.001
9.698
8.808
8.366
8.108
9.915
9.385
8.799
10.017
7.898
8.118
9.310
8.806
9.206
7.713
7.708
9.408
8.308
7.518
8.799
9.010
8.319
8.200
10.007
9.721
9.708
8.917
7.518
9.900
10.012
8.708
8.108
9.597
7.687
8.909
7.996
7.518
8.108
9.108
7.600
8.609
9.908
9.449
7.506
9.011
9.596
7.720
8.508
8.106
7.809
10.041
9.609
8.801
8.213
9.820
8.597
8.017
8.811
8.604
8.103
8.716
9.899
8.709
8.307
7.607
7.510
8.952
7.706
8.413
7.915
8.002
9.613
7.800
9.910
9.522
9.510
9.707
9.712
8.207
7.707
7.599
8.107
10.023
9.111
9.009
9.717
7.708
9.601
8.518
8.810
7.808
9.699
8.818
9.008
8.112
9.247
9.215
9.510
9.299
7.518
7.610
9.808
9.506
8.013
9.909
9.108
7.510
9.699
9.017
8.198
7.518
9.311
9.103
10.008
8.418
8.008
9.935
8.907
7.702
8.318
7.697
8.011
8.116
9.108
9.708
8.810
8.398
8.908
8.418
7.601
9.005
8.708
7.608
8.600
9.108
7.609
7.817
9.408
10.009
9.510
7.699
10.010
8.809
9.317
7.520
9.912
9.902
9.917
8.608
7.710
8.308
8.798
8.310
9.016
8.010
7.908
7.898
8.908
9.518
9.009
9.309
8.409
7.699
9.616
9.700
9.520
9.748
9.997
8.815
9.801
9.515
9.102
9.907
8.409
8.605
7.519
8.200
8.309
10.009
9.510
8.613
8.409
8.400
9.608
9.911
9.007
7.608
7.935
8.111
9.708
9.516
9.899
8.005
9.717
9.300
7.809
9.107
9.111
7.721
8.109
8.998
9.918
9.910
8.808
8.420
8.290
8.908
9.309
9.410
9.018
8.708
8.127
9.908
9.706
7.619
10.003
8.802
7.806
7.807
9.300
9.907
10.017
9.308
8.010
9.600
8.777
8.310
8.916
8.002
8.809
9.507
9.509
8.800
9.519
8.314
9.809
7.709
9.908
9.201
9.619
8.798
7.924
7.607
8.865
7.698
7.910
8.717
9.009
8.205
9.308
8.416
8.239
9.209
7.611
9.009
9.017
9.111
9.796
7.819
9.598
8.708
10.008
9.009
7.722
9.421
9.999
7.687
9.819
9.799
9.318
9.400
8.517
9.909
9.701
9.907
7.516
7.600
8.719
9.198
8.318
8.176
7.818
9.209
7.523
8.103
8.119
9.008
9.702
8.118
9.501
9.416
9.307
9.617
8.402
9.711
9.105
8.316
9.809
8.799
8.318
9.307
8.109
9.299
9.119
7.809
9.316
9.403
7.906
8.210
8.707
8.917
8.817
9.316
8.037
9.037
9.912
8.698
7.924
9.708
9.504
7.506
9.117
8.893
9.608
7.609
8.611
8.616
8.409
8.515
7.594
9.218
7.699
8.208
8.710
9.425
8.716
8.217
8.901
9.404
8.818
7.505
8.300
7.808
9.383
8.921
9.306
9.315
7.702
10.010
8.901
9.714
7.614
8.094
8.721
9.804
8.199
9.817
8.499
9.411
8.362
8.674
8.703
8.511
9.595
7.508
8.021
8.394
8.218
9.610
7.696
9.717
9.901
8.726
10.000
9.102
7.717
9.505
8.504
7.910
9.619
7.499
7.717
9.702
8.216
9.000
9.606
9.109
8.905
8.134
8.409
9.897
9.420
9.897
8.420
9.110
9.895
9.107
7.508
8.010
8.707
7.908
7.706
8.574
9.112
7.807
7.714
9.410
9.994
8.918
10.009
9.498
8.908
7.910
9.419
9.808
9.398
8.917
8.912
8.404
9.698
10.079
8.330
9.113
9.809
9.419
8.113
9.691
8.621
8.297
7.809
9.809
8.722
8.009
8.464
7.793
8.612
8.808
9.910
8.503
7.656
9.815
8.198
9.309
7.609
7.520
9.198
9.709
8.919
8.230
8.300
8.835
8.202
9.107
7.828
8.090
8.418
8.649
7.901
9.515
9.499
8.319
9.508
8.299
9.010
8.012
8.831
7.499
9.609
8.606
8.799
9.708
8.609
9.508
9.164
8.702
9.720
8.310
8.607
8.710
9.010
9.405
10.000
9.918
8.400
7.711
8.009
9.517
9.109
8.399
9.108
8.707
9.417
8.779
9.499
8.416
9.318
8.306
8.597
8.808
9.643
9.911
8.608
8.119
9.508
7.910
9.399
9.108
8.908
8.110
7.807
7.817
10.000
7.718
7.906
8.502
8.208
8.621
8.104
9.999
9.717
9.709
8.599
9.108
8.421
8.006
7.599
7.809
9.008
8.709
9.306
8.618
8.599
7.821
9.197
8.009
8.218
8.734
9.918
9.601
9.313
7.618
7.600
9.418
8.007
8.199
7.810
8.917
9.301
8.409
8.816
8.910
8.300
9.908
8.111
9.417
8.117
8.208
9.711
9.799
9.516
8.911
8.298
8.218
9.410
7.708
8.907
7.803
8.908
8.708
7.522
8.409
8.996
7.818
7.707
9.801
8.517
8.393
8.608
7.701
9.217
10.015
9.403
7.614
9.994
7.704
9.510
8.200
8.618
9.301
8.217
8.000
8.173
9.221
8.898
7.717
9.441
7.909
8.008
8.504
9.414
8.007
9.400
8.309
8.417
9.601
8.217
9.399
7.817
9.502
10.012
9.800
9.554
9.409
7.508
9.609
9.708
9.609
8.017
8.209
8.819
8.700
8.913
9.806
7.812
7.725
9.903
10.009
8.206
8.008
8.407
7.507
8.509
7.780
8.505
9.610
10.010
9.309
9.209
8.008
8.808
9.212
7.908
8.405
8.508
7.907
7.912
8.305
7.606
8.428
9.099
9.206
9.826
7.907
9.007
7.810
8.406
9.012
7.706
9.107
9.508
8.609
9.306
8.108
9.009
7.909
7.707
9.108
9.909
9.412
9.726
8.610
8.707
7.606
9.510
9.913
8.304
7.613
8.102
8.617
8.705
9.708
7.705
8.709
7.806
9.411
9.005
8.710
8.305
9.209
7.721
7.708
7.709
9.707
8.608
9.209
7.708
9.012
8.403
7.614
8.507
8.007
8.908
9.709
8.308
8.608
9.507
9.108
8.709
7.507
7.708
7.506
10.008
8.119
8.710
7.708
7.508
7.608
8.908
8.509
9.306
9.311
9.012
9.703
9.110
7.511
9.006
9.313
9.009
10.012
9.405
10.010
8.110
8.306
9.609
8.909
9.409
9.209
8.207
8.210
9.208
8.609
8.209
9.310
9.211
9.711
9.594
9.407
9.809
8.307
7.908
9.311
7.711
9.406
8.914
12.157
7.012
7.689
8.610
8.505
7.809
8.149
8.608
8.408
9.115
8.308
10.010
8.607
10.007
8.112
9.310
9.310
9.412
7.717
8.615
8.805
9.909
8.484
7.839
9.807
9.309
8.720
9.004
9.517
8.206
8.111
9.008
7.709
8.711
7.596
8.909
9.008
8.368
7.608
7.507
10.009
8.608
7.608
8.511
8.516
8.339
7.995
8.009
7.805
8.412
9.306
9.129
8.405
10.007
9.807
8.109
9.281
8.708
9.906
8.909
9.607
8.108
7.900
10.004
9.400
8.106
9.114
8.205
8.811
9.206
8.412
8.908
7.808
8.508
10.012
9.008
9.509
8.108
9.831
9.894
9.009
9.005
8.905
9.909
8.907
8.808
8.109
8.211
7.607
7.909
9.817
9.721
8.505
7.705
9.612
7.969
8.209
8.810
8.608
9.809
8.020
9.707
8.605
8.510
8.408
8.722
7.611
7.804
9.310
9.907
7.809
8.209
8.707
9.343
8.210
7.709
8.208
8.909
8.707
8.330
9.523
8.620
8.102
8.209
8.907
7.915
8.606
9.610
9.207
9.822
9.508
9.910
9.611
8.314
8.309
7.906
9.513
8.706
8.513
9.009
8.513
8.808
9.908
9.921
8.208
8.106
7.610
9.008
9.509
9.007
10.006
9.110
7.508
8.110
9.809
8.907
8.706
8.408
8.714
7.806
8.326
8.113
7.703
7.806
8.909
8.710
8.519
8.610
9.994
9.605
7.508
8.308
8.209
9.912
8.406
9.008
8.107
8.711
8.105
7.708
7.612
8.205
9.409
7.814
9.009
9.107
9.309
7.607
7.609
8.106
8.007
8.410
9.016
8.407
9.008
8.007
9.811
10.008
9.108
9.707
9.408
9.307
8.108
7.711
9.307
9.008
9.455
10.005
7.610
7.643
7.815
7.908
8.403
9.710
8.311
9.908
9.009
7.712
7.503
9.107
8.309
8.215
7.707
9.909
9.308
9.206
7.809
9.092
9.104
9.411
8.806
8.607
8.810
9.513
8.802
8.107
8.617
8.408
8.209
9.014
8.507
8.507
9.607
9.431
8.409
7.902
9.310
7.507
8.207
9.509
9.308
9.111
7.618
9.509
8.909
9.408
8.609
9.411
8.508
7.635
9.001
9.909
8.908
7.710
9.508
7.907
8.311
8.209
8.811
9.209
9.908
9.810
7.707
9.509
9.410
8.811
10.005
8.607
8.808
8.209
8.006
8.007
9.908
8.307
7.508
8.906
7.808
8.808
8.306
8.808
9.208
9.807
8.608
8.010
10.006
8.206
8.407
8.522
9.008
9.709
7.604
8.808
9.709
8.007
8.407
9.008
9.310
8.417
7.709
8.208
9.108
8.407
8.810
8.909
9.207
9.010
7.893
9.507
7.708
8.807
8.415
9.407
8.507
9.808
7.608
8.606
7.966
8.506
9.807
9.610
8.409
7.609
8.607
8.010
8.106
9.509
9.709
7.607
7.809
9.908
8.507
9.607
8.209
9.808
8.707
7.508
8.908
9.209
9.510
9.406
7.909
8.006
8.909
9.109
7.708
9.009
7.810
8.405
7.708
7.607
7.935
8.608
7.709
9.208
9.309
8.587
8.706
8.909
8.807
9.208
8.908
9.910
9.029
9.808
9.808
7.607
9.815
8.710
9.307
9.408
8.008
9.708
9.969
9.409
8.909
7.806
8.608
9.207
8.709
8.809
9.308
9.306
9.909
9.707
8.508
9.307
8.407
9.911
8.307
9.709
9.009
9.708
9.709
7.910
9.404
9.509
8.208
9.108
8.308
10.008
8.407
9.008
9.809
8.407
8.510
8.654
8.708
9.610
7.807
9.907
8.507
9.607
9.409
8.508
9.507
7.808
7.709
7.807
7.811
8.707
7.607
9.307
8.307
9.908
10.010
7.821
9.565
8.309
9.608
7.906
8.308
8.121
9.407
8.010
9.113
8.007
9.409
7.709
7.805
9.707
7.897
8.809
9.406
9.709
7.509
8.808
7.608
7.709
9.309
7.986
9.008
9.708
9.908
10.010
9.508
10.008
8.007
9.113
8.310
7.506
9.509
9.308
8.210
9.006
10.007
10.009
9.710
9.304
7.809
7.614
9.108
8.306
9.007
8.508
8.109
9.008
10.008
8.207
9.488
9.508
8.808
8.506
9.212
8.926
8.509
8.708
8.808
9.007
7.711
9.806
9.299
9.961
9.206
7.508
9.008
9.209
10.007
8.807
8.407
8.008
9.022
7.507
8.806
8.107
8.709
9.509
9.607
8.807
7.810
9.108
8.207
9.209
7.613
9.809
8.007
8.809
8.405
9.509
7.907
8.807
9.509
9.809
8.606
8.609
9.907
7.709
7.708
10.007
9.110
8.910
7.910
8.008
9.109
9.311
8.607
7.921
8.710
8.309
9.208
9.012
7.507
10.012
8.308
7.810
9.709
9.014
9.108
8.108
8.511
9.708
9.611
8.107
9.509
8.209
9.205
9.512
8.613
9.712
9.408
7.608
8.716
9.907
8.310
7.907
9.311
9.612
8.312
7.906
8.009
10.009
9.609
8.107
9.913
8.106
8.409
9.808
9.644
7.708
8.013
8.222
9.911
7.525
8.807
9.517
8.399
8.210
9.108
9.607
7.810
8.510
9.907
9.008
8.508
8.208
9.412
7.706
7.909
7.810
8.306
8.512
7.709
8.006
9.312
7.808
8.610
7.611
7.707
8.209
7.807
8.210
8.909
7.908
8.207
7.910
7.507
9.410
8.607
9.209
8.911
8.905
7.808
8.709
8.007
9.009
9.607
7.593
9.209
7.511
7.805
7.648
8.710
8.206
8.109
7.907
8.708
9.307
8.215
8.907
7.608
8.809
9.611
9.073
9.408
8.005
9.413
9.611
9.910
8.107
8.910
8.709
9.509
9.210
7.516
7.613
8.109
9.909
7.810
10.012
9.910
8.110
7.510
8.708
9.108
8.208
9.377
7.710
7.623
10.010
9.233
7.714
8.712
8.906
9.421
8.198
9.407
9.008
7.811
9.407
9.608
9.206
8.208
9.114
8.682
8.311
9.409
9.207
8.107
9.810
9.406
8.107
8.008
9.608
9.559
9.809
7.706
8.709
7.507
8.009
8.807
9.506
8.207
7.710
8.215
7.610
8.407
7.810
9.307
8.708
9.908
8.807
7.908
8.109
8.007
9.009
8.913
10.007
8.309
9.708
9.908
7.809
7.907
7.810
10.008
9.907
7.651
7.808
8.706
7.809
8.408
10.007
9.909
9.306
7.610
8.214
9.614
8.804
8.508
8.806
10.008
8.408
7.608
8.009
9.008
8.121
9.709
8.010
8.206
8.208
7.809
8.025
8.510
8.407
8.408
8.411
8.305
8.714
8.857
9.609
9.212
9.943
9.706
9.009
9.106
7.509
9.709
8.910
8.849
8.408
7.609
8.708
9.370
7.708
9.508
8.408
8.609
9.108
9.107
9.308
9.809
9.610
9.906
8.308
7.952
8.410
9.407
8.880
9.815
8.305
8.316
8.910
8.305
7.910
8.010
10.007
8.111
7.607
9.008
9.409
8.509
9.116
8.111
7.907
9.609
7.708
9.009
8.359
9.314
8.004
7.507
9.108
7.508
7.507
7.509
8.109
8.608
9.623
9.407
8.519
7.910
7.807
9.911
8.707
8.511
7.807
8.811
9.109
8.207
7.708
8.509
9.207
9.610
9.306
9.972
9.308
9.509
8.808
7.510
8.709
9.407
7.706
7.905
9.608
8.010
8.107
7.909
9.368
7.707
9.809
7.806
8.110
7.607
7.807
9.509
8.608
8.215
8.509
7.606
9.113
8.711
8.805
8.411
8.409
8.005
8.209
7.607
10.007
9.608
7.811
8.907
9.127
8.302
9.309
8.821
8.807
7.607
9.283
8.007
7.806
9.209
8.379
8.608
9.307
8.707
8.008
8.008
9.608
9.007
8.308
8.606
7.906
9.712
9.708
9.079
7.809
7.908
9.207
8.010
10.007
9.707
9.407
9.209
7.910
8.817
7.911
9.205
8.908
9.909
10.015
9.403
9.007
8.438
7.907
8.406
9.611
8.706
8.910
9.310
7.804
9.911
8.003
8.207
9.541
7.745
9.807
7.507
8.114
9.104
8.008
8.209
8.707
7.509
7.508
9.408
8.810
8.105
8.708
7.907
7.909
8.606
9.813
9.604
9.608
7.910
7.906
9.310
9.108
9.508
8.607
9.410
9.408
9.356
7.807
9.015
9.507
7.709
9.007
7.709
9.511
9.715
8.606
8.108
9.707
8.811
7.605
8.709
9.510
8.906
9.107
7.507
10.009
9.008
9.745
9.710
9.607
7.614
9.210
8.665
9.815
7.705
8.207
9.181
9.708
8.707
8.008
9.409
8.907
9.811
9.805
8.397
9.409
8.407
9.144
9.108
9.709
9.306
7.710
9.306
8.309
9.508
9.408
8.443
8.516
9.009
8.109
8.007
9.212
9.806
9.307
8.907
7.610
7.606
8.107
10.068
8.809
8.708
9.308
7.808
8.406
9.113
8.806
7.905
7.611
7.907
9.506
10.008
9.909
9.908
9.329
8.109
9.309
8.608
9.209
7.908
7.709
9.806
8.609
9.607
9.709
8.008
8.712
10.011
8.205
9.310
10.007
9.707
8.107
9.408
7.508
9.209
8.411
8.806
9.707
8.753
9.408
9.311
8.704
9.240
9.200
8.106
10.011
8.409
9.409
9.207
8.812
9.810
9.119
9.910
9.306
9.007
7.907
7.909
8.907
8.809
10.012
9.008
8.407
8.015
8.417
8.668
9.811
9.518
10.009
9.610
8.406
9.510
8.808
9.809
8.909
7.906
7.809
8.811
8.905
9.708
8.109
7.807
9.606
10.011
7.705
8.808
8.908
8.307
9.307
7.914
9.607
9.404
9.508
8.107
9.908
8.010
9.309
9.607
7.608
9.408
9.307
8.508
8.807
8.108
8.221
7.807
8.509
8.707
9.208
9.907
8.509
10.012
7.706
8.011
9.906
8.124
9.412
8.904
9.108
8.808
9.411
8.807
8.106
9.011
9.410
7.907
9.709
8.808
7.707
9.808
8.309
9.509
8.309
9.907
7.705
9.210
7.619
8.812
7.907
9.507
8.806
8.907
9.509
9.007
9.508
9.510
9.807
8.807
8.408
9.007
7.706
7.909
7.707
8.307
9.607
9.908
8.909
9.209
8.608
9.307
8.909
9.714
9.074
9.911
9.504
9.213
9.182
9.610
7.906
9.507
9.109
9.309
8.305
8.707
8.408
7.908
8.107
8.409
9.207
9.208
9.908
9.608
9.606
7.608
8.008
9.307
10.008
9.510
8.406
8.709
8.908
7.509
8.522
7.808
9.907
7.909
9.608
8.908
7.507
7.609
8.507
9.305
9.611
9.605
7.908
8.007
10.102
8.709
9.107
9.465
7.919
8.907
8.910
7.607
9.011
9.509
9.509
9.107
8.908
8.008
8.008
7.908
8.009
9.008
8.307
7.907
9.707
8.008
9.507
9.908
8.118
8.008
9.117
7.909
7.508
9.708
8.686
10.007
8.335
7.609
9.308
8.709
9.009
8.406
9.108
8.210
7.807
8.508
10.008
9.406
9.008
7.909
9.813
9.608
9.711
8.204
7.609
9.308
8.710
9.606
9.109
9.617
7.709
8.309
10.006
7.709
7.908
8.589
7.910
8.707
8.809
9.908
7.610
7.714
8.409
9.206
8.409
8.706
7.810
8.608
8.208
9.307
9.089
8.209
9.007
8.807
8.945
9.109
8.207
7.806
8.909
10.007
9.906
9.108
8.210
10.011
9.615
8.885
8.658
7.607
7.710
9.907
7.610
7.806
7.750
8.609
9.707
8.707
10.008
10.009
9.901
8.209
9.410
8.921
8.905
8.408
7.908
7.908
7.607
8.817
8.206
9.009
8.807
8.207
8.309
9.707
8.307
7.806
8.710
9.620
8.126
8.906
9.407
8.206
9.492
9.708
9.511
9.205
8.508
9.505
9.113
8.408
7.807
8.407
10.011
9.205
9.507
8.007
9.807
9.707
9.407
8.008
8.810
8.316
8.907
9.615
7.905
9.812
7.506
9.112
9.305
8.110
8.198
8.907
9.110
7.610
8.709
8.507
9.311
9.906
7.908
8.309
8.205
8.213
9.504
8.308
7.508
8.908
8.915
7.505
8.707
8.409
8.010
7.711
9.207
9.411
9.803
9.810
9.310
7.508
9.111
8.810
8.309
9.711
7.604
9.910
7.508
8.808
8.407
9.381
8.612
9.009
7.810
9.622
10.010
9.810
7.906
7.609
8.807
9.507
7.608
7.708
7.807
8.109
7.909
9.706
7.706
7.808
9.509
9.707
7.806
8.509
8.409
8.706
8.318
8.523
8.509
8.309
10.093
9.608
7.808
8.708
8.808
8.108
8.107
8.708
7.817
8.865
8.808
9.309
8.207
9.209
9.548
8.807
9.808
9.907
8.408
7.609
7.908
8.008
7.536
8.205
9.210
8.405
9.408
7.708
9.708
8.109
8.710
9.811
7.807
9.013
8.610
9.109
9.607
9.309
7.909
7.509
8.007
9.308
9.410
9.007
8.410
9.011
7.906
8.307
9.109
9.007
8.708
9.538
9.610
9.008
7.607
8.707
10.009
9.809
9.108
9.609
8.008
7.804
9.609
8.307
9.309
8.010
10.006
8.908
9.886
7.808
9.107
8.008
9.809
8.409
9.709
8.308
10.009
7.507
9.411
9.208
9.011
8.206
8.608
8.505
9.608
8.907
10.010
9.509
8.611
9.009
9.307
9.109
9.307
8.895
7.609
8.806
9.508
7.709
7.606
9.410
8.206
9.208
9.911
8.006
7.808
9.707
9.008
7.907
9.708
8.508
9.608
8.912
9.204
8.318
10.006
8.907
9.708
10.008
8.608
8.508
9.312
8.110
7.508
8.608
9.308
7.809
9.907
8.916
8.009
7.607
8.209
8.807
9.609
8.341
9.507
7.507
7.910
8.607
7.906
7.608
9.712
7.614
9.009
9.009
8.407
9.069
8.109
8.210
9.205
9.207
9.282
8.509
9.715
9.506
9.670
9.106
9.853
9.510
7.907
7.811
9.806
8.810
9.307
9.414
9.618
8.708
9.308
7.508
10.008
9.913
7.809
9.608
7.606
9.509
8.808
8.513
8.606
9.409
9.306
7.708
8.508
8.408
8.711
8.316
7.808
8.560
7.506
7.808
8.108
7.918
8.107
7.805
9.207
9.930
9.910
8.806
8.709
9.308
9.010
8.608
9.208
9.315
8.457
9.308
8.909
9.710
8.007
10.101
9.009
10.007
7.961
7.609
8.322
9.310
8.608
8.907
7.708
8.610
9.206
8.308
9.210
10.006
8.910
8.308
10.096
8.706
9.807
8.630
7.903
8.963
9.908
9.808
8.308
8.408
9.308
9.708
8.008
9.809
9.906
9.709
9.706
7.710
10.110
8.131
9.708
8.508
9.708
10.008
9.806
8.809
8.420
8.904
8.908
9.809
10.007
8.807
8.407
9.910
7.506
9.111
8.806
7.610
9.006
9.907
8.509
8.207
9.707
9.109
8.111
9.507
8.910
8.003
9.909
9.109
8.609
9.509
7.511
8.409
9.607
7.506
9.894
8.009
8.906
8.867
7.708
9.008
7.606
8.910
8.906
7.607
8.107
7.809
7.909
9.608
7.708
9.010
7.806
9.908
8.208
8.408
9.510
9.607
8.907
9.308
8.609
7.608
9.007
8.911
8.507
8.508
8.907
8.412
9.208
7.907
9.812
9.509
9.510
7.508
8.509
8.503
7.809
9.107
8.808
8.307
8.611
9.207
9.806
9.109
9.107
7.908
7.507
8.508
10.008
9.106
8.007
8.809
9.408
9.509
7.809
8.053
8.110
9.211
9.007
9.908
9.808
8.906
9.506
9.208
8.908
8.115
7.834
9.209
9.707
9.308
10.008
8.408
8.510
9.905
7.508
7.507
7.707
7.708
8.709
7.909
9.508
9.210
9.205
8.808
8.806
9.507
9.313
9.508
8.808
8.407
9.509
8.706
9.809
9.108
8.107
8.809
9.708
8.409
8.008
9.523
7.703
8.107
8.010
8.705
8.009
8.007
8.958
8.243
8.406
7.509
8.809
7.807
9.309
7.908
9.315
8.206
7.513
8.809
7.906
9.004
9.708
9.807
7.709
9.707
9.008
8.309
8.407
8.609
9.408
8.909
8.208
9.608
9.810
8.897
8.405
7.708
9.507
9.814
8.609
7.906
7.507
10.009
8.408
9.508
8.010
7.971
7.611
8.108
9.209
8.006
9.808
8.808
7.907
7.611
8.407
9.508
8.664
9.401
8.209
8.007
8.409
9.010
7.705
8.108
7.909
8.708
8.308
9.908
8.609
9.506
7.908
8.607
9.611
8.907
8.210
7.510
9.305
8.437
8.174
8.406
9.109
8.106
9.908
9.507
8.208
8.512
9.107
9.611
8.007
10.006
7.507
8.908
9.007
7.709
9.807
9.413
9.105
8.206
9.257
7.711
7.604
9.709
9.006
9.711
8.708
9.811
9.809
8.106
8.309
8.008
9.007
7.508
8.808
9.007
9.708
9.809
10.007
8.809
9.307
7.908
8.808
9.509
9.610
7.708
9.708
9.307
9.613
9.012
10.010
8.908
9.214
7.806
8.708
8.305
7.608
9.911
8.208
7.507
7.910
9.216
8.312
9.681
9.210
9.612
8.813
8.904
9.511
8.968
7.804
8.711
9.409
9.108
8.111
9.109
9.507
8.013
8.507
9.211
9.507
8.409
8.008
8.813
8.909
9.312
9.809
9.308
9.106
8.008
9.309
9.815
9.707
7.710
9.507
9.108
7.544
8.207
7.910
9.506
9.710
8.410
8.405
9.208
7.608
9.207
8.208
9.609
9.707
9.408
8.796
9.307
7.907
9.208
8.009
9.407
8.611
7.806
8.610
7.956
8.505
8.009
7.608
8.109
8.306
9.808
9.709
8.508
8.007
7.709
7.908
7.607
8.808
8.808
9.508
8.922
8.008
7.606
8.609
7.807
9.709
9.810
9.707
7.510
9.206
7.807
9.409
7.907
8.307
8.108
8.307
9.314
8.909
8.609
7.675
9.907
8.408
10.006
8.310
9.105
7.907
8.705
9.207
9.209
7.708
8.611
8.306
8.407
8.907
9.456
9.010
8.709
9.407
8.507
8.708
8.708
9.111
8.105
9.136
9.908
8.908
10.008
9.408
7.707
8.709
9.709
7.508
9.608
9.608
8.308
8.607
10.011
9.808
7.909
9.409
7.661
9.207
7.607
8.821
8.207
9.708
7.510
9.412
9.011
8.805
8.107
7.609
7.806
8.909
9.508
7.808
7.710
9.407
9.908
8.207
8.214
9.505
8.320
8.008
9.108
9.308
9.308
9.208
9.209
9.807
8.509
9.307
9.107
8.807
8.117
7.509
8.507
8.173
9.607
7.609
9.490
7.865
7.814
9.908
9.208
9.808
7.708
9.710
9.305
7.709
8.010
7.606
9.808
8.908
8.114
8.807
8.119
10.006
7.907
10.007
9.908
9.208
9.407
9.108
7.908
10.008
9.109
9.178
8.121
8.707
9.308
7.609
9.007
9.808
7.507
8.408
9.602
7.907
8.209
8.907
8.107
8.708
9.008
7.807
7.525
9.909
9.303
8.408
9.808
10.008
8.508
9.608
9.108
7.908
8.910
9.719
7.806
7.907
9.007
8.407
9.308
8.206
8.809
8.412
7.912
8.807
9.506
7.509
9.407
7.608
8.931
7.606
9.009
8.007
8.011
9.306
7.806
10.007
7.807
7.708
9.968
8.807
10.015
9.108
9.208
8.807
9.008
9.807
9.408
7.911
8.305
8.606
8.607
9.608
9.709
9.207
8.509
9.210
9.211
7.811
9.512
8.207
8.007
8.707
8.914
8.706
8.106
9.319
8.600
8.408
9.507
8.709
9.951
9.705
7.708
9.307
8.428
9.208
9.008
7.707
9.808
10.007
8.809
8.308
9.608
8.606
7.608
8.208
7.707
9.308
8.807
10.060
10.007
9.508
8.607
8.917
8.106
9.215
8.343
9.408
7.707
7.907
8.007
7.531
7.501
8.578
9.521
8.409
7.807
8.608
8.807
7.608
8.608
7.508
8.608
8.307
8.951
8.862
9.020
9.106
8.207
7.945
9.211
8.210
10.003
7.713
9.809
8.106
9.609
8.209
7.510
9.806
8.608
8.207
7.508
8.907
9.408
9.710
9.897
9.807
8.309
8.615
7.504
9.608
8.807
8.809
7.809
7.806
7.507
9.508
9.507
8.308
7.608
8.609
9.209
10.007
9.107
9.192
8.110
8.656
9.813
8.306
8.610
8.507
9.008
8.899
7.509
8.408
8.407
9.908
8.307
9.207
8.608
8.509
8.907
7.508
9.809
9.207
7.909
9.907
8.909
7.507
8.308
9.008
8.809
7.607
9.108
8.009
9.209
9.922
9.209
9.108
8.109
7.908
7.708
9.707
9.211
7.820
8.207
7.506
7.809
9.207
9.307
9.109
7.608
8.123
9.311
9.908
7.510
9.907
9.908
9.109
9.907
8.108
8.207
8.909
8.407
10.008
9.410
7.507
9.908
8.710
9.306
7.906
9.108
9.808
7.709
8.209
7.509
8.613
8.307
8.006
7.709
7.708
9.704
8.007
8.507
9.008
7.907
8.708
8.908
7.915
7.710
8.908
8.649
8.608
7.709
9.507
8.613
9.910
9.808
8.608
8.506
9.301
9.007
7.715
8.908
9.510
8.306
9.108
8.006
9.309
9.608
8.316
9.509
9.319
9.008
8.009
8.507
9.409
9.313
9.915
9.910
9.705
8.708
8.656
8.412
9.208
8.207
9.709
9.007
8.108
8.207
10.007
7.508
10.012
7.786
8.907
9.409
8.808
8.209
9.970
8.009
7.910
8.305
7.507
10.008
7.508
8.208
8.407
9.410
7.507
8.310
9.407
9.709
9.605
8.108
8.327
8.711
9.108
8.107
7.808
9.907
8.907
7.812
9.908
9.010
8.205
9.007
8.308
9.507
9.709
8.307
7.509
7.507
9.409
7.709
10.005
9.410
8.410
8.306
8.908
8.412
9.212
8.506
8.309
8.808
9.130
9.311
10.007
8.308
9.911
7.809
8.206
8.913
8.307
8.007
7.808
9.224
9.507
8.807
8.708
9.308
9.983
8.907
9.409
9.408
9.109
9.508
8.915
7.602
7.808
7.712
8.716
9.507
8.909
9.706
8.408
8.211
8.907
8.410
9.014
8.809
8.909
9.909
7.808
9.917
7.904
8.206
9.011
7.509
9.708
7.808
9.501
9.708
9.207
8.910
9.009
8.408
8.311
7.842
8.805
8.809
8.312
10.009
8.507
9.910
9.605
9.408
8.008
8.711
7.906
9.610
10.009
9.307
9.632
7.908
9.109
10.007
8.808
8.110
7.708
8.507
8.412
9.606
8.307
7.808
8.410
9.920
8.911
9.407
7.806
7.607
8.207
8.809
7.508
9.206
8.708
9.821
8.706
9.406
8.409
9.207
8.908
8.510
8.405
8.708
9.007
7.708
8.610
7.906
8.509
9.007
8.908
9.608
8.709
9.808
9.907
9.809
9.808
9.008
9.208
7.708
9.110
9.907
9.307
9.310
9.254
8.151
9.207
7.810
10.009
7.610
9.513
9.106
8.809
8.107
7.708
7.909
8.383
9.010
8.407
9.509
8.008
10.005
9.008
9.208
9.910
9.168
9.008
9.807
8.006
8.109
7.508
9.809
8.108
9.573
9.007
10.009
7.513
8.113
7.708
7.606
8.406
10.008
9.212
9.805
8.208
9.607
7.917
9.006
8.609
8.909
8.607
9.110
8.909
7.707
8.412
8.705
9.309
9.946
8.477
10.009
8.105
8.709
9.711
8.908
8.308
8.810
8.810
8.506
9.509
9.307
8.610
7.808
9.210
8.021
7.723
9.947
7.515
8.304
9.016
8.806
9.708
7.712
7.806
8.507
7.906
9.014
10.018
10.004
9.055
8.615
9.908
9.711
10.005
9.814
8.708
8.407
8.507
7.511
9.429
8.109
9.511
8.112
8.705
8.611
8.605
9.111
8.606
8.911
9.913
7.708
7.607
9.696
7.910
8.220
8.224
8.336
9.730
8.326
8.423
8.823
9.621
8.321
8.423
10.443
8.239
9.932
8.030
9.232
9.928
9.929
7.525
9.327
8.232
8.725
8.024
9.527
7.729
9.332
8.333
7.634
9.532
8.731
9.927
7.525
9.625
8.224
8.522
9.224
9.122
9.524
8.121
8.825
7.926
9.334
8.329
8.625
9.181
9.033
7.928
9.128
8.929
7.926
8.327
9.839
9.132
9.033
9.225
9.428
8.428
7.564
9.723
8.023
8.927
9.726
8.026
8.431
7.829
9.228
7.727
9.625
8.627
8.356
8.424
9.226
7.527
9.428
7.727
9.127
8.327
8.426
8.125
9.926
9.029
9.129
9.624
8.124
8.223
8.824
7.636
9.134
9.031
10.030
9.627
7.826
9.635
7.729
8.926
9.928
9.526
9.129
9.789
8.231
9.929
8.024
10.023
8.480
9.928
7.830
9.231
8.333
8.731
7.532
8.229
7.726
9.329
7.728
8.526
7.531
9.228
8.827
9.125
8.123
8.727
8.928
8.630
8.428
9.131
10.029
8.426
8.749
9.030
8.029
9.524
9.127
8.532
9.629
9.227
8.533
9.932
8.532
9.424
8.832
8.530
7.526
9.028
7.832
7.934
7.627
8.023
9.725
8.929
9.870
7.925
7.726
8.628
9.125
8.821
7.923
9.030
9.732
9.328
8.228
7.728
8.726
9.821
8.925
8.226
9.130
7.628
8.335
7.578
9.729
9.629
8.828
9.928
8.729
9.329
7.727
9.024
10.025
7.532
8.027
9.724
8.026
8.227
8.524
9.622
9.749
9.131
8.727
9.326
8.333
9.432
9.733
9.824
9.336
8.839
8.127
8.327
9.134
8.928
8.624
8.722
8.630
9.934
8.526
9.826
9.329
8.926
8.721
9.226
9.034
9.443
9.026
9.731
7.728
10.025
9.230
9.932
9.029
8.025
9.234
9.929
10.029
9.023
9.631
9.228
7.723
7.630
7.530
9.530
9.324
8.822
8.125
7.830
8.827
9.326
7.874
8.029
8.227
9.229
9.924
9.926
8.632
8.833
9.530
8.826
8.825
8.825
8.728
7.931
9.335
8.030
7.727
9.423
9.724
10.020
8.621
7.624
7.830
8.831
9.628
9.825
7.524
7.725
7.527
8.829
9.532
8.029
9.526
7.822
9.822
9.519
7.619
8.526
8.228
9.829
10.029
9.735
8.524
8.626
7.626
8.028
9.327
8.026
9.924
9.023
8.220
8.620
9.124
8.531
9.929
8.828
8.425
7.524
9.025
8.426
9.031
8.734
9.230
8.625
9.225
9.121
8.020
9.420
7.523
8.836
9.329
10.027
8.621
7.870
8.827
8.927
8.332
8.232
9.527
8.325
9.923
7.826
9.521
9.126
9.030
9.334
7.926
9.927
9.623
9.626
8.427
8.732
8.232
7.528
9.925
7.624
9.150
7.830
9.527
9.323
9.330
8.732
9.537
7.925
9.226
8.227
9.527
7.632
9.133
8.931
8.548
9.026
9.422
7.959
8.022
8.324
9.933
8.432
8.133
9.625
8.224
9.126
8.327
9.129
9.331
8.133
9.274
8.622
8.421
8.623
7.822
7.925
7.532
9.887
8.524
9.425
8.125
7.924
9.625
10.029
9.629
8.228
8.948
8.922
8.621
9.621
9.825
8.632
8.231
8.027
8.225
8.922
9.824
9.230
7.933
9.133
9.829
9.724
7.820
8.320
8.419
8.123
8.729
8.631
8.128
9.729
8.028
8.925
7.623
7.723
8.822
9.952
8.426
7.826
8.729
9.729
10.031
8.632
8.426
8.125
9.423
9.328
9.724
9.124
8.422
7.529
8.330
8.130
9.730
8.632
9.227
8.324
9.522
7.820
9.424
7.525
7.726
7.526
9.130
8.030
7.927
7.928
7.826
8.826
8.222
9.222
8.621
8.322
8.032
9.832
9.125
9.931
9.026
8.724
8.921
10.438
8.833
9.833
8.232
8.627
8.524
9.924
9.632
7.929
7.933
9.229
7.932
8.327
9.226
9.823
8.823
9.758
7.631
9.331
8.628
8.529
8.625
10.028
9.625
9.135
9.729
8.628
8.927
8.623
9.920
7.819
8.729
8.833
7.732
9.729
7.530
44.843
0.030
10.099
0.750
0.053
7.743
8.835
10.027
8.523
8.125
9.749
10.038
7.925
10.032
9.425
9.328
8.533
8.035
9.230
8.231
11.161
9.027
9.331
8.730
7.726
9.329
9.228
9.023
8.223
9.624
8.837
8.331
8.228
8.434
8.131
7.728
8.723
9.425
7.725
9.925
7.623
9.938
9.928
8.129
9.932
9.429
7.531
8.528
9.925
9.223
9.220
9.723
8.322
8.625
8.330
8.528
8.129
7.631
7.631
8.823
9.725
8.927
9.627
8.027
7.530
7.830
8.332
8.931
9.732
8.529
8.729
7.526
8.324
8.724
8.321
8.324
8.123
8.330
9.334
8.136
7.642
8.635
7.729
8.438
9.828
8.725
10.033
7.825
8.822
9.631
9.130
8.427
8.632
8.933
9.232
10.380
9.233
10.033
7.625
9.173
8.420
8.920
9.326
9.432
7.530
7.526
7.723
8.325
8.326
9.527
9.028
8.628
8.329
9.429
9.555
8.026
8.123
8.825
8.522
9.620
8.519
7.722
8.224
9.933
9.130
9.928
8.428
8.527
9.823
8.829
7.725
8.325
7.623
9.526
7.638
7.835
9.789
7.829
21.462
8.129
7.527
7.824
9.222
8.330
9.736
8.634
9.026
7.925
7.525
10.025
7.528
8.831
7.633
8.232
8.629
9.526
8.224
9.724
7.925
7.926
8.427
8.334
8.733
8.730
7.926
9.081
9.126
7.528
9.627
7.927
8.127
9.627
8.225
10.026
8.024
8.027
8.744
9.538
8.535
8.733
9.626
8.523
7.626
9.724
9.429
8.731
9.128
7.524
8.629
9.725
8.122
9.524
8.132
9.537
8.230
8.528
8.425
10.024
8.728
7.927
7.863
9.531
7.626
8.724
9.425
8.128
9.224
8.023
7.724
7.634
9.535
9.830
8.826
9.623
9.727
8.126
8.546
8.931
8.326
9.631
8.623
8.921
9.221
9.426
8.331
7.530
7.945
9.531
10.024
9.448
7.528
7.929
8.835
7.725
9.126
8.134
8.524
8.522
8.923
9.032
8.637
8.337
8.728
7.632
8.023
8.527
8.228
9.034
10.045
9.329
8.725
8.729
8.127
7.923
8.026
9.226
7.934
8.636
8.829
8.127
7.928
8.827
8.528
9.232
9.032
7.831
9.836
7.523
8.822
8.621
9.023
7.524
9.634
7.835
7.831
7.627
9.128
8.827
9.328
9.028
8.030
8.035
7.829
8.831
8.471
8.323
7.923
9.025
9.527
9.232
9.635
7.530
8.025
8.324
9.228
9.728
8.832
8.935
9.930
7.723
7.724
9.022
7.925
10.027
9.440
8.333
7.731
8.428
9.628
9.631
7.528
7.535
7.734
7.833
8.831
8.831
8.829
9.525
7.724
8.429
8.835
7.538
8.432
9.529
8.558
7.528
9.233
9.828
9.222
9.023
10.031
9.629
8.026
7.827
9.531
7.530
8.623
9.825
8.629
10.777
9.529
8.633
8.332
9.926
9.125
9.933
8.633
7.830
9.327
9.053
8.826
8.252
9.225
9.731
7.732
7.629
9.828
9.433
7.535
9.126
8.325
10.038
8.628
9.025
8.024
8.032
9.230
9.125
7.929
7.733
7.632
7.526
9.044
8.431
9.931
8.026
8.422
8.432
8.633
7.627
7.629
9.941
8.428
9.324
9.724
8.629
9.731
9.627
8.126
9.731
8.629
9.122
9.926
10.004
8.126
7.826
7.724
10.028
9.627
8.326
7.728
9.729
8.428
9.431
8.340
8.232
10.026
9.221
9.435
8.732
9.633
9.530
8.532
8.130
8.927
8.325
9.433
8.530
8.000
10.030
8.432
9.029
9.026
8.229
8.933
9.850
8.532
9.133
9.831
8.224
7.521
7.630
7.934
8.429
9.532
8.733
9.430
9.629
7.825
8.724
8.230
9.926
8.327
9.431
8.130
9.925
7.923
10.032
8.632
8.328
9.931
9.550
10.031
9.123
7.832
8.834
9.029
8.828
8.027
8.937
9.730
8.124
9.025
7.553
9.230
8.728
8.934
8.537
8.228
9.523
9.950
9.231
9.531
8.341
8.736
7.633
8.228
9.124
7.557
9.531
7.530
7.636
8.952
7.534
9.228
9.228
8.828
8.338
8.131
9.627
9.832
7.740
7.630
8.725
8.024
9.533
11.370
9.433
8.234
8.333
8.827
8.224
7.631
8.334
9.329
8.827
8.427
7.630
8.127
8.630
9.623
8.129
8.730
8.426
8.328
8.037
7.731
9.926
8.925
8.333
9.837
8.628
8.788
9.732
9.833
9.225
9.127
9.937
8.628
10.034
8.337
7.531
8.226
8.424
8.325
10.030
9.928
9.429
7.530
8.130
8.026
9.623
8.828
9.436
8.128
9.832
10.036
8.331
9.625
8.826
9.329
9.132
9.928
7.930
8.730
9.826
9.725
8.027
9.838
8.427
7.926
8.031
8.429
8.860
9.122
9.530
8.934
9.045
9.028
8.928
9.827
9.530
8.625
8.531
9.131
9.428
8.530
9.029
7.625
8.023
7.724
9.432
9.730
7.526
7.527
8.531
10.029
9.725
9.232
9.831
8.228
9.929
10.032
9.128
8.624
9.623
8.731
7.529
8.727
7.733
9.132
8.431
9.923
7.722
9.731
8.927
9.633
8.125
8.030
10.027
8.825
8.225
9.530
8.630
8.428
9.531
9.733
8.430
9.327
8.826
8.134
10.029
10.568
8.535
9.330
10.024
8.025
8.123
10.023
9.234
8.534
9.235
7.831
8.426
9.685
10.029
10.032
9.432
8.031
8.052
9.325
9.324
8.923
8.921
7.924
10.011
8.433
7.731
8.227
7.826
9.226
9.027
7.830
8.033
7.659
9.836
7.925
8.423
7.825
8.034
7.729
8.929
9.731
8.032
10.027
9.574
7.939
7.530
8.834
8.428
8.231
8.276
7.928
9.723
9.632
8.346
9.725
8.128
8.732
8.028
8.524
7.821
9.532
9.034
8.327
9.831
8.733
8.933
8.125
9.223
9.634
8.437
8.226
9.528
10.553
8.393
8.928
9.625
8.430
7.627
7.926
9.329
8.332
8.327
8.923
7.825
9.334
8.529
8.527
7.936
9.030
9.728
8.536
8.631
8.632
9.532
8.427
10.036
8.433
9.033
9.329
8.126
7.531
7.528
7.524
9.230
8.333
8.934
8.730
9.425
9.234
9.132
8.729
10.033
7.635
7.731
8.025
9.627
9.034
9.230
7.725
8.131
8.840
8.728
9.323
7.523
8.332
7.833
10.028
9.229
9.529
9.225
7.521
9.627
9.431
7.526
8.729
7.926
9.227
7.524
10.022
8.323
9.330
8.624
8.325
9.429
9.128
9.028
9.222
8.029
8.329
9.429
8.627
9.830
8.232
8.030
9.826
9.029
8.332
9.931
9.157
7.085
9.225
8.423
7.523
8.628
8.637
8.935
9.030
7.725
8.926
9.128
8.626
8.132
7.732
9.636
7.775
9.535
8.731
9.625
7.625
9.537
9.136
8.936
9.237
9.830
9.524
8.924
8.924
7.922
8.931
10.031
8.428
8.023
8.522
8.623
9.124
9.727
10.033
8.232
9.928
9.026
9.924
8.629
9.927
7.765
8.133
7.532
9.932
9.327
9.824
10.024
8.930
8.839
8.836
8.030
8.527
8.424
9.628
7.525
9.129
8.432
7.528
10.031
9.027
8.523
8.620
8.229
8.333
8.734
9.234
8.427
7.726
9.029
9.529
7.577
9.429
7.829
7.730
9.435
9.826
10.028
9.324
8.726
8.725
8.227
9.230
9.926
9.429
9.048
9.927
8.436
9.934
7.532
8.334
9.025
8.873
9.625
9.884
9.627
8.330
8.933
8.136
8.531
8.028
7.624
8.723
7.524
7.928
8.932
9.428
7.629
9.031
8.632
9.032
7.635
9.531
8.430
7.628
8.828
9.925
8.327
9.011
9.725
7.726
8.234
8.743
9.233
7.732
8.631
8.727
8.524
10.024
9.628
9.729
8.134
9.735
8.335
8.132
7.724
9.723
10.026
8.024
8.827
8.734
9.636
8.955
8.325
7.921
9.252
9.928
7.732
9.434
9.531
7.527
9.625
7.824
8.922
8.931
8.131
10.034
7.952
9.329
7.525
9.825
9.085
8.130
9.433
10.033
8.930
9.714
9.725
9.025
7.624
8.425
7.833
9.936
7.532
8.927
7.723
9.425
8.727
8.127
8.730
8.332
8.328
8.427
8.722
9.822
9.826
9.529
9.970
7.531
8.742
7.627
9.838
7.840
8.432
9.229
7.834
9.927
8.925
7.630
9.029
9.228
8.726
9.628
9.030
8.926
8.425
9.450
8.324
9.629
7.626
9.527
7.832
8.732
7.926
9.034
8.633
7.838
8.635
8.430
7.827
7.524
8.726
7.640
7.832
9.733
9.529
8.332
9.731
8.529
8.423
8.624
7.726
9.941
8.129
9.434
8.732
9.229
9.030
9.734
8.735
9.130
9.429
9.130
7.925
10.024
8.224
9.023
7.730
9.428
10.025
8.129
9.425
8.826
8.426
9.931
8.428
8.033
8.237
8.230
9.026
9.326
9.430
9.227
9.126
7.626
8.831
8.032
9.427
7.727
7.629
8.270
9.529
9.534
9.893
10.034
9.434
8.035
9.130
9.927
7.531
9.233
7.930
9.428
8.026
9.027
9.231
8.930
9.532
7.531
9.731
8.430
9.426
9.230
7.830
8.680
9.528
9.334
9.131
9.026
9.736
9.530
10.037
9.175
9.132
9.732
9.229
8.754
7.828
8.327
8.526
7.825
10.030
9.131
9.940
8.129
8.236
9.328
9.627
7.627
9.333
9.432
8.732
8.832
8.731
9.227
10.033
8.385
8.429
9.233
7.529
8.025
8.825
10.028
9.929
7.929
9.830
9.236
9.333
7.629
7.657
7.724
8.129
7.833
9.529
8.233
8.431
7.672
7.839
7.696
7.927
9.624
10.031
9.336
8.433
8.829
8.524
8.526
9.931
9.627
7.626
7.523
7.828
9.226
10.038
7.828
9.632
9.933
9.528
9.023
7.623
9.724
9.231
8.330
10.032
8.834
9.233
8.339
8.926
9.334
9.033
9.528
8.830
9.127
8.724
9.925
8.130
9.935
8.328
7.930
9.529
8.730
7.929
9.828
7.826
8.033
7.546
7.529
7.830
9.729
9.027
8.024
9.530
8.325
9.030
9.429
9.633
8.133
7.928
9.386
7.525
9.631
8.028
9.030
8.633
9.430
8.927
9.224
9.325
9.731
9.828
8.730
8.533
7.830
8.633
9.032
8.329
8.828
9.031
8.739
8.628
8.127
9.430
8.126
8.927
8.362
10.028
8.433
9.132
8.027
9.731
9.333
7.536
7.825
8.228
8.732
9.835
9.632
8.030
9.032
9.529
7.827
7.829
8.130
8.129
8.926
9.730
9.231
7.827
8.829
8.031
8.931
9.529
9.928
9.532
8.330
8.327
9.728
9.539
7.534
7.639
9.136
9.374
7.931
9.732
7.630
9.138
9.430
10.027
9.832
8.331
9.629
7.725
8.626
7.630
8.633
7.636
10.027
7.751
8.129
8.825
8.426
9.530
8.229
8.231
9.238
9.031
9.229
8.828
8.423
9.222
9.124
7.728
8.630
9.536
9.934
8.726
8.730
9.427
8.635
8.810
7.629
8.133
8.929
8.924
8.554
10.025
9.226
8.431
8.143
9.836
9.728
8.730
9.428
7.826
9.630
8.532
9.629
8.728
10.024
8.123
8.025
9.329
8.716
8.928
8.730
8.554
7.830
7.633
7.839
9.125
8.825
8.127
10.028
7.828
9.535
8.440
7.830
8.834
9.532
8.330
8.527
9.234
9.629
8.130
9.733
9.332
9.132
9.236
8.033
9.328
7.528
8.530
8.528
8.527
7.825
9.927
9.628
8.337
7.637
9.936
7.529
8.931
8.033
10.026
9.325
7.622
8.524
9.824
9.233
8.289
7.756
7.829
9.931
7.731
8.431
9.533
9.625
7.730
8.929
7.726
9.523
9.126
8.928
8.126
7.527
9.431
7.930
9.824
7.622
8.324
9.929
7.726
9.728
7.833
7.830
9.132
8.135
8.926
9.026
9.823
9.622
9.824
7.634
9.435
7.632
8.726
9.024
9.928
8.929
8.027
7.531
8.535
9.629
9.226
9.123
9.921
8.523
9.831
9.644
8.932
8.030
9.424
9.383
7.826
9.938
9.638
9.734
8.228
8.625
8.623
8.123
8.123
8.325
8.433
7.635
8.734
9.731
9.428
8.527
8.561
9.939
8.844
9.831
9.727
7.924
8.832
9.726
9.128
8.528
9.427
8.128
9.233
8.842
9.933
9.636
8.829
9.729
9.231
9.733
8.428
7.727
7.829
9.334
8.836
8.944
9.425
10.025
8.525
9.027
8.628
9.826
8.827
9.924
9.523
8.629
7.731
8.437
8.251
9.631
9.726
7.525
8.640
7.809
9.030
7.727
8.363
8.032
9.929
7.626
7.625
8.225
8.123
8.125
10.027
9.633
9.630
9.627
9.530
8.230
8.429
8.029
8.133
9.729
8.125
7.732
8.230
8.531
8.728
9.127
8.029
8.528
9.229
8.428
9.826
8.325
9.250
8.325
8.831
8.429
8.430
9.026
9.372
9.230
9.832
9.364
8.731
9.530
9.028
8.333
7.929
9.926
8.998
8.540
9.632
9.733
9.026
7.924
8.125
7.827
9.826
8.930
8.829
8.926
9.829
8.733
9.734
8.331
9.534
8.731
9.429
8.132
7.831
8.636
9.832
7.531
8.029
8.729
9.832
9.531
9.530
7.633
9.427
8.526
8.831
9.139
8.129
7.726
9.731
8.826
8.029
9.436
7.630
9.529
8.428
7.526
8.232
8.330
8.332
7.830
9.529
7.632
8.631
9.835
8.929
8.629
10.027
9.541
9.833
9.734
8.930
9.223
9.826
8.427
7.731
8.632
7.629
8.524
9.026
9.930
9.832
9.833
9.444
7.527
9.226
7.829
7.529
7.524
8.826
8.525
7.924
8.233
8.836
9.233
8.125
7.726
7.726
8.027
9.924
10.025
7.926
8.925
9.483
7.826
9.930
9.831
8.932
10.031
8.234
8.129
9.831
8.237
7.828
9.231
8.232
9.532
9.726
8.525
9.842
8.428
9.731
7.631
9.326
8.536
9.530
9.932
8.934
9.828
8.024
8.725
9.930
8.625
7.535
9.236
9.030
9.928
9.129
8.031
7.522
9.927
8.632
10.031
8.031
8.934
9.330
8.924
8.626
8.926
7.532
8.334
10.033
9.828
8.625
9.232
8.432
8.034
9.233
9.830
7.728
10.028
8.428
7.823
8.523
8.424
9.733
10.031
8.534
8.836
8.030
8.527
8.627
9.326
8.632
9.333
8.230
7.984
8.137
9.534
9.531
8.427
7.731
9.533
8.126
8.832
8.827
9.025
9.524
8.024
8.929
10.035
8.152
9.829
7.723
9.126
8.326
9.935
9.331
9.527
8.627
10.025
8.133
9.729
9.232
9.333
8.934
7.537
9.930
9.832
9.535
9.329
8.129
9.927
8.925
8.925
8.831
7.726
8.033
8.336
8.433
9.430
8.226
9.024
9.331
8.627
8.225
7.530
8.434
7.630
9.833
9.627
7.525
7.825
9.433
9.538
9.828
8.526
9.531
9.630
8.431
9.233
8.927
9.024
9.224
7.728
8.026
8.030
7.928
8.526
9.024
9.033
7.829
9.728
8.122
9.826
8.233
8.931
10.030
9.329
9.025
9.727
9.032
9.333
7.730
8.426
8.732
10.032
9.628
8.323
9.628
7.964
10.032
8.430
9.631
9.425
8.828
7.524
9.932
9.528
8.730
8.841
8.437
9.229
8.630
9.124
8.926
9.530
8.135
8.828
8.729
9.873
8.728
7.725
9.029
8.928
8.825
7.629
8.891
8.328
8.726
8.326
8.925
8.834
9.434
8.648
8.129
8.227
8.625
7.928
7.829
10.027
9.426
8.929
9.128
7.926
8.128
8.128
9.932
8.734
9.628
8.824
8.524
8.224
9.026
7.627
9.631
7.937
8.027
8.630
8.929
9.228
9.425
7.725
7.927
9.027
8.825
8.826
9.928
7.523
9.276
7.626
10.030
8.633
9.233
9.227
9.225
9.929
10.025
9.328
8.534
9.532
8.027
9.735
7.730
9.731
9.928
10.077
7.531
8.027
8.724
8.929
10.314
7.567
9.325
7.725
9.835
8.032
9.030
9.825
8.223
8.428
7.526
8.326
9.736
9.237
7.632
8.833
9.033
7.531
8.027
7.524
9.526
8.727
9.926
9.926
8.531
9.929
7.526
8.729
7.828
8.732
7.727
10.031
9.525
9.523
7.923
9.222
7.626
9.437
9.134
8.527
7.926
9.132
9.356
7.525
8.323
9.426
8.926
9.826
9.430
9.630
10.028
9.132
8.529
9.927
8.927
9.528
9.924
8.924
8.224
7.731
7.830
8.632
7.831
9.831
8.126
8.231
9.233
8.426
7.824
8.222
9.528
8.227
9.943
8.735
11.515
5.075
8.129
9.929
8.027
7.631
9.632
8.027
9.224
8.224
8.025
8.328
7.726
7.834
9.945
8.632
8.040
7.630
9.729
8.624
7.673
7.923
9.327
9.327
8.925
9.828
7.633
8.326
8.029
7.631
9.734
9.029
8.429
7.924
9.022
9.022
8.125
8.524
9.732
10.033
9.330
7.624
8.229
9.729
8.125
8.123
8.423
8.924
8.227
8.284
10.030
8.528
8.727
9.426
7.928
7.730
9.230
8.128
8.723
9.924
8.421
8.524
9.032
9.432
9.026
7.923
8.524
9.825
9.129
8.126
9.729
8.531
8.426
7.925
8.324
9.023
8.721
9.230
7.826
9.631
7.633
7.926
8.125
9.027
9.923
8.527
9.226
9.049
9.329
8.027
9.025
7.726
9.025
7.921
9.825
8.125
8.532
8.430
7.832
7.578
9.023
7.524
8.628
7.525
8.132
9.436
9.026
9.526
8.823
9.620
9.021
8.924
10.028
9.828
7.829
10.026
8.523
9.723
9.127
7.727
7.828
8.030
8.123
9.324
8.623
8.022
10.024
9.624
8.925
7.734
9.732
8.025
7.924
8.432
8.023
8.727
7.723
9.830
8.130
9.025
9.524
9.924
8.023
9.622
9.626
8.525
9.633
8.234
8.127
8.625
8.753
8.430
9.427
9.534
7.933
7.927
7.524
8.024
7.522
9.152
8.422
9.930
9.731
8.930
8.229
7.825
7.723
8.622
7.526
8.625
7.825
9.731
8.428
8.323
9.323
8.121
9.422
8.823
8.923
7.625
7.529
7.728
8.827
9.428
9.727
9.227
7.525
9.727
9.729
7.732
9.025
8.023
7.523
8.622
9.629
8.423
9.127
7.541
9.562
9.428
8.626
9.823
9.025
9.733
8.129
8.232
7.928
7.624
9.723
9.522
7.722
9.823
9.725
9.030
9.129
9.426
8.324
9.330
9.223
8.127
9.527
8.129
8.928
9.725
9.429
8.623
8.023
8.521
8.626
7.526
8.032
9.730
10.028
9.525
9.542
8.229
7.727
10.031
8.331
9.934
9.425
8.825
9.824
9.129
7.922
8.930
8.434
41.709
0.025
9.166
0.102
0.021
7.890
8.424
8.424
7.621
7.922
9.824
8.224
9.130
8.327
8.424
9.626
8.224
8.323
9.123
7.622
9.350
9.523
7.523
7.527
9.535
9.529
9.029
9.329
8.528
9.525
8.326
9.626
8.623
9.129
9.830
8.126
9.626
8.326
9.327
9.826
9.027
9.023
7.923
8.021
9.827
9.024
7.824
7.923
10.024
9.629
8.325
9.231
9.030
8.333
9.532
8.431
7.726
8.431
7.871
8.930
8.032
8.628
8.624
9.128
7.729
8.427
10.027
10.027
9.427
9.232
10.223
7.818
8.328
7.724
9.128
8.224
9.425
9.424
8.727
9.426
8.927
9.535
8.737
8.028
7.926
8.123
8.923
8.424
9.324
9.531
9.828
10.030
8.024
8.429
9.328
8.431
9.529
9.225
8.450
9.037
8.528
8.228
7.525
9.524
8.727
9.127
7.626
8.025
8.626
8.833
9.931
10.028
8.425
8.624
7.929
9.128
9.428
9.533
10.032
8.827
8.930
9.924
8.826
9.730
8.425
8.226
8.031
8.031
9.931
9.130
9.626
8.530
7.531
9.646
7.929
8.732
8.829
8.039
9.229
9.992
9.632
9.328
10.066
8.125
8.023
7.822
9.756
7.531
10.024
9.826
8.931
8.930
9.726
7.826
8.724
8.025
8.523
9.227
8.628
8.329
8.525
8.332
9.530
8.530
8.027
7.536
9.930
9.330
8.235
9.228
9.333
7.929
8.658
9.227
8.829
9.331
9.728
8.627
9.426
9.624
8.427
8.427
8.625
8.023
8.728
9.828
8.731
9.726
9.227
10.027
8.127
7.646
8.229
7.535
8.834
8.727
7.725
8.626
8.122
8.431
7.928
9.927
9.127
9.129
9.027
7.827
8.323
8.624
8.928
7.827
8.425
9.825
8.743
9.526
7.925
9.925
9.526
9.429
9.530
8.628
9.326
7.525
8.924
7.529
7.726
7.827
8.732
7.927
8.931
9.427
9.127
9.526
9.428
8.127
8.531
8.635
8.425
9.658
9.929
10.025
9.936
8.232
9.830
8.627
7.929
7.824
8.426
9.928
9.727
7.933
8.433
9.028
7.929
10.028
9.024
8.226
7.729
7.825
8.836
9.328
9.930
7.828
8.729
9.327
8.627
10.031
8.027
9.528
9.527
7.826
9.728
9.358
8.626
9.426
7.829
9.228
9.930
9.028
9.025
9.825
9.428
7.528
8.733
10.029
10.029
7.826
8.324
7.824
8.325
9.928
9.625
8.229
7.629
8.239
7.629
9.027
8.132
8.131
9.165
6.777
8.635
8.257
9.628
9.728
7.527
7.531
9.024
7.629
9.033
7.924
9.929
8.325
8.124
8.724
8.526
8.026
9.034
9.541
8.326
9.826
9.325
8.022
8.130
9.726
9.026
8.227
8.628
9.628
9.030
9.728
9.926
7.626
7.929
9.633
10.029
8.135
9.628
9.037
8.225
8.624
9.631
8.035
9.627
7.724
9.426
8.026
8.427
8.326
7.728
9.532
8.336
9.529
10.031
8.922
9.126
8.927
9.932
7.626
8.734
8.837
9.929
8.730
9.127
7.926
8.228
9.326
8.526
7.734
8.225
9.328
9.030
7.739
10.027
8.635
8.128
9.425
9.333
9.122
7.827
9.531
8.733
8.626
9.030
8.628
7.527
8.224
7.724
7.524
8.624
9.132
9.029
8.429
7.732
8.128
9.027
8.628
9.925
10.034
9.062
8.228
9.432
8.025
8.626
9.426
9.126
9.326
8.931
8.330
8.529
9.227
8.025
9.731
8.024
9.527
8.224
8.225
7.828
8.650
8.227
8.925
7.625
9.734
10.029
8.025
7.732
8.930
9.130
7.732
8.926
8.128
8.427
8.235
8.632
9.630
7.744
7.828
9.029
9.330
8.828
10.031
8.527
9.330
9.628
9.223
8.925
7.929
9.925
9.327
9.333
8.029
8.328
9.429
7.829
8.325
10.031
8.329
9.727
9.232
8.530
8.770
9.830
9.527
9.727
8.527
9.230
7.526
9.029
8.124
9.430
7.825
8.224
8.024
9.829
7.930
9.728
8.927
8.522
9.526
8.327
7.730
7.629
9.125
9.931
7.937
9.926
9.823
8.724
9.829
9.128
10.032
8.634
8.930
9.630
8.226
7.526
8.727
8.328
9.125
9.527
7.825
9.655
7.644
8.330
9.326
8.028
7.929
8.129
9.031
7.525
8.923
9.528
7.835
8.228
9.349
8.226
8.028
9.229
9.727
7.925
8.222
9.626
9.327
9.829
9.127
7.629
9.933
7.941
8.629
9.132
9.931
8.928
8.629
7.628
9.725
7.823
8.388
7.527
8.725
9.826
7.735
7.756
9.429
8.026
8.423
8.624
9.030
9.226
7.727
8.829
9.633
8.532
8.528
9.025
8.225
7.785
9.227
8.233
8.139
7.727
9.826
8.125
9.224
8.324
8.224
8.828
8.923
9.023
9.128
7.726
8.925
9.528
7.938
8.326
7.527
8.929
9.635
9.225
8.021
9.979
7.925
7.722
8.525
8.925
9.325
9.446
9.136
8.629
7.623
9.923
8.824
7.521
7.921
8.126
8.629
8.834
9.530
7.630
7.927
8.725
7.825
9.524
8.125
8.223
7.723
8.322
9.822
7.522
10.024
7.729
9.931
7.829
8.227
8.526
9.428
7.624
7.830
8.421
8.733
8.125
8.226
7.626
8.226
8.831
8.331
9.325
7.524
7.923
9.626
7.927
9.123
9.925
10.024
9.926
8.024
7.835
8.229
7.831
7.829
8.327
8.224
7.824
8.929
9.124
8.825
8.247
9.231
9.429
9.428
8.032
10.032
7.726
8.227
8.127
9.125
9.224
7.529
9.324
9.625
9.625
9.827
8.828
9.630
9.934
8.628
7.649
7.822
9.524
8.122
8.229
8.035
9.029
8.728
9.428
8.130
7.731
7.526
10.026
9.625
9.626
8.223
9.523
9.928
9.127
7.824
9.125
8.223
8.023
8.323
7.922
7.822
8.023
9.222
9.922
8.065
7.925
7.634
8.422
7.627
8.424
9.325
8.125
7.625
7.962
7.625
8.429
8.330
7.628
8.525
7.824
10.027
9.226
7.522
9.825
8.225
8.021
8.823
9.123
8.526
9.828
9.731
9.031
8.026
8.824
9.125
8.533
9.530
10.470
8.366
9.827
7.826
8.851
7.842
8.125
9.526
7.926
9.032
7.724
8.223
10.022
8.321
8.322
9.223
8.326
8.030
7.528
8.833
9.528
9.428
10.026
9.327
9.026
9.227
9.828
8.027
8.226
8.227
7.624
7.531
7.830
9.929
8.027
9.329
7.827
8.650
8.724
8.452
7.524
9.025
9.126
7.524
9.826
10.040
9.429
8.226
8.124
9.625
9.523
7.824
9.123
9.642
9.628
8.131
8.725
9.531
8.831
9.425
7.824
8.924
9.727
8.123
8.723
7.621
10.023
9.023
8.824
8.868
9.926
9.029
7.728
9.128
9.224
7.624
9.230
8.525
8.322
7.550
8.327
7.928
7.823
9.960
7.526
9.927
8.123
8.924
9.324
9.425
8.525
9.822
8.422
8.120
7.923
9.627
8.225
8.029
8.729
9.726
9.527
8.771
8.725
9.823
7.877
7.823
7.531
9.728
9.126
8.629
9.730
7.529
9.025
10.027
7.524
9.224
10.024
8.221
8.123
9.423
7.723
9.326
9.228
8.931
9.932
9.825
8.422
8.224
7.925
9.922
8.127
9.930
8.528
9.575
9.831
8.832
9.828
9.924
8.723
9.026
8.425
8.324
9.024
7.522
8.531
9.123
9.326
8.429
10.030
7.530
8.028
7.825
9.325
9.924
9.230
9.324
9.622
7.822
7.625
10.023
7.622
8.225
10.025
8.660
7.622
9.822
7.623
7.626
9.822
8.826
9.124
8.322
9.823
8.323
65.226
0.034
8.206
0.688
0.053
9.439
7.622
7.725
7.531
8.125
9.733
9.930
7.526
9.125
9.421
8.030
9.528
9.577
8.135
7.629
9.426
9.424
8.022
9.325
9.732
8.335
9.032
8.631
7.525
10.031
8.636
8.328
8.324
9.327
8.528
8.523
8.824
8.624
9.026
8.826
9.527
8.828
8.622
9.524
8.124
8.125
10.036
7.530
7.524
8.226
7.826
9.726
7.723
8.336
9.130
7.676
9.325
8.324
8.724
9.425
8.226
9.834
7.629
9.227
9.328
8.926
7.725
8.023
7.627
9.428
9.622
9.624
8.328
8.127
9.023
8.928
8.826
9.129
8.927
9.031
10.030
9.325
8.827
7.731
7.751
7.922
8.022
9.624
8.929
9.229
8.924
9.628
9.223
9.228
8.825
8.634
8.027
9.225
9.326
8.229
8.726
8.824
7.926
9.528
9.531
9.770
8.430
10.357
8.738
10.024
9.934
8.930
9.280
8.926
9.129
9.725
9.322
9.624
9.231
8.326
8.931
8.232
7.829
8.224
9.920
9.323
9.328
8.130
8.627
8.832
9.027
9.823
8.402
9.429
9.329
9.538
9.032
7.831
8.027
7.722
7.722
8.128
9.124
9.722
9.526
8.328
9.325
8.922
8.023
8.675
9.726
9.627
9.340
7.626
8.022
9.335
9.531
10.031
9.925
8.024
8.730
8.827
7.821
8.822
8.229
9.831
8.429
9.927
7.530
9.028
7.723
7.922
9.629
9.532
7.528
9.027
7.733
9.537
8.023
8.424
8.029
7.628
8.223
10.026
7.724
8.730
9.327
9.923
8.621
9.323
7.931
9.931
8.326
8.432
8.830
9.029
8.128
9.731
9.035
8.332
8.834
9.328
8.730
8.322
8.721
9.054
10.031
9.229
8.432
7.930
7.525
9.231
9.540
8.432
9.132
8.530
9.629
8.524
8.322
8.229
7.829
8.924
8.225
8.629
9.826
9.521
7.720
8.029
9.330
9.243
8.824
8.127
8.624
7.727
8.920
9.928
9.227
9.126
9.029
7.728
9.743
9.223
9.423
7.926
7.829
8.532
9.126
9.955
9.728
9.927
8.226
10.037
9.081
9.126
8.722
8.720
8.523
9.127
9.523
8.026
8.326
8.422
8.623
9.426
8.628
7.626
9.431
7.937
9.229
8.575
8.229
9.130
7.926
7.523
9.524
8.226
8.725
8.528
8.024
8.471
8.522
9.030
8.524
10.028
8.028
10.025
8.922
9.322
9.028
8.583
9.832
9.865
9.428
8.524
9.425
8.228
8.621
8.926
8.633
8.025
10.030
9.325
9.627
7.825
9.661
9.224
8.725
8.227
7.827
9.426
9.326
8.824
8.330
7.827
9.031
8.959
7.928
8.051
8.326
9.425
9.256
8.022
9.226
8.525
9.223
8.728
9.228
7.725
7.720
8.022
8.428
7.626
9.830
7.928
8.126
9.325
9.624
9.525
7.725
9.930
8.930
9.582
8.926
9.728
10.029
8.025
8.726
7.827
8.738
9.523
9.829
7.827
7.629
9.122
9.066
9.324
7.932
8.231
9.627
8.127
8.924
7.926
8.524
8.631
8.631
9.333
8.126
8.324
8.828
8.325
8.424
7.626
7.932
9.825
9.827
8.125
7.927
8.524
8.624
9.126
8.124
8.334
9.431
8.338
7.521
8.322
7.525
8.122
9.228
9.829
8.828
8.023
7.928
10.028
9.427
9.024
9.226
7.625
10.025
8.128
8.427
8.323
8.220
9.022
8.225
8.279
9.629
8.632
9.226
8.228
7.823
59.220
0.030
9.205
0.105
0.021
9.605
8.228
8.530
7.524
7.524
8.223
9.035
8.327
8.821
9.128
7.654
7.935
8.332
7.729
7.926
8.922
8.821
8.720
9.922
7.925
9.519
8.024
7.725
8.223
9.926
8.627
8.625
9.830
7.724
8.439
8.025
9.923
9.123
9.223
10.028
9.224
9.929
9.123
10.023
8.924
8.222
7.723
9.328
9.226
8.127
9.727
8.227
9.433
8.434
8.031
10.036
8.031
8.730
7.627
8.927
8.524
8.725
10.029
8.328
9.234
8.435
9.039
9.035
7.629
8.126
9.133
9.531
8.127
8.430
9.626
9.529
9.125
9.839
8.831
8.423
8.033
8.628
9.127
7.524
9.524
9.927
7.526
7.637
8.530
7.627
9.131
9.823
9.126
9.226
8.227
8.227
7.530
9.728
9.932
7.929
7.930
9.036
9.927
8.726
9.930
9.527
8.426
9.129
9.433
9.933
7.631
10.030
8.434
9.431
10.030
8.128
9.226
7.628
8.431
7.927
7.831
10.029
7.628
9.629
9.225
8.330
7.724
9.429
8.131
8.405
9.144
8.752
9.434
9.726
9.924
9.429
9.333
8.427
8.426
8.626
8.225
8.730
8.730
9.433
8.133
8.931
10.031
9.824
9.026
8.326
7.825
9.533
8.530
7.926
9.027
7.621
8.929
9.425
9.725
9.731
9.732
9.571
8.333
9.073
9.334
8.426
8.433
8.532
9.332
9.530
9.834
7.727
8.227
8.731
9.641
8.832
7.541
9.530
8.732
9.749
11.995
16.002
14.002
8.931
9.730
7.627
9.228
8.831
9.833
8.929
8.429
9.430
8.540
9.328
8.534
7.931
7.624
9.623
9.124
9.632
9.129
8.826
9.831
10.030
7.627
9.328
8.749
7.625
8.931
7.581
9.437
9.432
9.131
8.232
8.230
9.028
8.328
7.625
7.724
8.227
9.030
8.631
7.526
7.635
7.835
8.830
8.033
8.125
8.326
9.954
7.406
7.524
8.533
7.667
10.030
8.727
9.525
8.628
9.027
8.529
8.932
8.527
7.832
28.839
9.229
8.823
9.625
7.726
8.933
9.838
8.433
8.027
8.652
8.485
8.126
8.925
7.633
8.631
9.835
8.429
8.126
7.623
8.526
9.328
7.739
8.634
7.931
9.930
9.825
9.727
8.425
8.625
8.133
8.735
9.233
7.527
7.625
9.030
7.722
9.039
8.726
8.833
9.533
9.829
7.625
7.726
8.927
7.724
8.832
8.630
8.934
9.629
8.725
7.522
9.123
9.132
8.632
9.532
9.028
8.526
9.125
9.927
9.825
10.031
8.730
9.035
10.036
8.935
8.130
7.828
8.026
9.324
9.130
7.767
9.134
9.527
7.929
8.128
9.728
9.530
9.226
8.725
9.223
8.023
8.724
8.235
9.631
9.930
7.927
8.527
8.325
9.727
8.526
8.170
9.633
10.029
9.825
9.723
9.031
7.823
10.024
9.534
9.633
9.327
9.725
8.823
8.726
7.627
9.431
8.529
9.827
8.723
9.826
8.924
9.225
8.427
9.926
9.032
8.234
7.737
7.629
9.575
7.264
8.726
9.926
9.726
8.625
9.827
9.630
7.533
7.534
9.536
9.730
9.828
8.926
9.424
8.822
7.525
9.726
8.329
9.381
8.764
9.836
8.428
8.429
8.926
9.427
8.425
8.182
7.727
8.627
8.228
9.532
8.933
9.434
9.530
8.528
8.126
9.225
7.922
8.320
9.428
7.525
7.929
9.230
8.941
10.030
8.129
9.159
9.826
8.927
7.629
9.323
8.624
8.730
7.925
7.733
8.036
8.846
8.236
8.327
7.626
8.926
7.923
9.021
8.422
10.025
7.626
9.025
9.340
8.234
10.032
8.731
8.528
8.125
7.831
9.927
8.025
8.427
9.029
7.832
10.032
9.336
9.831
8.626
7.925
7.622
9.876
7.857
9.221
9.725
9.727
9.334
8.842
7.536
8.432
9.737
7.627
8.527
8.725
9.528
9.228
8.829
8.135
7.627
9.426
8.629
7.744
10.024
9.727
9.434
7.933
9.630
8.827
7.624
8.330
9.430
8.031
9.833
8.030
9.727
9.726
7.823
9.122
8.430
7.926
10.033
8.032
8.231
8.627
9.427
7.826
9.493
8.232
8.435
8.130
7.529
9.729
8.527
10.029
9.387
7.827
8.034
8.936
9.334
8.426
9.924
8.627
9.129
9.955
9.431
8.929
9.556
9.727
7.924
7.821
7.725
8.025
8.534
8.532
9.127
7.925
8.824
9.531
8.627
10.033
7.732
8.631
9.625
8.722
8.834
9.132
9.226
9.527
8.133
8.628
7.824
7.924
9.833
9.430
7.726
9.328
8.246
9.742
8.934
8.833
7.633
9.429
9.326
8.724
8.023
8.525
9.132
9.538
8.034
7.834
9.427
8.229
9.128
9.234
9.738
8.047
8.227
9.023
7.524
9.034
7.829
8.022
9.426
7.739
7.631
9.930
9.527
8.533
9.729
8.523
9.930
9.932
7.830
9.333
8.731
8.528
7.845
7.930
8.030
8.530
8.227
7.526
9.428
10.042
9.230
9.028
8.030
7.526
8.231
8.946
9.033
8.531
8.727
8.623
8.724
8.830
8.429
8.327
9.931
8.033
9.326
9.925
8.025
9.926
9.129
9.223
8.525
48.828
0.030
9.607
0.294
0.021
8.165
9.128
10.042
7.930
8.430
9.130
8.428
8.726
10.055
9.126
7.874
8.626
7.923
8.929
10.029
9.415
10.027
8.221
9.322
8.224
7.727
9.126
8.724
7.723
8.324
7.924
8.736
8.132
7.627
7.726
8.622
8.128
9.522
8.724
8.727
7.822
8.020
9.828
9.234
7.921
8.821
9.626
9.128
9.224
8.631
9.029
8.628
8.625
10.022
7.823
9.326
7.623
9.623
8.120
7.824
8.123
8.727
9.056
8.725
8.922
9.429
10.032
9.727
8.824
8.923
8.322
9.422
9.422
8.020
8.522
9.824
9.521
8.219
9.021
8.828
9.425
8.225
7.626
7.930
8.131
7.947
9.929
8.226
7.726
7.933
8.731
8.524
9.222
7.827
9.927
8.227
9.825
10.030
7.885
8.529
8.827
8.829
8.022
8.121
9.522
9.132
8.122
9.122
9.820
9.620
8.019
9.321
7.722
8.130
9.927
8.533
8.831
42.832
0.027
9.403
0.100
0.044
8.048
7.627
9.725
8.623
10.066
8.024
8.324
9.925
8.324
9.531
8.732
9.834
7.532
9.538
9.432
9.328
7.529
8.430
9.231
9.931
8.926
8.729
7.729
9.827
8.527
9.027
8.523
8.429
8.327
7.630
8.760
9.128
7.727
8.533
7.630
7.830
9.028
8.628
7.626
10.023
8.032
9.026
9.929
8.226
8.730
9.223
7.656
8.929
7.727
9.627
8.731
9.332
8.229
9.232
9.027
9.447
8.128
7.626
7.728
9.127
7.727
9.126
8.123
8.126
7.525
8.426
8.427
9.225
9.525
9.371
8.571
7.727
7.933
8.948
8.627
9.128
8.228
8.830
8.028
8.627
8.525
9.429
7.926
9.425
8.732
9.629
8.724
9.527
9.829
9.028
8.626
7.630
8.034
9.235
8.325
8.325
7.623
9.227
10.024
9.823
8.127
9.324
10.028
8.626
8.327
8.624
7.624
9.125
7.522
8.325
7.621
8.522
7.722
8.221
7.825
9.123
7.823
9.024
8.624
7.722
7.922
9.722
7.822
8.725
9.023
8.624
9.523
9.321
8.027
9.621
9.121
8.652
8.822
9.024
9.780
9.723
7.723
7.525
8.952
7.722
8.324
9.222
8.726
8.723
10.023
9.022
7.821
7.919
8.221
9.124
8.122
8.822
8.725
8.625
10.028
7.666
9.824
9.622
9.523
7.920
9.422
8.721
9.027
8.123
7.622
8.921
7.922
7.924
8.923
9.322
8.121
9.922
8.724
9.623
8.621
8.622
8.722
9.124
9.227
9.425
8.123
9.824
8.423
9.523
8.526
8.524
9.823
8.423
8.123
9.421
8.825
7.624
8.021
8.023
8.423
8.424
9.429
8.950
8.823
8.423
8.322
9.624
8.422
9.522
9.322
9.728
8.224
8.023
8.724
9.930
7.522
9.522
9.827
8.422
8.924
8.322
9.729
8.724
9.222
7.922
8.223
31.511
0.003
7.783
0.245
0.021
9.575
9.739
8.225
7.929
8.640
9.545
8.827
8.324
10.030
8.430
7.627
9.732
10.032
8.326
8.522
9.025
8.528
8.228
9.025
9.728
9.628
9.832
9.337
8.434
8.928
9.732
9.433
9.629
7.626
8.134
8.227
9.024
7.727
9.133
9.534
9.035
8.127
8.431
9.832
8.340
9.336
7.536
8.126
8.630
8.528
9.133
7.836
9.629
9.832
9.330
9.231
9.637
9.226
8.425
8.136
8.228
8.027
10.043
7.822
8.323
8.230
8.726
9.825
8.632
7.831
9.430
7.527
8.665
7.931
7.527
9.632
10.032
7.574
7.625
8.523
8.624
9.528
9.028
8.125
9.468
8.429
10.032
9.128
7.531
8.330
9.833
8.333
9.032
9.926
8.822
9.826
8.332
7.629
9.727
9.479
8.132
9.332
9.534
9.532
9.935
9.540
9.026
9.823
9.725
9.242
8.531
8.225
8.632
10.027
9.037
7.931
8.627
8.924
9.622
8.620
9.921
9.524
9.440
9.029
9.527
8.323
8.920
7.725
8.525
8.631
9.933
9.328
8.023
9.323
8.725
7.819
9.885
7.725
7.833
8.734
9.671
8.825
9.728
8.125
8.922
8.625
8.732
10.028
7.724
8.426
8.911
7.725
8.023
8.126
9.528
7.525
9.226
8.326
7.931
7.828
9.624
7.722
9.632
7.531
9.726
8.527
8.134
10.863
8.726
8.425
10.033
8.229
9.924
9.829
9.025
8.726
8.320
7.823
8.952
8.725
9.023
7.629
9.226
9.527
8.422
8.624
9.728
7.525
9.427
7.832
8.031
9.024
8.222
7.629
9.228
8.125
8.624
9.832
9.532
10.026
8.128
9.420
8.321
7.925
9.330
10.032
9.432
7.627
7.726
8.225
9.031
9.435
8.529
8.136
9.365
9.453
9.424
8.722
9.724
8.833
9.033
7.628
7.935
9.831
7.926
9.628
8.036
9.035
9.433
10.033
9.132
7.639
9.624
9.923
8.324
8.832
10.031
7.635
9.133
7.925
8.527
8.127
9.836
9.533
8.928
8.833
9.025
8.522
7.522
8.821
9.827
9.996
9.084
7.833
9.171
9.429
9.928
9.632
8.634
9.430
9.634
7.828
9.623
9.123
7.926
7.824
7.831
7.832
8.129
9.730
8.225
9.128
7.931
8.029
8.731
9.329
9.332
7.627
7.721
9.524
9.021
7.624
8.730
8.131
8.126
7.726
7.627
8.025
9.929
8.927
7.533
9.634
9.332
9.832
8.830
9.725
7.520
9.321
10.021
8.322
8.954
8.433
9.934
9.333
8.934
8.735
8.640
8.331
8.929
9.028
7.829
8.027
9.423
9.221
8.821
7.625
9.430
8.932
8.332
9.430
7.829
8.425
9.123
9.833
8.131
7.829
9.462
8.426
9.725
9.523
9.226
8.521
7.875
9.332
7.836
9.432
8.124
9.127
7.727
9.540
8.232
8.230
7.638
7.790
9.924
8.920
7.922
9.435
8.031
8.769
9.031
8.327
9.624
8.027
8.024
7.962
8.432
7.532
9.030
8.026
9.723
8.320
9.220
7.522
7.531
9.530
9.431
8.229
8.723
9.826
7.826
9.731
7.931
8.232
9.934
7.976
9.826
7.924
9.924
7.720
9.504
9.026
8.727
8.924
9.533
9.233
9.533
8.038
9.430
8.433
8.722
9.123
9.369
7.923
9.381
9.534
7.533
8.839
7.832
8.828
8.625
8.225
8.624
9.229
9.124
8.430
9.730
8.834
8.928
9.727
9.129
8.229
8.623
7.721
9.625
8.230
9.725
9.130
8.832
9.232
7.632
10.033
8.430
9.424
7.823
7.622
8.921
7.919
9.023
9.231
9.437
7.732
7.533
7.931
9.431
9.332
9.032
9.029
8.128
8.447
8.824
9.925
8.730
9.927
7.730
8.530
8.333
7.530
7.731
9.628
9.324
7.821
9.522
7.825
9.826
7.534
8.033
8.830
8.130
9.730
8.541
10.026
9.925
8.224
8.026
9.226
10.029
9.733
8.435
8.231
7.928
9.732
8.237
9.130
9.829
8.526
7.732
8.034
8.724
7.923
7.722
8.125
8.326
10.182
8.523
8.225
9.726
9.029
9.527
7.930
8.647
9.935
8.028
8.629
8.224
8.723
7.720
8.224
8.426
8.626
9.127
8.824
8.531
9.929
8.030
8.432
8.528
8.329
9.121
9.726
8.722
9.321
7.821
9.723
8.932
8.832
7.831
8.830
7.930
9.828
9.224
9.225
9.925
9.825
7.719
8.031
8.431
8.126
8.930
10.075
9.391
8.027
8.424
7.923
8.028
9.023
8.822
9.022
9.828
7.825
8.628
8.631
9.629
9.186
8.323
8.658
8.022
8.624
9.924
8.630
8.630
9.645
7.734
8.431
9.233
8.132
8.929
7.775
8.821
8.021
9.820
8.221
8.532
8.328
8.628
9.223
9.825
9.924
8.127
9.729
7.628
9.486
8.530
9.729
8.745
9.324
8.224
9.225
8.024
11.866
46.061
0.028
9.155
0.713
0.048
10.042
9.427
8.931
9.131
9.628
7.884
9.628
9.524
8.522
8.221
7.822
9.624
9.936
7.725
9.424
8.122
7.631
9.725
7.625
8.625
9.327
8.822
8.022
7.647
8.023
8.526
8.627
8.525
7.823
8.821
9.221
7.920
8.121
8.223
9.525
7.925
8.530
9.227
7.531
9.526
7.531
7.830
9.029
9.930
8.322
8.522
8.123
8.425
8.124
8.324
9.523
7.527
9.627
10.025
7.921
7.733
8.621
9.020
8.737
9.119
7.818
8.118
9.620
8.635
8.824
9.230
9.228
7.526
8.421
9.324
9.521
8.622
9.820
8.726
8.726
8.034
9.921
9.327
9.128
8.236
7.525
8.723
8.222
9.922
8.620
8.820
7.521
10.023
8.025
9.024
9.025
8.329
9.630
8.525
9.621
8.322
7.921
8.820
8.323
9.024
8.028
8.024
7.526
7.725
9.427
8.744
8.522
9.221
8.024
7.521
9.920
8.223
8.819
8.320
8.021
7.520
9.623
8.326
7.626
7.526
9.824
9.221
8.525
9.320
7.820
8.323
7.723
8.223
9.622
8.846
9.730
7.726
9.529
10.024
8.126
8.849
8.623
9.375
8.121
9.320
9.430
8.023
7.736
8.383
9.025
8.222
8.524
8.727
9.219
8.721
9.024
9.124
8.027
10.026
8.361
8.328
8.423
8.823
9.327
7.923
7.524
9.122
8.321
9.720
9.020
9.024
8.438
7.823
8.228
9.027
9.625
7.724
9.722
9.852
8.723
8.824
8.224
9.823
7.530
7.527
8.626
9.025
9.223
9.122
9.122
7.619
7.518
7.520
8.921
9.524
8.127
9.125
8.879
9.230
8.727
7.723
8.122
9.623
8.222
9.022
8.822
8.023
9.324
8.623
7.929
8.127
7.626
8.852
8.021
7.622
8.921
9.120
9.319
8.218
8.319
8.518
8.321
8.624
8.725
9.830
8.228
9.625
9.021
9.521
8.721
7.725
10.027
9.325
10.030
8.130
8.420
8.920
8.822
7.827
7.728
9.323
8.521
7.821
8.021
9.025
7.924
9.630
8.340
9.926
7.722
9.326
8.521
8.822
7.819
9.820
8.527
8.622
9.322
7.621
8.226
7.927
7.824
8.122
9.923
7.821
8.872
8.221
9.421
7.521
8.619
9.620
9.528
9.623
9.930
7.735
8.727
7.924
9.823
9.722
7.721
7.723
9.023
8.822
9.023
9.577
8.728
7.626
8.223
7.920
7.720
9.021
8.320
8.134
9.620
8.120
8.620
8.519
9.024
7.935
8.823
7.527
7.530
8.224
9.822
7.544
8.622
8.522
8.020
8.423
8.330
8.424
8.826
9.826
9.927
7.777
9.322
8.521
8.023
10.020
8.922
8.220
9.120
9.920
9.021
8.722
8.125
7.727
9.927
9.725
8.422
8.620
9.923
8.421
9.621
9.723
8.424
8.324
8.322
9.128
9.228
9.125
7.523
8.121
9.123
9.923
8.321
8.320
8.419
9.019
8.422
10.022
9.820
7.523
9.923
8.928
8.927
7.923
9.221
8.925
7.722
7.519
7.760
7.620
8.622
10.064
10.021
9.728
8.228
8.422
8.823
7.624
10.025
8.827
8.221
9.227
8.825
9.326
10.025
9.726
8.224
8.628
9.724
8.122
8.828
9.728
9.826
7.871
7.720
8.921
9.224
8.023
9.127
9.628
8.327
7.826
9.525
8.423
10.021
7.727
9.324
8.922
7.822
9.428
7.826
8.724
8.624
9.226
7.926
8.724
9.021
8.921
9.823
8.826
9.721
8.720
8.420
9.420
9.020
8.760
8.420
8.420
9.422
7.624
7.924
7.828
7.937
10.036
8.725
8.125
7.821
7.924
9.720
29.093
0.031
9.805
750.105
0.154
0.026
9.494
7.628
9.631
8.535
9.229
9.527
9.931
8.829
8.230
8.427
8.225
9.925
9.825
9.127
8.223
9.324
9.323
8.722
9.629
9.929
8.830
8.244
7.933
9.132
8.826
7.826
7.524
8.625
7.824
9.722
9.623
9.925
9.824
9.323
8.323
9.125
8.822
8.326
7.923
9.724
9.324
8.823
9.526
9.030
8.034
7.733
8.331
9.826
9.131
8.025
9.923
7.822
9.024
7.927
9.627
21.593
8.244
9.631
9.027
8.725
9.430
8.649
8.534
9.280
8.025
9.624
8.224
9.325
7.825
8.825
8.929
9.826
7.523
8.625
9.023
8.123
8.826
9.822
8.024
8.077
7.925
7.825
8.525
9.424
8.530
8.238
9.731
9.244
7.926
8.622
8.125
9.824
9.925
9.124
8.923
8.121
8.823
9.931
9.927
9.227
8.823
9.034
9.131
8.928
7.723
8.021
9.723
9.223
7.925
7.625
9.724
8.421
8.222
8.122
7.723
9.222
8.825
7.523
8.524
9.226
8.926
9.133
8.929
8.926
8.424
8.026
9.524
9.723
8.023
9.622
9.021
9.323
8.725
8.128
8.122
8.922
8.624
7.723
8.022
9.123
8.123
7.622
10.023
8.826
8.423
7.822
8.123
9.731
8.128
9.123
9.025
9.529
8.225
8.078
8.328
9.125
8.521
8.024
8.927
9.224
7.522
7.925
8.525
8.724
8.526
9.325
7.523
9.822
9.822
8.228
8.824
7.824
8.324
8.922
9.321
9.422
9.524
9.924
9.024
7.522
9.122
8.127
9.523
10.022
8.622
7.970
9.023
9.923
8.426
8.123
9.023
8.422
8.521
10.022
10.061
43.753
0.028
9.309
0.091
0.067
9.036
8.124
8.629
9.530
9.131
7.637
8.743
8.434
9.631
8.730
7.528
9.834
7.733
9.037
8.484
7.727
9.527
9.929
9.432
9.332
8.430
10.027
9.826
9.633
8.634
8.433
9.329
8.433
7.632
9.530
8.027
9.328
7.536
9.129
8.931
9.434
9.233
7.726
7.735
9.034
8.931
7.830
8.728
9.127
8.636
8.130
9.533
8.037
7.928
8.934
10.031
9.027
9.030
8.227
8.525
7.626
9.128
8.033
8.531
9.430
10.030
9.229
8.833
7.632
8.229
7.826
9.527
7.630
8.025
9.828
9.158
9.433
7.732
7.728
8.638
9.025
8.324
8.129
9.826
8.926
9.729
9.733
7.934
8.630
7.831
9.129
8.732
9.632
9.628
10.027
9.128
9.534
9.329
8.030
11.127
7.728
8.330
9.328
7.824
8.829
9.227
9.427
8.331
9.627
9.828
9.529
8.628
8.126
7.725
8.331
9.728
9.928
8.128
7.527
8.425
8.731
9.229
9.928
8.433
8.927
10.028
7.529
8.629
9.426
8.228
8.425
9.628
9.131
7.630
9.928
8.057
9.631
9.489
9.130
9.130
9.229
8.730
7.828
10.027
9.128
8.830
9.629
8.929
9.525
9.923
10.025
8.130
9.239
10.033
9.080
8.228
7.529
9.229
9.333
9.532
10.035
7.626
9.085
9.238
8.032
8.966
9.929
7.585
8.425
9.127
9.328
7.525
7.721
9.723
7.625
9.327
8.426
10.063
8.332
7.828
9.825
8.325
8.627
9.129
8.229
7.828
9.826
8.525
9.528
9.132
7.927
9.630
9.426
9.429
8.922
9.925
8.425
8.831
7.530
9.426
7.824
9.427
9.630
8.330
9.027
9.829
7.530
7.525
30.534
0.021
3.018
0.080
9.636
9.437
9.226
8.827
7.728
9.733
8.523
8.726
9.224
7.725
9.133
8.933
9.933
8.723
7.827
9.928
9.630
9.328
10.033
9.130
9.825
9.525
8.724
8.025
8.623
8.623
8.326
8.630
8.429
9.429
9.225
8.125
8.724
8.626
9.432
9.132
8.226
8.025
8.025
7.527
8.527
9.630
9.233
8.328
8.424
9.577
8.330
8.028
8.727
8.227
9.827
8.429
7.824
8.626
9.227
8.927
9.728
10.030
7.726
8.228
9.533
9.628
8.844
8.131
8.812
7.627
9.935
9.147
9.125
7.824
9.324
7.529
7.623
8.484
8.532
8.528
8.034
9.332
9.232
9.434
7.728
9.228
8.028
8.029
22.055
9.740
9.529
10.055
9.830
9.927
8.327
9.224
9.423
9.960
10.021
7.723
8.120
9.822
9.326
9.720
7.822
8.723
9.932
7.928
9.927
8.324
9.122
7.823
7.822
8.520
9.822
8.024
7.625
7.723
8.729
7.828
7.528
8.323
7.925
9.822
8.123
9.021
8.921
7.520
8.819
8.818
7.750
9.425
8.724
9.730
9.334
9.027
8.324
9.120
9.622
8.122
10.023
8.932
8.727
7.726
9.928
8.632
8.425
7.625
9.023
9.623
8.125
9.020
7.921
8.846
8.922
8.522
7.726
7.725
8.735
9.028
9.225
8.924
8.327
7.821
8.522
7.521
9.622
9.626
9.226
9.125
7.833
9.329
7.925
9.021
9.722
7.922
7.721
8.021
8.220
9.220
7.767
8.922
8.121
8.323
7.628
9.527
9.423
8.022
9.922
8.026
9.521
9.021
9.730
7.732
9.624
8.141
8.026
9.125
7.623
9.929
8.121
8.020
9.319
8.819
9.719
8.920
9.421
10.025
9.624
7.829
9.127
10.025
9.222
10.022
8.329
9.523
9.626
7.835
10.025
9.770
8.328
9.628
8.621
8.121
10.021
8.120
8.820
7.919
9.924
9.121
7.920
8.022
9.629
9.728
9.528
9.547
8.723
9.022
9.421
8.423
9.321
8.625
8.469
8.624
8.727
9.226
8.225
8.325
9.522
8.123
7.920
7.920
7.620
9.220
8.620
7.620
7.520
7.523
8.263
9.923
9.128
8.952
8.022
8.970
8.521
7.622
8.320
10.022
9.224
7.823
8.323
8.628
8.927
9.222
9.820
7.622
8.322
7.920
8.620
7.920
8.821
9.219
8.626
9.124
8.357
9.731
9.276
8.524
9.921
7.620
8.420
8.923
9.020
9.123
7.925
7.623
9.328
8.928
7.528
8.629
9.221
8.423
9.723
8.326
7.521
9.423
8.622
8.621
9.923
9.926
9.229
8.628
9.024
7.723
7.626
10.022
7.523
9.623
8.523
9.922
9.923
9.627
9.025
9.030
8.824
9.424
9.124
8.021
8.321
9.222
9.120
7.621
7.523
8.828
8.624
7.728
8.326
9.925
9.022
8.122
9.727
8.221
9.421
8.825
8.424
9.826
8.827
8.526
9.525
10.024
8.322
9.523
9.722
9.823
8.420
8.419
9.421
10.021
9.225
7.626
9.328
8.226
7.930
9.522
9.721
9.123
9.825
8.225
8.925
8.723
9.028
8.828
9.429
8.427
7.522
8.022
8.321
8.822
9.019
7.920
8.921
10.021
9.920
8.522
9.827
8.232
9.731
9.126
8.323
8.821
9.422
7.621
9.721
9.888
9.626
9.627
9.031
9.528
7.723
8.125
8.228
9.224
9.423
7.725
7.724
9.431
8.429
8.527
8.426
9.922
9.125
9.841
9.927
8.926
8.522
9.830
9.827
8.125
9.025
8.328
9.427
8.326
8.425
9.225
8.227
8.124
8.723
10.026
7.622
8.923
8.022
8.524
8.122
9.927
8.928
8.527
9.423
9.967
9.625
7.729
9.730
8.828
7.525
9.726
7.930
8.529
9.627
7.625
9.330
8.530
8.628
8.830
9.526
9.521
7.920
7.721
7.826
9.221
7.824
8.129
8.234
8.323
9.123
9.023
8.327
8.126
7.524
7.626
7.931
9.878
7.922
7.820
8.519
8.119
7.623
8.924
9.132
9.828
9.330
8.523
8.257
7.822
9.824
7.726
7.527
7.633
8.124
7.823
9.528
8.622
8.422
7.720
9.428
7.631
9.229
7.825
8.224
9.223
7.922
8.925
9.126
8.528
9.228
7.625
9.121
9.322
9.019
8.320
9.221
8.424
9.330
10.030
8.826
9.023
7.821
9.024
9.425
8.424
9.529
8.828
9.525
8.034
9.082
9.021
8.120
8.420
9.528
9.031
7.727
7.525
7.827
9.422
8.672
9.725
9.730
7.828
9.224
8.623
8.922
8.320
9.820
8.320
8.225
8.529
7.527
8.526
7.678
9.422
9.622
9.625
8.124
9.229
7.728
9.950
8.322
8.331
8.425
7.723
10.023
8.832
8.035
8.029
8.123
9.157
7.622
7.726
9.652
9.325
9.129
8.428
7.632
9.024
9.523
8.521
7.628
9.523
9.821
7.722
8.825
9.527
10.029
9.624
8.928
7.630
9.631
9.732
8.694
7.934
7.625
8.558
9.526
8.129
9.027
7.525
9.928
9.230
8.028
9.623
8.622
9.828
8.223
8.725
8.724
7.628
10.026
8.822
9.622
9.750
9.229
8.527
9.128
9.127
8.025
7.966
9.227
7.627
7.825
7.726
8.226
7.926
8.729
7.633
8.731
7.930
7.923
8.723
9.822
8.622
8.421
8.324
8.525
9.127
9.827
9.734
9.425
9.725
8.626
8.926
9.529
7.729
7.525
8.527
9.526
8.125
9.025
8.622
8.421
9.529
9.046
9.376
7.522
7.824
9.724
8.931
8.228
7.531
7.525
8.121
8.820
8.623
9.024
9.824
7.926
8.923
9.625
9.830
8.727
8.123
8.926
8.128
8.524
8.931
9.346
7.931
9.727
8.428
9.232
8.224
7.821
8.127
7.527
7.828
8.427
9.727
9.224
9.430
9.933
9.428
10.027
8.622
8.226
9.121
8.321
8.647
8.126
7.881
8.323
9.328
8.425
9.924
7.522
9.627
9.026
9.427
7.633
8.630
7.925
9.325
9.427
8.326
9.924
9.624
8.825
8.429
9.229
8.032
7.724
9.024
7.533
7.930
7.530
8.224
9.528
8.522
9.351
7.622
8.822
7.823
9.623
9.936
7.828
9.727
9.423
9.323
9.225
9.527
7.930
9.632
8.926
10.024
8.026
8.925
9.524
9.424
9.825
8.833
7.529
7.726
7.926
7.723
8.125
8.127
8.731
7.731
9.149
8.124
7.859
7.821
54.218
0.028
7.603
0.275
0.024
10.268
9.731
8.234
9.128
9.326
8.833
8.831
8.129
8.729
9.426
9.527
8.333
8.932
9.432
9.828
9.124
9.625
7.632
9.334
7.837
8.233
7.928
8.124
10.029
8.632
8.631
7.727
9.726
8.724
8.030
8.627
8.827
7.823
9.422
7.823
9.823
8.324
9.424
8.026
9.831
8.933
7.631
8.030
7.726
9.627
8.034
9.529
68.537
0.033
8.156
0.113
0.079
9.139
9.431
8.136
9.036
8.128
9.227
9.531
7.767
8.125
7.639
9.127
9.627
8.231
8.636
10.030
7.928
9.424
9.527
8.523
9.126
8.336
8.835
9.932
8.726
8.573
7.827
8.128
8.081
8.432
9.531
7.831
7.626
9.026
8.426
9.427
9.627
7.730
8.831
9.926
8.528
9.136
9.132
8.856
9.087
7.630
8.252
7.923
9.523
7.631
9.133
8.828
8.625
7.828
8.623
10.022
8.921
8.929
8.028
9.426
10.091
7.626
9.926
7.621
9.228
67.854
0.027
9.706
0.243
0.020
8.681
8.727
9.926
8.628
7.729
7.925
10.027
7.824
8.828
7.824
7.522
8.921
9.432
8.834
7.624
9.925
9.982
7.525
8.720
8.922
8.229
8.227
8.824
8.544
8.029
9.127
7.622
8.919
8.730
9.129
7.523
9.828
7.929
7.524
10.021
8.220
7.927
7.528
8.724
9.225
8.030
8.929
8.225
9.929
7.878
8.322
9.923
7.623
8.524
8.833
9.232
9.259
9.537
8.232
7.631
7.726
9.826
8.029
9.124
8.728
10.069
9.327
8.624
7.628
9.329
8.728
8.526
9.928
8.725
10.027
9.224
9.426
8.833
9.929
9.230
9.424
8.321
9.320
9.535
9.531
8.033
8.934
8.632
10.529
9.630
9.032
7.824
9.531
9.725
9.524
8.329
9.433
8.932
9.531
9.728
39.078
0.027
8.312
0.104
0.027
9.852
8.329
7.624
9.124
9.824
10.030
8.529
9.127
8.527
7.726
8.824
7.927
8.228
7.628
9.326
8.330
9.730
8.425
8.722
9.323
8.023
8.324
7.625
7.532
9.933
9.630
9.726
8.825
7.411
8.026
9.227
7.730
8.831
9.324
9.631
8.624
9.422
8.024
7.625
8.029
8.430
9.132
8.537
9.124
9.225
7.924
9.923
9.026
8.825
8.728
8.327
9.527
9.531
8.428
9.524
9.427
8.123
9.328
7.722
8.623
7.524
9.622
9.131
8.892
8.833
8.629
7.528
8.425
9.324
7.925
8.923
7.623
9.526
7.527
9.428
8.725
8.130
9.431
7.826
9.425
8.125
8.621
9.023
7.722
9.722
8.622
9.624
7.725
8.129
7.524
9.143
8.132
9.627
8.325
9.449
8.624
9.622
9.726
9.728
8.827
7.525
8.529
9.131
9.528
8.822
8.424
8.328
9.623
7.727
8.723
9.025
8.527
10.034
8.126
8.828
9.731
9.326
8.528
7.529
9.925
8.724
9.327
7.926
8.330
7.528
10.027
9.433
9.827
9.626
9.027
8.727
9.826
7.626
7.728
9.331
9.132
8.828
7.733
8.728
9.328
9.127
7.832
7.929
9.123
8.440
9.225
8.929
7.825
7.926
9.126
7.829
9.129
8.428
8.427
7.525
8.624
8.625
9.427
8.428
8.330
8.529
9.881
8.126
8.927
7.530
7.526
8.129
9.030
7.723
9.331
8.229
9.434
9.828
8.933
8.632
8.429
8.044
7.624
8.725
8.622
9.225
9.330
7.731
7.730
7.626
7.726
9.127
8.924
9.926
10.025
9.828
8.526
9.736
7.830
7.527
9.932
7.823
8.226
9.127
8.031
7.630
10.030
7.531
10.027
8.830
8.829
9.207
8.939
8.928
9.930
8.125
8.325
9.124
8.524
8.723
9.522
9.024
7.723
8.323
9.025
7.823
8.028
10.031
7.731
8.531
7.728
7.726
8.827
8.423
9.325
9.634
8.528
9.330
9.629
8.628
8.030
8.630
9.630
7.531
10.033
9.528
8.427
8.426
8.725
9.425
9.725
8.122
8.323
7.521
9.223
9.826
7.924
9.925
10.032
8.333
8.430
7.626
8.528
10.918
7.724
8.024
9.423
9.924
9.825
9.225
8.730
7.928
7.746
8.432
8.230
7.833
7.830
9.130
8.827
9.365
8.625
8.624
7.521
9.528
8.830
9.427
9.423
9.223
9.324
9.525
7.626
7.638
9.833
8.734
10.033
8.629
9.228
9.624
8.522
9.125
8.726
9.925
9.726
8.927
8.225
7.824
9.430
8.829
9.647
8.129
8.022
8.224
9.424
8.220
7.825
8.225
7.622
9.949
7.522
9.427
9.624
7.723
9.725
9.528
9.137
9.829
8.130
8.433
9.328
9.329
7.626
8.127
9.128
9.836
9.726
9.827
7.628
9.125
8.730
9.932
10.443
8.707
8.030
9.527
7.626
8.528
7.626
7.727
8.421
7.824
9.623
7.919
8.023
9.428
7.525
9.825
9.328
8.139
8.165
8.631
7.531
8.231
9.427
9.124
8.225
9.122
9.141
8.325
8.325
7.933
8.326
8.127
9.928
8.932
7.529
10.034
9.929
7.830
7.627
8.428
8.304
9.840
9.026
8.924
9.424
9.127
9.658
7.678
9.925
9.522
9.923
10.024
7.928
9.327
9.226
8.626
8.536
8.431
9.630
9.327
8.927
7.824
7.526
8.729
9.424
7.825
8.624
9.536
8.129
8.725
7.827
8.824
8.726
9.626
7.728
8.022
8.627
9.127
9.129
8.426
8.560
9.024
8.525
8.925
8.425
7.728
10.026
9.425
8.624
9.532
8.627
10.031
7.529
8.827
8.627
9.431
9.129
9.928
8.858
9.837
8.530
9.229
8.733
9.934
8.732
9.474
7.834
10.028
8.129
9.525
8.530
9.229
8.629
9.824
8.222
9.525
10.033
8.234
8.830
8.735
7.831
7.532
8.730
7.826
8.825
10.025
9.826
8.125
9.932
8.535
7.833
8.527
7.827
9.027
8.627
9.232
8.132
8.931
9.330
8.726
8.529
8.027
8.029
9.853
7.728
8.828
9.226
7.625
9.725
8.154
8.830
10.030
8.324
7.622
8.021
9.925
7.822
7.927
7.929
7.829
8.929
8.430
9.028
9.526
9.930
7.542
8.823
8.124
9.235
8.135
9.621
7.619
8.654
7.530
7.625
9.025
9.029
9.326
9.127
8.619
7.621
8.023
8.836
8.629
8.472
9.529
8.455
8.933
9.932
9.032
9.235
8.931
9.944
8.325
8.323
10.025
8.425
9.929
8.030
7.531
7.930
7.728
7.823
9.223
8.024
7.922
8.123
9.529
10.038
9.928
8.333
7.730
8.028
9.822
8.824
9.124
9.222
10.025
7.928
9.031
8.931
9.834
7.830
8.830
8.128
8.927
8.724
9.226
8.726
9.224
9.425
9.334
9.739
9.930
8.433
7.631
8.035
9.230
9.626
7.922
9.220
8.024
8.331
9.746
7.729
9.634
9.028
9.431
9.530
9.632
8.527
8.625
9.425
9.123
9.930
7.631
7.928
8.532
9.377
9.330
7.827
8.825
8.523
10.022
8.623
9.627
7.526
9.132
8.934
9.930
9.729
8.026
7.843
7.932
7.823
8.125
7.725
9.529
7.627
9.931
9.132
8.935
8.430
8.429
7.925
8.422
8.723
8.321
9.423
8.125
7.729
9.832
9.434
8.738
9.936
7.930
8.428
10.027
9.825
10.025
10.029
9.434
7.933
7.728
7.532
8.432
8.532
7.924
7.923
8.926
7.923
9.520
7.724
9.127
8.027
8.133
10.033
9.231
9.132
9.431
9.827
9.329
9.328
9.325
8.142
9.327
9.929
9.227
9.232
9.632
9.126
9.126
9.230
10.234
9.625
9.426
8.025
8.032
9.844
8.431
9.436
7.835
8.026
9.626
9.425
8.525
7.822
9.622
7.829
9.432
8.927
8.989
8.832
8.333
9.726
9.423
7.522
9.626
8.523
9.528
9.328
7.525
8.728
8.428
9.724
8.229
7.927
7.731
9.025
7.829
8.832
8.542
8.228
9.633
8.331
7.727
8.078
8.625
9.823
8.621
8.021
8.827
8.824
9.530
9.635
8.527
8.931
9.931
8.228
7.524
9.522
10.026
7.832
8.123
8.633
10.033
9.129
9.023
7.828
8.230
9.425
9.423
9.221
7.520
8.920
7.620
7.929
9.633
8.827
7.772
8.126
9.529
9.029
9.727
8.927
8.828
8.329
7.926
8.631
9.035
8.033
8.228
9.128
8.331
8.829
7.628
8.427
8.024
9.221
8.820
8.924
8.729
8.331
8.332
8.930
9.729
8.431
9.331
9.226
9.726
9.547
7.528
9.325
8.529
9.932
8.233
9.829
8.134
8.633
8.528
9.823
9.320
9.220
8.821
7.522
8.124
9.223
8.527
8.928
8.324
10.029
7.729
9.740
8.223
8.523
8.525
7.826
9.725
7.728
9.733
9.530
10.673
9.937
8.830
8.623
9.729
9.721
8.520
7.721
8.223
9.525
7.626
7.732
8.830
9.028
7.730
9.432
8.126
64.127
0.026
8.404
0.554
0.020
9.187
8.733
9.528
7.526
9.930
10.031
9.732
7.722
9.721
9.220
7.621
9.526
7.924
8.929
185.695
0.034
7.504
0.125
0.025
8.526
9.530
9.830
8.632
8.246
8.931
9.132
7.849
9.528
7.729
8.730
8.729
9.127
7.727
7.524
8.726
7.827
9.950
8.734
10.032
7.534
8.532
9.137
7.928
8.573
9.072
9.327
9.825
9.977
9.432
9.630
8.326
8.833
9.548
9.630
9.829
8.331
8.628
7.526
7.929
9.129
8.929
9.324
8.326
9.226
9.334
9.526
9.526
9.130
8.133
9.629
9.329
9.326
8.728
9.926
9.827
8.532
9.424
9.724
8.424
8.728
9.426
9.226
7.624
8.825
8.930
9.925
9.823
7.523
7.529
7.825
9.124
9.226
9.629
7.525
8.323
8.823
9.532
7.935
8.023
7.823
10.025
7.530
9.631
8.838
9.932
9.531
9.928
9.227
9.432
8.230
8.028
8.934
7.529
8.424
7.725
8.924
8.225
7.632
9.136
8.528
8.027
8.323
7.624
7.726
8.324
8.627
9.129
8.030
9.224
9.828
8.526
9.325
9.828
8.235
8.332
9.932
7.932
8.124
9.228
9.827
9.030
9.829
9.468
9.236
8.331
9.028
8.225
9.227
9.429
7.534
7.630
7.536
8.328
7.924
7.728
9.428
9.029
9.527
7.525
8.328
9.356
8.525
7.625
9.235
9.431
8.424
9.021
9.827
9.228
8.241
9.729
8.330
8.136
8.524
7.625
8.928
8.107
8.034
8.025
9.733
8.531
8.427
9.726
9.627
8.836
7.628
8.928
8.030
9.630
8.929
8.824
9.025
7.529
9.125
8.226
9.431
10.035
9.927
9.425
9.331
8.227
9.024
7.725
9.027
7.623
7.824
8.021
7.824
8.929
8.827
10.028
7.530
9.736
9.926
9.670
8.430
10.032
8.426
9.131
9.532
10.030
7.925
8.725
10.033
9.537
9.630
9.636
9.734
9.425
8.924
9.138
7.867
8.031
9.432
9.339
8.235
9.929
9.929
8.724
8.933
8.625
8.831
9.032
8.233
8.627
8.726
9.332
8.784
9.730
8.634
8.432
9.831
9.029
9.628
10.029
8.626
9.144
9.538
8.435
8.631
8.530
7.784
8.924
9.227
9.854
8.236
7.534
9.828
8.227
8.725
8.732
9.327
7.732
7.835
7.645
9.031
9.030
9.632
7.721
8.825
8.132
8.636
8.634
9.828
8.326
8.525
8.627
7.527
8.131
9.732
8.632
9.330
9.928
7.724
8.428
9.623
8.627
8.533
9.431
9.334
9.725
8.222
8.727
7.526
8.532
9.034
9.132
7.625
8.524
9.523
9.025
9.427
8.241
7.729
9.125
9.033
8.932
7.625
9.224
9.723
7.530
7.730
8.927
9.924
8.130
9.828
9.727
9.222
8.229
9.227
8.629
8.124
9.928
9.827
8.123
8.525
8.728
9.925
8.627
10.032
9.329
7.723
9.321
10.032
8.130
10.027
9.128
9.731
8.929
8.223
9.325
8.933
8.733
8.124
8.725
9.331
8.128
8.530
8.722
8.829
7.629
9.833
9.628
10.029
9.876
7.723
8.631
8.629
7.726
9.928
8.532
9.629
7.625
7.928
9.724
8.536
9.229
8.879
8.130
8.029
9.524
7.621
9.630
8.127
8.834
8.428
7.629
8.827
9.524
8.823
7.862
9.628
8.724
9.926
9.831
8.427
7.722
8.322
9.632
8.085
8.228
8.233
7.734
8.635
8.933
9.923
9.634
8.031
8.825
7.827
8.531
8.330
7.925
8.448
9.126
8.930
9.127
9.427
7.857
8.530
8.375
8.125
8.327
9.649
8.228
8.027
7.937
8.630
8.824
7.621
9.325
9.831
8.425
9.528
8.333
9.831
9.626
8.032
7.777
8.324
8.323
8.931
9.342
9.033
9.626
8.628
7.823
8.625
7.928
8.127
9.925
8.824
9.023
8.129
8.327
9.923
8.831
8.928
8.429
7.524
9.128
7.722
10.024
10.022
9.930
8.233
9.935
10.362
8.929
7.725
7.724
9.830
9.181
9.532
8.930
8.831
8.027
9.224
7.522
8.723
10.028
9.935
10.029
9.125
8.124
8.423
8.925
9.424
9.832
9.928
9.731
8.829
7.727
9.625
8.927
7.524
8.023
8.926
9.531
9.433
9.179
9.927
9.325
8.126
9.526
8.123
9.649
7.732
10.031
9.729
8.924
10.021
9.724
8.841
9.230
8.028
9.932
8.129
9.926
9.622
8.141
9.528
8.626
8.325
26.554
7.637
8.324
9.823
9.124
7.926
9.342
8.134
7.731
8.625
9.025
9.824
9.423
8.525
10.029
9.427
8.332
8.832
9.533
8.230
7.752
8.625
8.725
7.723
9.259
8.936
9.819
9.823
8.434
8.534
8.029
8.370
8.729
9.127
7.524
7.922
9.524
9.323
8.524
9.827
7.827
10.027
9.730
9.833
8.729
9.828
9.325
9.725
8.724
15.799
8.046
8.927
9.987
9.232
9.331
9.024
7.922
9.227
8.928
8.833
7.735
9.532
9.131
9.124
8.723
9.127
9.525
8.132
8.333
8.132
8.025
8.924
8.326
7.623
8.827
9.532
9.943
8.027
9.327
8.523
9.225
9.925
7.531
8.932
9.232
9.331
8.029
9.624
8.522
9.525
8.526
8.934
9.137
7.530
8.128
7.726
9.331
7.529
8.527
7.626
8.332
9.129
9.229
9.124
9.231
7.925
8.730
9.327
8.433
8.025
7.927
7.728
8.026
8.230
9.333
9.736
10.026
9.930
9.527
8.623
9.572
7.926
7.628
8.724
8.227
8.228
9.134
7.634
8.429
7.530
7.736
9.330
9.128
9.665
8.591
8.525
10.028
9.839
7.930
8.525
7.927
8.334
8.730
8.431
9.233
8.230
8.031
9.233
8.227
10.029
7.930
7.624
8.123
8.325
9.034
9.028
10.683
8.024
9.128
7.625
8.223
9.425
9.681
7.524
9.124
8.027
8.733
9.132
7.725
9.126
7.734
8.328
7.525
9.021
9.232
9.334
9.727
9.826
8.629
8.145
9.923
9.226
8.133
7.927
10.026
9.832
9.429
9.224
7.923
8.533
9.533
8.626
8.027
9.031
8.829
9.789
9.724
10.029
8.827
7.627
9.232
9.131
8.425
9.527
8.226
7.633
8.733
8.030
7.526
10.032
8.525
9.924
9.127
9.329
7.834
9.333
9.030
9.926
8.638
9.624
8.330
8.028
8.323
9.026
9.728
9.725
8.830
9.324
9.631
7.525
9.427
9.031
9.163
7.824
8.421
10.028
8.129
10.504
7.926
8.171
9.728
8.921
7.921
8.932
8.129
8.425
8.128
9.831
8.327
9.224
9.329
9.333
9.929
7.624
8.326
9.531
10.027
9.622
9.032
9.734
9.831
8.333
8.624
9.140
8.825
9.526
9.031
9.628
9.421
9.557
7.630
9.027
8.523
8.325
7.929
9.428
9.221
8.723
9.132
10.029
8.128
8.627
9.329
7.969
8.930
7.731
7.642
8.828
10.791
9.128
8.424
9.732
7.532
9.835
8.732
8.938
9.429
7.724
8.627
8.823
10.072
8.827
7.926
8.324
9.828
8.324
7.851
8.924
9.832
9.531
9.130
8.030
8.225
8.326
8.424
9.628
8.529
8.729
8.526
8.438
7.738
9.629
8.227
7.825
9.535
9.531
11.166
8.930
9.930
7.929
7.825
9.757
9.428
8.229
8.121
9.138
9.802
8.531
8.231
9.024
8.137
9.827
9.685
9.032
8.041
8.030
8.526
9.223
9.519
9.724
7.724
9.744
9.233
8.429
7.627
8.728
8.032
9.725
21.138
7.825
7.825
8.031
7.629
9.768
8.721
8.519
9.017
8.119
9.722
9.731
9.633
7.930
9.425
9.231
9.420
7.520
10.026
8.021
9.423
9.429
7.839
9.839
9.227
9.525
8.322
9.623
8.321
8.919
9.221
8.525
9.427
9.537
9.232
9.829
9.427
8.123
8.422
8.520
8.724
8.026
8.124
9.276
8.631
7.632
7.830
8.132
7.826
7.726
8.632
9.721
9.822
8.925
9.419
9.022
8.524
7.828
8.534
9.630
9.228
7.823
8.223
8.826
7.528
10.024
8.525
9.425
8.024
9.633
8.035
9.434
7.526
8.623
7.821
8.847
8.921
8.220
9.419
9.224
8.625
8.124
9.029
8.431
9.727
8.524
7.523
8.321
8.823
8.721
7.824
8.022
9.022
8.632
10.500
9.085
8.729
8.128
8.526
9.423
7.625
9.021
8.720
7.822
7.725
9.326
9.139
9.155
10.028
8.626
8.425
8.724
9.429
10.347
9.624
9.024
8.336
9.828
10.029
9.730
8.431
7.832
7.826
10.024
9.122
9.823
9.122
7.920
8.019
7.822
9.824
8.128
9.531
8.630
8.430
9.825
7.824
10.022
9.024
7.923
8.724
10.032
9.232
8.033
10.033
8.927
9.724
8.323
8.722
10.565
8.125
9.822
9.922
8.633
9.939
9.130
8.529
9.027
9.525
9.022
9.524
9.426
9.627
8.929
8.029
7.928
8.632
8.532
8.028
8.451
9.031
9.226
7.924
8.325
9.921
7.822
9.927
9.530
8.829
8.777
9.025
9.623
8.525
9.124
8.130
8.331
8.126
9.126
10.022
7.828
8.025
9.433
9.929
7.747
8.324
7.821
8.123
9.628
8.932
8.826
9.930
8.028
8.122
7.719
9.023
7.928
8.324
8.826
9.932
9.630
7.524
9.122
9.247
8.530
8.126
10.029
9.531
8.925
9.127
9.527
9.422
9.824
8.819
56.113
0.033
7.509
2.397
0.023
8.381
9.428
8.833
9.742
9.227
9.326
7.931
9.725
8.426
8.425
7.933
9.830
8.431
7.631
10.034
10.034
9.526
8.628
8.229
9.531
8.025
9.728
8.728
10.031
9.232
8.628
9.027
8.425
8.822
8.722
8.227
9.727
8.226
9.531
9.534
7.630
9.028
7.525
9.829
9.928
8.427
7.827
9.826
9.626
8.129
9.931
9.533
7.631
8.431
7.729
9.827
9.023
7.522
8.622
9.125
9.233
9.932
8.231
7.830
8.733
9.729
8.731
8.535
7.827
8.128
8.125
8.124
9.824
8.127
8.025
9.929
9.132
8.332
9.830
8.628
9.253
9.729
8.229
9.351
8.022
8.623
9.222
9.727
8.827
7.927
9.025
8.041
7.731
9.730
8.533
9.125
9.530
9.729
7.523
9.926
7.925
8.139
7.927
7.729
8.833
8.552
7.723
8.030
9.582
10.033
9.327
13.404
9.633
7.627
8.021
7.822
8.823
9.920
7.621
7.518
7.726
9.128
8.224
8.226
9.028
9.226
9.827
8.425
8.824
7.525
8.235
9.527
8.122
8.928
9.723
9.627
7.525
7.526
7.722
9.721
10.023
9.725
8.523
9.821
9.922
9.228
7.721
8.822
9.123
7.824
9.023
9.522
9.525
9.822
7.826
8.426
9.133
7.631
9.328
8.128
7.822
7.723
7.523
8.425
9.325
9.922
8.222
9.532
9.926
8.426
9.126
10.028
8.328
7.734
9.924
8.160
9.523
7.525
9.626
8.724
8.123
8.524
8.323
7.522
8.427
8.720
8.619
7.525
9.029
8.042
8.327
73.373
0.022
8.406
0.559
0.048
7.839
8.333
8.528
9.827
8.336
9.736
9.125
8.424
8.122
9.322
8.323
8.727
8.922
8.520
8.221
7.522
9.124
9.425
8.649
9.330
7.828
9.844
8.029
8.027
8.923
8.623
8.826
8.322
9.726
9.827
8.625
7.525
8.223
9.924
10.026
9.025
9.727
9.226
7.531
7.727
8.531
8.329
9.123
7.522
9.625
10.023
7.822
8.629
9.331
8.933
8.134
9.628
8.830
8.673
7.527
7.829
9.727
9.027
8.626
9.624
8.724
9.925
9.627
9.631
9.933
9.729
8.724
9.728
8.927
8.832
9.928
7.525
9.829
9.126
7.533
9.336
9.032
8.026
8.124
8.327
9.429
8.725
8.027
8.324
9.825
8.324
8.632
9.731
9.829
9.929
9.231
8.729
10.030
8.929
8.226
9.824
8.724
9.723
9.527
7.528
8.425
9.522
7.524
8.127
8.631
7.827
7.626
7.523
8.324
8.431
8.528
7.928
9.627
9.324
8.723
9.524
7.524
7.524
9.325
10.026
7.531
8.432
8.859
10.030
10.034
9.852
10.050
8.723
9.425
9.623
8.923
7.729
9.023
9.024
8.554
7.526
9.325
8.825
7.824
7.736
9.726
9.026
8.132
9.478
8.226
9.625
8.923
8.424
9.823
8.376
8.624
10.026
9.328
9.934
10.032
9.433
9.632
7.529
8.228
9.128
9.631
9.725
9.525
8.526
8.828
8.024
8.855
8.230
9.525
9.322
8.421
9.422
8.224
9.323
8.729
9.225
8.824
7.721
7.523
8.721
8.624
8.833
8.640
8.030
8.726
8.722
7.527
8.427
8.725
8.326
7.721
8.223
8.127
9.727
9.526
9.429
7.829
8.427
7.524
9.970
7.625
8.424
9.421
8.322
7.831
8.026
10.026
9.124
8.526
7.728
7.957
9.826
9.231
9.126
7.926
7.823
7.920
7.924
9.028
9.226
8.928
9.224
7.532
9.731
9.032
9.727
9.225
9.431
8.028
9.228
9.223
8.123
7.822
8.520
9.023
8.122
9.221
9.122
10.025
7.827
9.561
7.832
7.726
8.742
9.627
8.128
9.229
7.528
8.824
8.353
9.424
7.825
7.627
9.424
7.525
9.231
9.329
9.231
8.532
9.854
8.630
7.831
7.927
9.125
9.026
9.624
9.731
8.341
8.822
9.830
8.734
8.322
7.827
8.931
9.528
9.927
9.827
8.825
7.537
8.532
9.739
9.424
9.022
9.826
9.030
9.226
8.925
8.226
8.631
9.932
8.152
9.728
7.626
8.729
8.728
9.329
8.227
8.531
7.623
9.823
8.322
8.820
8.022
8.822
7.820
7.625
8.827
7.525
8.929
8.940
8.728
8.526
8.428
7.727
8.328
7.524
9.423
9.723
8.427
7.927
9.825
9.126
7.724
7.570
7.729
9.131
9.431
8.730
7.626
9.532
8.426
8.621
8.422
9.122
9.928
8.725
9.223
8.625
9.023
8.025
7.626
7.629
9.331
8.630
8.028
7.526
8.631
7.631
9.925
9.823
8.222
9.827
8.824
8.525
9.926
9.227
7.728
9.432
8.027
7.824
8.822
8.927
9.127
9.924
8.124
9.122
8.721
9.823
7.729
7.619
8.021
8.023
8.028
9.826
9.332
8.535
10.027
8.126
8.825
10.033
7.829
9.626
10.025
9.328
8.223
9.826
8.427
8.424
9.325
9.030
9.029
8.230
8.026
8.023
8.028
8.721
9.725
9.225
8.624
7.524
9.623
9.124
8.222
7.523
8.823
7.522
8.727
8.925
8.128
7.529
8.928
8.630
9.827
9.028
7.828
8.124
8.722
8.725
9.025
8.125
7.825
8.121
8.832
8.628
8.737
9.529
9.826
8.527
8.626
8.328
8.726
8.123
7.625
9.623
8.324
9.121
9.622
9.621
8.024
7.824
9.824
9.628
8.928
9.528
8.525
9.226
7.530
9.929
8.126
9.224
7.922
8.423
9.926
9.424
9.525
8.732
8.831
9.432
9.929
7.521
7.929
8.733
8.427
8.024
8.222
9.222
9.623
7.824
8.921
7.527
8.324
8.627
9.825
9.825
8.027
8.228
9.127
8.234
8.227
9.730
10.029
8.626
8.321
10.024
8.124
7.925
8.625
9.426
7.528
8.429
9.730
7.928
9.626
8.024
8.628
7.932
9.928
8.123
8.222
8.822
8.422
9.322
9.922
8.123
9.030
8.124
9.125
8.034
9.029
9.828
7.925
8.933
8.631
8.731
8.827
9.224
9.324
7.524
8.832
9.328
8.666
8.625
9.730
8.329
9.326
8.225
8.824
9.132
9.131
9.526
8.023
10.031
8.921
8.123
8.223
7.820
8.926
10.079
8.624
7.844
10.027
9.027
9.528
8.526
7.825
8.231
7.827
9.825
8.525
9.323
9.126
9.628
7.833
8.722
7.924
9.632
9.725
9.273
8.924
8.728
8.830
9.625
8.822
7.723
7.647
9.723
8.224
9.023
9.727
9.323
9.625
9.625
8.439
9.027
8.230
8.931
9.931
8.527
8.727
8.324
7.823
7.725
7.923
8.323
9.123
8.526
8.125
8.929
7.622
9.726
7.524
9.135
9.232
9.030
9.328
9.626
8.725
7.724
8.738
8.523
9.531
8.231
8.028
8.125
9.725
8.735
9.527
9.629
9.932
8.330
8.084
7.824
8.726
8.632
8.921
7.822
9.623
9.521
9.230
9.926
9.326
9.532
9.035
8.434
8.636
8.429
8.124
9.825
8.833
9.427
8.425
8.327
7.722
8.925
9.125
10.024
7.726
8.727
9.725
7.636
9.636
7.630
8.128
8.429
9.027
9.530
8.730
8.524
8.926
8.125
8.633
8.327
7.722
7.724
9.328
8.823
8.826
7.527
8.822
7.622
9.424
9.727
8.628
9.929
8.826
7.626
9.825
9.024
9.023
9.628
9.332
8.784
9.934
7.629
9.730
8.830
9.624
8.330
7.530
8.728
9.127
8.626
9.524
9.530
9.028
8.930
8.525
7.724
9.027
10.026
7.823
8.524
9.827
9.129
8.325
8.532
9.241
8.237
7.725
8.426
7.726
9.725
9.658
7.826
9.862
9.232
9.135
9.431
7.730
9.327
8.035
9.340
8.029
7.628
9.032
9.524
9.132
10.033
9.828
8.025
7.531
7.728
9.028
9.826
9.428
7.524
8.325
8.727
8.231
8.727
9.827
8.727
8.523
9.423
9.024
8.324
8.523
8.227
7.864
8.730
7.532
8.528
8.233
8.026
8.627
9.734
7.527
7.624
9.824
10.026
8.325
9.826
7.824
7.539
9.527
9.927
7.532
7.919
8.825
8.428
9.327
8.525
9.627
7.824
7.828
8.529
8.626
8.925
9.525
9.127
7.731
9.531
7.526
8.433
7.630
8.829
8.226
7.827
9.230
7.927
7.924
7.623
7.825
8.325
7.623
9.927
8.333
7.824
7.925
9.630
8.830
9.830
8.327
8.523
7.726
8.626
9.831
9.030
7.627
9.224
8.023
7.922
8.822
8.227
9.025
8.926
9.734
9.829
9.336
8.829
7.821
9.727
9.030
8.228
8.126
9.326
8.228
9.026
9.727
8.629
8.726
8.623
8.526
9.527
9.829
8.725
8.327
9.526
7.623
8.668
8.831
8.135
9.026
7.524
9.032
8.242
9.228
8.726
7.934
8.626
7.623
8.430
8.227
9.129
9.127
9.153
8.627
9.827
8.221
8.229
8.425
9.425
9.525
9.629
9.122
9.226
8.327
9.925
8.925
8.422
8.426
7.631
9.333
7.629
7.928
8.425
8.325
9.625
9.625
8.922
8.121
9.825
9.825
9.026
9.026
8.928
8.026
7.522
8.822
8.924
8.426
9.922
8.321
7.858
9.524
9.925
9.829
7.927
9.926
8.632
8.828
8.232
8.924
8.223
8.323
9.321
9.223
9.329
8.834
8.923
8.324
9.626
8.827
8.126
8.622
7.825
9.725
9.327
7.825
8.425
8.220
9.021
8.523
9.223
9.326
7.935
9.029
9.227
8.325
8.821
7.723
9.823
9.721
9.222
8.226
8.224
8.625
7.526
10.027
10.024
8.924
8.323
9.527
7.924
9.121
8.221
8.220
8.920
7.519
8.721
10.026
8.432
7.627
8.428
7.526
9.723
8.822
9.024
8.823
9.823
7.926
9.325
9.625
7.531
8.627
7.730
8.425
9.776
7.925
8.422
9.822
9.323
9.424
9.520
9.723
8.624
7.625
8.032
10.032
7.827
9.528
7.523
8.723
9.624
8.521
8.780
9.426
9.827
7.628
8.441
9.828
8.225
7.623
9.323
8.529
8.921
9.720
9.420
8.723
7.519
7.921
8.534
9.526
10.033
7.939
9.424
8.723
8.223
9.921
8.624
8.624
9.525
8.731
9.828
9.126
9.928
8.526
8.629
9.623
8.824
9.524
9.321
9.622
9.836
8.720
8.222
8.626
8.523
7.528
9.927
8.523
8.241
8.521
8.224
8.121
9.125
7.530
9.428
9.826
7.526
8.129
8.327
9.628
9.527
8.322
8.828
9.326
9.322
9.921
9.123
8.021
9.627
8.537
7.731
9.329
10.027
8.422
8.124
8.424
8.727
8.129
9.729
9.634
9.125
7.830
7.827
8.328
7.824
9.923
8.025
7.821
8.080
9.122
7.519
7.621
9.921
8.830
9.725
9.327
8.926
8.924
9.825
8.422
7.547
7.722
7.823
7.626
8.823
8.424
8.631
10.029
9.226
8.224
9.766
8.423
8.522
7.521
9.222
9.024
9.920
10.027
9.528
8.023
9.228
9.627
8.226
9.027
8.528
8.026
8.223
7.521
9.624
8.124
8.428
9.635
8.336
9.029
9.825
9.924
7.523
8.524
10.035
9.322
9.420
9.722
7.821
7.822
9.727
9.625
9.532
9.529
9.730
8.925
7.525
8.823
8.622
8.422
7.924
9.924
9.125
8.828
9.928
8.626
9.454
8.522
8.323
7.924
10.022
8.222
7.721
10.022
9.422
7.625
9.430
8.731
9.831
9.826
9.224
9.625
9.524
8.621
9.124
9.127
7.726
9.332
8.027
9.058
7.630
8.424
8.826
9.228
9.723
8.923
7.942
9.021
9.975
8.921
9.630
10.026
9.725
10.028
9.978
9.227
7.826
9.522
7.930
7.730
9.229
9.628
9.930
8.823
8.423
9.123
7.821
8.623
8.326
8.325
7.724
8.484
9.429
9.329
7.723
9.022
8.124
8.362
8.127
8.124
9.769
7.727
8.028
9.532
7.823
8.020
8.730
8.126
10.027
9.326
8.425
9.329
8.826
8.426
8.022
9.923
10.028
8.328
8.646
8.228
9.325
8.925
9.325
8.628
8.126
9.728
7.522
8.925
8.122
8.420
9.525
7.928
8.824
10.026
10.034
9.126
7.959
8.822
9.824
7.926
8.229
8.325
9.729
9.729
9.227
7.723
9.629
9.130
8.727
8.127
10.030
8.228
9.530
9.228
9.328
7.728
9.028
9.628
9.125
9.625
7.922
8.523
10.025
9.226
8.627
7.523
8.430
9.135
8.825
8.138
9.725
9.724
9.127
9.534
9.429
8.227
9.929
8.925
10.026
8.824
9.537
9.927
9.529
9.226
9.030
8.926
9.427
7.927
8.422
8.527
7.629
9.027
9.723
7.623
8.325
8.325
7.625
9.324
9.931
9.228
7.527
9.764
8.822
9.225
9.127
8.126
9.932
9.227
9.525
7.525
7.924
9.225
9.931
9.927
8.325
9.167
8.728
7.624
9.734
9.929
8.826
9.932
8.823
8.525
10.025
9.923
9.522
7.523
9.132
9.525
9.223
9.127
9.126
8.221
8.420
8.330
8.824
8.525
10.026
8.528
8.529
7.829
7.626
8.328
7.626
8.632
7.527
9.127
8.961
9.828
8.927
7.724
9.625
7.821
8.930
9.744
7.621
8.324
9.922
9.427
7.922
9.122
8.726
9.527
10.030
9.628
7.726
8.929
8.023
7.723
9.923
9.025
8.231
7.624
7.528
8.633
8.724
7.527
7.622
7.823
9.829
9.256
8.024
9.527
9.533
9.632
9.126
9.928
8.026
9.026
9.225
8.424
8.222
7.819
8.023
8.328
7.625
8.225
9.729
8.128
8.628
9.623
9.924
9.426
9.927
9.931
7.975
8.630
9.927
8.225
8.928
9.924
9.926
9.625
9.527
9.527
9.326
8.627
9.525
10.032
7.731
8.932
8.528
8.627
9.423
9.023
9.423
9.524
9.930
9.031
7.627
8.527
8.725
7.619
7.823
8.624
10.028
8.424
9.932
10.030
9.127
8.727
10.027
8.924
8.425
9.526
8.526
7.829
8.227
8.027
7.727
8.627
9.425
8.928
9.728
8.728
7.879
9.222
8.222
7.623
8.123
8.529
8.628
9.624
8.628
9.123
8.122
8.725
10.024
7.925
8.628
9.028
9.330
8.826
8.028
7.827
8.224
9.332
8.136
8.927
9.833
8.527
10.027
9.329
9.924
9.829
7.930
7.829
8.926
8.821
7.922
9.722
10.024
9.328
9.226
8.526
8.529
10.035
9.925
8.523
8.024
8.727
7.626
10.029
10.066
8.425
7.727
8.124
7.626
8.525
9.728
7.529
9.728
9.626
9.326
9.726
9.525
9.932
10.029
8.330
8.724
8.124
8.124
8.628
7.525
9.925
9.934
8.540
10.029
9.930
9.728
8.025
8.522
7.529
7.919
8.423
8.452
8.422
9.223
8.726
9.427
8.834
8.931
9.328
8.535
8.327
8.928
7.929
8.126
8.921
8.924
9.525
9.723
9.622
8.323
9.724
9.626
8.325
8.125
9.732
8.130
8.031
7.630
9.228
8.026
8.324
7.723
9.124
9.424
9.722
7.923
8.723
8.624
9.325
8.125
9.726
7.529
9.631
7.747
8.326
8.627
9.422
7.827
8.224
9.126
8.628
8.020
8.822
9.426
8.625
8.425
7.624
9.132
8.832
9.530
9.826
9.627
9.826
8.825
8.923
9.625
9.223
7.721
8.122
8.622
8.425
7.925
8.827
8.124
8.225
9.728
9.227
7.728
10.031
7.523
9.327
8.723
8.024
8.021
8.025
9.324
8.922
8.123
8.623
7.620
7.624
8.321
9.926
7.526
9.922
8.930
9.634
9.025
9.222
7.823
7.819
7.759
8.323
9.122
8.322
9.226
8.724
7.626
9.427
8.627
7.630
8.827
10.027
8.132
9.524
7.926
9.924
8.523
8.821
8.622
8.920
9.124
9.522
8.721
9.324
9.339
7.824
8.823
8.433
9.536
9.327
8.760
9.924
7.522
7.822
8.321
9.225
9.223
8.420
8.727
8.030
8.786
10.026
7.923
9.527
9.432
8.626
9.527
7.925
9.925
8.122
9.322
9.128
7.522
8.122
8.323
9.541
8.422
9.820
7.821
8.027
9.026
9.131
8.029
9.126
9.628
8.825
8.426
8.927
9.924
9.723
9.420
8.733
9.625
9.925
8.125
9.232
8.422
7.685
9.830
8.425
8.421
9.227
10.079
8.424
10.024
8.222
7.822
8.424
7.921
8.321
9.121
9.420
7.522
9.780
8.625
9.830
8.628
9.627
8.730
8.566
9.424
8.025
9.725
9.122
8.021
8.023
8.222
9.122
8.123
8.122
10.060
9.021
10.021
7.521
7.521
10.021
8.222
8.020
8.320
8.822
9.020
7.522
8.421
9.124
9.737
9.725
8.822
8.321
9.222
10.021
9.575
8.522
8.221
9.121
7.823
8.720
9.624
8.722
7.820
7.822
9.423
7.920
9.522
9.322
8.021
9.723
9.227
8.923
7.825
7.622
7.721
9.423
7.944
8.821
8.468
7.523
8.422
9.754
8.523
7.820
9.921
7.922
9.031
8.019
9.820
9.321
9.220
9.520
8.023
9.725
7.528
7.527
37.196
0.032
2.368
0.103
8.341
9.431
8.725
9.731
9.733
9.029
7.527
9.023
9.424
90.390
0.027
9.917
0.338
0.027
10.478
8.128
7.732
9.631
8.831
9.435
7.532
8.527
8.752
9.431
8.127
9.426
9.125
8.126
9.443
9.423
7.821
8.621
7.620
9.728
10.705
10.030
9.537
9.035
7.545
8.537
171.347
0.024
9.015
0.254
0.020
9.778
8.225
8.823
9.528
7.927
7.527
8.939
8.130
8.725
7.723
7.522
9.532
9.635
9.124
7.629
9.131
8.629
8.126
7.822
8.732
7.930
7.825
8.630
9.936
9.531
8.826
8.325
7.932
8.032
9.425
8.629
9.633
7.727
9.924
9.327
8.431
7.529
108.946
0.031
9.006
0.111
0.022
9.091
8.331
8.227
8.229
8.624
9.823
9.325
9.228
7.563
8.122
9.622
8.020
9.530
9.527
10.031
8.244
7.929
7.926
8.722
10.023
9.028
8.525
7.726
9.026
7.724
8.828
9.230
8.528
7.726
8.028
9.530
9.525
9.025
7.826
7.624
7.622
7.523
9.726
9.526
7.731
7.931
9.130
8.326
9.923
8.719
8.420
8.120
9.120
9.020
9.519
9.319
8.127
8.122
9.528
9.628
8.324
8.424
8.728
9.322
8.625
9.424
8.928
8.028
8.424
9.224
8.428
8.727
9.434
8.224
8.121
9.924
8.623
9.725
8.363
8.728
8.525
9.222
9.325
7.827
8.229
8.926
9.626
8.827
9.625
9.229
8.629
8.029
7.526
10.026
7.523
8.627
9.427
8.929
9.422
7.923
8.322
7.922
9.124
7.823
8.632
9.749
7.838
9.928
9.627
8.624
8.522
8.028
8.021
7.926
8.522
8.727
9.425
8.082
7.623
9.130
9.731
8.929
9.627
9.924
8.928
9.625
8.522
8.422
8.724
8.026
8.826
9.730
8.428
8.038
7.632
9.727
7.631
8.033
9.531
9.730
9.124
8.225
7.924
9.623
8.624
8.921
8.422
8.132
9.725
8.824
9.725
9.530
7.629
9.531
9.434
9.225
9.223
8.023
7.723
7.822
8.521
9.020
7.621
9.620
9.521
7.820
9.221
9.924
8.324
8.825
9.731
7.538
9.528
7.725
9.725
8.331
9.424
8.224
8.923
9.021
9.526
8.826
8.426
9.925
8.226
7.929
9.238
9.929
8.423
9.523
7.927
9.623
8.656
8.022
9.123
8.322
8.530
8.420
8.121
9.323
10.025
7.931
9.631
9.430
8.226
9.227
7.823
7.520
7.521
9.327
9.222
9.621
8.021
7.725
9.625
8.924
8.224
8.723
8.729
9.129
8.128
9.324
8.921
9.321
7.522
8.122
7.525
8.520
9.122
8.330
8.020
9.020
8.723
7.522
8.524
9.424
9.231
8.929
9.629
9.426
8.322
8.723
8.921
8.824
9.021
8.437
7.823
9.925
9.925
9.024
8.923
7.926
8.528
7.942
9.926
8.523
8.621
9.925
9.523
7.621
8.319
10.021
9.320
9.624
7.620
7.920
9.123
9.525
9.531
8.728
8.927
7.725
7.522
7.721
9.222
9.022
8.921
9.522
8.822
8.721
8.724
7.922
9.324
9.722
8.327
9.229
8.328
9.627
9.221
7.723
9.922
7.722
7.922
9.321
9.822
8.020
9.820
9.020
7.721
9.423
7.623
9.125
9.729
7.730
9.529
9.023
9.422
8.323
8.522
8.427
9.721
9.921
8.822
9.227
9.525
9.826
8.529
7.733
9.628
7.828
8.127
9.424
8.021
8.722
8.723
7.721
9.520
8.662
9.321
9.720
7.955
9.622
8.724
7.723
10.031
8.132
9.330
9.425
9.227
7.724
7.922
9.021
7.520
9.222
8.121
9.725
9.124
9.124
7.523
8.822
9.528
8.334
8.229
7.623
9.821
9.625
7.921
9.224
8.121
9.920
9.020
8.573
9.619
7.821
8.822
9.822
8.623
8.030
9.129
7.728
8.427
9.724
9.524
8.620
9.028
7.721
8.223
8.019
9.624
8.432
9.625
9.222
9.224
7.730
9.335
8.926
9.824
9.923
8.254
8.020
9.722
9.921
9.021
9.525
7.621
7.919
9.249
8.821
8.623
8.425
9.223
9.730
8.030
8.825
8.222
9.528
9.122
9.122
7.637
8.621
7.620
9.773
7.726
9.630
7.531
9.530
8.632
9.834
9.425
9.423
7.950
9.222
9.422
9.522
8.622
9.622
7.523
7.919
8.519
8.935
9.023
7.622
8.725
9.535
9.026
9.781
9.125
8.221
8.922
9.320
9.324
9.122
9.121
9.523
8.622
9.224
9.122
9.929
9.127
8.427
9.424
9.619
7.821
8.822
9.222
9.125
8.322
9.431
9.624
9.524
8.219
8.522
9.625
9.564
8.230
8.733
9.130
9.828
9.623
7.929
9.224
8.826
9.771
8.524
8.478
8.427
7.625
7.524
8.328
9.429
8.631
7.629
8.929
8.923
8.922
8.222
8.227
9.923
7.622
7.730
9.331
8.520
8.921
9.123
7.930
9.830
7.929
9.730
9.822
7.519
7.821
9.128
8.822
7.620
7.526
10.046
8.624
7.823
7.627
9.428
9.825
8.963
9.722
8.822
8.020
8.620
9.620
8.720
8.420
9.725
8.924
7.728
8.125
7.924
9.522
8.827
7.976
9.921
8.622
7.622
9.924
9.129
9.224
8.928
9.528
9.528
9.020
8.022
9.826
9.122
7.521
9.720
7.920
9.719
8.520
8.423
8.421
8.030
9.628
9.624
7.823
8.623
10.021
8.620
9.322
9.424
7.522
9.723
9.226
8.926
10.032
9.324
7.922
9.120
8.123
7.525
8.520
9.620
8.020
8.522
8.830
8.277
8.128
9.229
8.127
9.122
7.822
9.022
9.822
7.522
8.522
7.723
8.923
8.422
8.928
8.327
7.922
9.122
7.923
9.722
7.921
7.822
8.921
8.621
9.621
9.758
8.623
8.324
9.228
9.427
9.325
8.124
7.520
9.922
9.822
8.120
9.023
7.724
9.924
8.923
8.025
8.527
9.226
9.423
9.774
8.222
7.620
7.519
10.020
8.267
9.723
7.922
8.726
8.729
9.266
8.425
8.321
7.923
9.227
7.623
9.821
8.421
8.223
7.523
8.323
8.230
8.329
10.027
8.624
8.121
9.026
9.122
9.422
8.320
8.620
9.019
9.020
8.723
9.024
9.028
9.627
8.927
9.624
8.423
7.522
8.720
9.422
8.633
9.124
8.720
8.724
9.125
9.726
9.523
9.124
8.124
7.823
7.520
8.222
8.921
8.223
9.724
8.023
7.723
8.244
9.127
9.224
9.741
8.024
8.121
8.823
7.729
9.530
8.527
8.723
9.631
9.927
8.225
8.125
9.222
9.424
9.520
8.221
9.225
9.121
10.021
9.823
9.425
10.028
8.129
8.531
8.329
8.027
9.028
8.528
8.725
8.223
7.626
8.529
8.930
8.524
7.525
9.226
7.927
8.526
8.020
7.624
8.424
8.730
8.428
7.524
8.024
7.930
8.431
9.827
9.725
8.327
9.727
9.326
8.428
7.828
7.724
9.330
8.525
9.432
7.929
9.724
7.524
8.131
8.130
9.227
9.159
8.127
8.329
9.727
9.437
8.829
9.928
7.924
7.625
8.427
8.130
8.330
9.027
9.027
9.049
8.726
10.030
7.930
7.926
8.325
8.424
8.326
7.724
9.428
7.627
8.227
9.030
7.827
9.025
10.420
9.725
8.222
8.140
7.924
7.827
10.034
9.428
7.829
8.030
9.530
8.832
8.630
7.827
7.733
7.523
8.526
9.127
7.622
9.124
9.763
8.626
10.024
8.125
8.930
9.530
8.460
9.827
8.425
8.827
8.725
8.430
8.428
9.427
9.024
9.129
9.926
9.738
8.426
7.731
9.632
8.128
9.231
8.129
8.630
9.627
8.323
9.628
8.725
8.424
8.924
8.533
9.526
8.826
9.225
8.530
8.330
7.564
8.230
9.428
9.026
9.427
7.929
7.627
8.922
9.425
9.424
8.830
8.624
7.941
9.229
8.329
8.529
8.382
8.929
9.628
8.026
9.931
9.429
9.225
8.423
8.231
7.928
7.948
9.725
9.827
9.132
8.130
9.830
10.274
7.729
9.027
9.427
8.131
9.328
8.524
7.725
8.626
10.029
8.829
9.028
9.137
9.734
7.525
7.523
8.732
9.826
8.025
8.833
9.129
10.030
9.726
10.028
8.348
7.726
9.723
7.723
9.427
7.727
7.626
9.422
8.123
9.129
8.726
8.827
8.528
9.930
9.023
9.624
9.833
7.969
8.627
9.026
7.731
8.826
9.231
9.024
8.735
10.029
7.763
7.826
7.528
7.524
7.935
8.022
7.825
7.730
8.433
9.730
8.232
8.530
9.224
8.822
7.822
8.033
7.528
8.823
7.929
9.031
8.429
7.825
9.722
9.731
9.428
9.933
8.428
8.726
9.024
9.822
8.624
9.429
7.728
8.627
9.531
8.229
9.325
9.822
8.431
7.668
9.624
9.126
8.731
8.727
7.922
9.223
9.561
8.129
7.948
9.826
9.730
9.026
7.627
9.323
8.631
9.728
9.332
9.732
8.331
8.327
9.523
9.524
7.631
9.727
8.224
9.631
8.045
7.526
9.550
9.024
7.828
9.226
8.228
9.230
7.829
8.824
8.322
9.830
9.531
9.026
9.534
9.130
7.926
9.822
8.523
9.331
9.428
7.925
9.126
7.728
8.727
8.723
9.925
8.929
8.627
8.226
8.631
9.130
8.425
8.123
8.223
8.828
9.832
9.027
7.931
8.247
7.725
9.022
7.724
9.730
7.927
9.727
8.931
8.529
9.724
7.523
7.925
9.029
8.026
9.627
9.431
9.489
8.225
9.224
8.230
9.329
7.627
9.626
8.630
8.533
7.623
9.322
9.834
7.528
8.424
7.926
8.027
8.728
9.633
8.227
8.523
10.026
8.124
7.627
8.632
7.737
7.831
9.122
9.223
8.330
8.627
8.627
7.789
9.531
7.923
8.622
9.025
8.031
8.126
7.526
9.131
8.429
9.325
9.023
8.723
7.729
9.629
9.229
9.132
9.131
10.027
7.721
9.230
8.231
7.826
7.826
8.431
8.229
10.207
7.721
9.231
8.333
9.027
9.627
7.731
9.527
8.224
9.222
7.632
9.034
9.424
9.226
7.630
8.728
8.423
8.821
9.130
7.929
8.124
8.348
9.828
8.227
8.524
8.921
8.928
9.127
9.426
9.826
10.029
9.160
7.722
9.323
9.965
9.226
8.929
7.830
8.628
9.825
9.723
8.836
8.729
9.124
8.139
8.830
7.928
9.241
7.726
9.529
9.929
8.428
7.926
9.628
9.127
9.126
8.626
8.025
8.325
8.227
7.924
9.387
9.823
8.121
7.723
9.726
9.979
9.125
7.624
8.625
9.028
9.825
7.528
7.828
8.832
8.425
9.427
9.226
7.524
9.681
8.823
9.934
8.121
9.230
9.627
10.183
8.527
8.223
7.927
9.328
9.129
8.527
7.728
8.826
9.223
8.125
8.627
9.230
9.929
8.731
7.930
8.830
8.534
8.028
9.130
10.028
8.925
8.427
9.228
9.124
8.228
8.125
9.230
8.827
7.525
8.726
8.731
8.529
9.626
9.129
7.929
8.633
7.623
8.327
7.629
9.524
8.922
8.723
8.830
8.725
7.632
9.226
7.629
8.824
9.930
9.328
8.726
8.926
7.825
8.025
8.028
8.729
8.732
9.729
7.524
8.724
8.329
8.727
9.925
8.124
8.020
7.724
9.225
8.329
8.830
9.531
7.972
7.624
8.425
9.229
8.934
8.529
8.570
9.024
10.030
8.429
8.428
8.825
9.826
9.029
9.435
7.925
7.621
8.224
7.522
7.620
9.622
8.626
9.128
9.427
9.248
9.625
9.829
8.555
8.030
8.531
8.050
8.426
8.928
8.932
7.528
7.727
7.523
8.723
9.427
10.028
9.624
8.028
8.727
9.624
9.523
8.227
10.025
21.033
8.939
7.731
10.031
8.431
8.828
9.228
7.927
7.925
8.930
7.923
9.126
9.423
9.123
9.627
7.724
7.931
9.095
7.926
8.328
8.626
9.330
7.930
8.727
9.130
8.429
7.623
8.626
8.025
8.384
8.732
7.726
10.027
8.927
7.631
8.531
7.830
9.531
9.229
8.228
8.331
9.635
9.927
7.626
8.623
9.623
8.029
9.130
8.224
8.622
7.531
9.535
7.933
7.931
8.229
9.529
8.828
8.330
8.228
9.325
9.325
9.631
9.628
9.223
8.724
9.929
7.930
9.058
9.426
9.630
9.829
7.833
9.136
9.827
8.025
7.823
9.525
8.731
9.634
7.625
7.525
9.731
9.730
8.128
7.527
8.033
7.526
8.929
9.036
8.429
8.359
8.225
7.923
8.027
7.627
9.322
8.121
8.049
8.324
10.024
7.530
8.229
7.724
9.322
7.922
8.430
9.635
7.566
9.926
9.227
7.726
9.931
8.827
7.528
7.924
8.823
8.225
8.123
7.827
9.728
9.225
8.923
8.025
9.827
9.429
8.131
9.137
10.022
8.623
9.925
7.524
8.826
8.028
8.035
8.026
8.626
9.129
7.631
8.828
8.928
9.530
9.026
8.931
8.229
9.227
9.524
9.723
9.925
7.536
7.527
9.536
9.426
8.923
7.524
9.222
8.421
8.325
8.422
8.622
9.723
8.420
8.622
8.418
8.919
9.318
9.221
7.619
8.461
9.321
8.919
10.023
8.924
8.124
8.925
9.628
10.025
8.328
9.423
9.922
8.624
9.425
9.528
8.129
8.425
9.721
9.822
9.622
8.021
8.320
8.129
7.623
9.226
9.426
8.725
8.225
8.756
7.827
8.525
9.654
9.827
7.626
9.527
8.630
8.231
8.528
8.330
8.125
9.421
7.750
8.122
8.122
9.834
7.631
8.733
8.269
9.827
8.729
7.927
7.927
9.525
8.525
8.023
8.926
7.825
9.327
9.633
9.227
9.625
8.125
8.929
9.428
8.221
8.621
8.123
9.119
9.682
9.028
9.930
9.129
9.230
8.029
9.731
8.926
8.324
8.424
9.828
8.232
9.824
7.627
8.728
9.225
8.625
9.225
8.029
9.228
8.623
7.822
8.524
8.420
8.421
10.024
7.927
9.334
8.528
8.528
8.530
8.025
10.023
8.323
9.725
9.125
9.024
9.529
8.227
10.030
8.027
7.924
8.229
7.725
8.123
9.423
9.722
9.422
8.722
7.625
8.724
9.930
8.128
9.829
8.434
9.229
9.725
8.823
8.426
8.327
9.826
9.423
8.828
9.829
7.928
8.625
9.029
9.628
8.128
9.924
9.623
8.621
7.822
7.725
9.125
8.630
9.830
8.732
8.128
8.626
9.029
9.423
8.424
9.728
9.325
9.327
8.866
9.129
8.227
9.834
9.929
8.026
9.323
8.824
7.921
9.921
10.025
9.627
9.729
8.230
9.530
15.653
14.986
10.004
9.625
8.521
8.527
9.533
9.722
9.121
8.030
8.726
8.623
9.223
8.332
7.822
8.622
9.820
9.627
9.426
9.524
9.630
9.937
9.023
8.422
7.919
9.021
8.525
10.029
8.626
9.230
9.425
7.924
8.823
9.329
10.031
9.926
7.730
9.422
9.722
9.619
7.621
8.329
8.130
9.331
9.327
8.722
7.820
9.126
8.425
9.932
8.727
8.021
9.723
7.822
8.921
7.719
9.423
7.527
7.728
7.930
9.426
9.823
8.429
8.127
9.331
8.534
7.974
9.528
8.122
7.623
9.222
8.220
8.623
7.525
7.629
7.927
8.925
8.122
9.725
9.827
8.025
8.328
7.730
7.826
8.724
9.334
8.120
8.020
9.322
8.543
8.633
8.629
8.229
9.724
9.523
10.028
8.426
9.933
9.725
9.028
7.623
8.822
9.921
9.022
9.024
7.632
9.629
7.824
8.224
9.231
7.627
8.724
10.025
8.024
9.327
8.826
9.932
9.930
9.530
9.328
8.326
8.330
8.128
9.030
7.924
7.523
9.228
9.025
7.523
8.824
8.128
7.929
7.727
8.129
9.429
9.327
8.223
8.931
9.637
9.225
8.025
10.251
8.084
8.124
7.925
9.826
9.536
7.930
9.660
9.131
9.728
8.028
9.930
7.728
9.826
8.022
7.926
8.927
9.527
8.024
7.825
7.825
8.436
8.236
8.429
7.931
10.028
9.227
9.332
9.833
8.521
10.022
9.629
9.026
8.027
7.630
8.829
7.624
8.023
8.522
9.330
7.925
9.125
9.331
8.329
9.024
9.822
8.827
8.031
9.528
9.527
8.332
9.836
8.022
9.021
8.124
8.433
9.225
10.026
7.635
9.125
8.421
7.536
8.830
7.630
8.252
9.023
8.975
8.625
9.729
7.530
7.837
7.523
9.323
9.823
8.420
8.220
9.622
9.930
8.729
9.025
9.323
9.721
8.922
9.826
8.932
9.530
8.125
8.022
9.723
8.421
9.826
8.225
8.627
8.524
8.331
9.336
7.623
9.721
7.821
7.521
10.026
8.329
7.529
9.224
8.123
8.624
10.022
7.821
8.621
8.824
9.530
7.830
8.525
8.322
7.721
9.923
7.925
8.528
8.034
7.727
9.624
7.728
8.520
8.119
8.919
9.320
7.633
9.331
9.231
7.925
9.324
9.122
9.022
9.548
8.225
9.830
8.325
8.322
7.580
9.420
9.721
9.522
10.049
8.131
7.929
7.825
7.930
8.522
8.954
8.623
8.824
8.428
8.830
9.827
9.180
7.820
9.222
9.419
9.622
8.323
9.830
8.829
7.525
8.924
8.523
8.524
8.632
9.328
9.530
8.829
8.629
9.124
8.423
8.722
9.920
9.025
9.126
7.929
7.528
8.124
9.024
8.822
9.025
7.925
8.529
8.235
8.325
7.821
7.522
7.825
8.723
7.522
9.420
8.920
9.124
7.820
9.965
7.919
9.820
9.420
9.220
8.519
8.626
7.819
9.821
8.719
9.324
8.820
9.120
9.319
9.621
8.319
8.020
8.578
8.719
9.221
9.519
9.519
9.618
9.720
7.519
8.419
9.920
9.419
10.020
9.220
9.921
7.519
9.620
9.824
9.620
8.961
8.220
8.121
9.420
7.940
9.521
8.721
9.421
8.640
8.120
8.920
9.619
8.919
7.618
8.218
8.019
9.820
7.919
7.720
9.625
7.924
68.275
0.032
9.500
0.127
0.020
8.884
10.023
9.021
8.323
9.728
8.531
9.930
7.835
9.132
9.330
8.531
8.828
8.141
7.825
9.923
8.727
9.526
9.634
7.529
9.627
7.728
8.328
9.327
8.331
8.731
8.842
8.924
7.525
8.433
9.041
9.030
9.928
8.930
7.943
8.126
8.731
8.924
8.267
9.323
8.123
10.022
7.772
9.427
8.027
8.228
9.433
9.431
7.627
8.932
9.532
9.729
9.427
7.924
9.129
7.861
9.128
8.136
9.364
9.325
9.228
8.230
8.224
9.123
9.929
8.829
9.932
8.527
7.824
8.023
7.725
8.724
8.123
8.151
8.225
8.826
8.925
7.632
8.251
9.233
9.231
7.629
8.932
8.740
8.027
8.125
9.132
9.825
8.924
8.546
9.125
8.328
9.226
10.043
9.940
9.215
8.807
9.945
7.765
9.324
7.910
8.109
7.983
8.708
9.009
8.708
7.509
7.806
9.008
8.208
9.509
8.308
8.511
8.505
9.811
9.207
9.412
8.809
8.905
8.408
10.009
7.907
9.209
9.307
7.919
9.213
8.505
9.413
9.109
8.908
8.609
9.709
9.748
9.108
8.309
8.606
7.914
8.346
8.906
9.408
9.208
8.608
7.607
7.606
9.808
9.908
9.512
9.628
8.489
8.408
7.706
8.907
9.008
9.408
8.220
9.603
8.612
9.206
9.108
7.610
8.219
7.708
9.811
7.804
9.509
8.208
9.007
9.909
9.131
7.999
9.404
8.207
9.307
9.710
8.609
9.107
9.810
8.009
8.362
8.708
9.108
8.709
7.608
8.107
8.109
8.509
7.808
9.206
7.807
9.510
9.508
8.509
9.802
9.409
8.809
9.405
7.506
7.909
9.307
9.307
8.508
8.623
7.507
7.910
8.409
8.810
9.507
8.109
9.308
8.010
9.406
8.608
9.210
9.716
9.208
10.007
8.111
9.707
9.307
8.410
9.107
8.708
9.407
8.912
8.209
8.109
8.108
8.308
8.808
7.511
7.524
9.810
8.616
7.707
7.606
9.609
9.105
9.910
7.808
8.511
8.032
9.712
9.611
9.911
9.305
8.910
9.907
9.909
8.514
9.308
8.210
7.809
8.207
7.506
9.411
8.908
8.408
7.710
9.904
9.909
7.708
7.608
9.815
8.907
7.808
7.528
8.609
9.608
9.908
8.908
8.209
8.023
8.808
7.908
8.113
8.207
9.309
8.108
8.110
7.908
9.910
9.006
8.409
8.008
9.308
7.809
9.707
7.810
8.007
9.508
7.610
8.208
9.808
9.909
9.815
7.606
9.909
8.510
9.908
10.009
7.609
8.207
8.108
8.906
8.608
8.709
9.808
8.007
9.308
7.808
8.705
9.208
9.609
9.612
9.904
8.807
7.509
9.509
9.114
8.010
9.208
9.410
8.909
8.908
9.209
8.908
9.207
9.210
7.509
9.213
9.417
7.639
9.908
10.009
9.264
8.408
8.607
9.054
8.911
7.906
9.508
7.511
9.806
9.008
9.810
9.810
7.908
9.812
9.506
9.711
7.908
8.607
9.008
9.510
7.606
8.345
8.508
9.608
7.507
8.609
8.774
9.384
8.908
8.608
9.408
8.310
9.711
8.111
9.809
8.611
8.606
9.408
8.810
8.548
8.655
8.509
8.208
9.062
8.408
7.609
8.772
9.008
8.909
7.808
8.408
9.108
8.708
9.546
8.589
8.908
8.219
10.009
8.309
9.608
8.509
7.709
7.807
8.209
8.207
7.708
9.513
9.508
9.907
8.207
7.909
8.413
9.408
8.608
7.507
7.908
9.010
8.906
9.409
7.808
9.310
7.909
9.610
7.909
9.908
8.308
9.507
8.209
8.308
7.710
7.808
9.511
7.905
8.309
7.816
8.605
8.609
9.808
8.009
8.607
8.156
8.605
9.508
7.609
9.810
9.709
8.070
8.907
8.610
7.510
9.208
7.808
8.032
8.843
8.403
7.809
9.607
7.810
8.608
8.012
8.006
9.108
7.508
8.508
9.908
7.809
9.809
8.608
7.808
8.009
9.709
8.608
9.109
9.308
8.810
9.030
9.008
9.507
7.809
7.508
9.609
9.806
8.008
7.525
8.506
8.907
8.009
8.208
9.500
9.365
8.813
9.908
8.306
9.011
8.510
8.409
9.543
8.313
9.710
10.007
9.008
9.609
8.609
8.208
8.808
7.509
9.807
7.709
9.508
7.707
7.991
9.210
10.006
8.406
9.210
8.608
10.007
9.808
9.407
9.309
9.009
8.306
9.409
7.507
9.808
8.007
8.610
9.406
9.008
8.208
9.409
7.908
7.707
8.111
8.707
9.310
8.108
8.608
9.508
7.709
8.810
7.610
9.519
9.009
8.708
8.609
7.512
8.905
8.574
9.495
8.109
7.706
7.810
7.609
7.908
7.709
8.207
9.008
9.708
9.708
9.707
9.255
7.807
7.609
9.810
9.210
9.411
7.810
7.709
9.008
8.008
9.209
9.108
7.608
8.110
8.006
8.808
8.408
9.409
9.841
7.907
7.609
7.610
8.307
8.006
8.007
8.509
8.707
9.509
8.308
8.510
9.410
10.009
9.008
9.507
9.708
8.117
9.009
7.615
8.505
7.909
8.425
7.711
9.862
8.507
8.508
7.908
10.008
9.407
9.809
10.008
9.909
9.911
7.509
8.108
7.810
8.110
9.350
9.206
7.709
7.607
7.909
9.608
7.507
9.409
9.207
10.006
7.708
8.309
7.707
8.715
8.804
8.822
9.108
8.708
9.908
7.608
9.111
9.808
9.709
9.008
9.932
9.698
8.807
10.008
7.909
9.408
8.209
9.808
8.707
8.408
7.509
9.110
8.206
7.706
8.709
7.507
7.608
8.908
8.410
8.108
7.709
9.911
9.404
9.407
8.708
9.415
9.708
7.708
9.407
9.511
9.406
9.208
9.210
8.108
9.308
9.607
7.610
10.009
9.307
8.910
8.606
9.309
8.110
9.507
9.608
9.508
9.508
9.908
8.510
8.012
7.902
9.010
7.807
7.508
8.308
9.207
9.409
8.106
9.408
8.723
7.513
8.708
8.109
9.208
9.609
9.909
8.809
9.909
9.910
8.207
8.909
8.408
7.711
9.810
7.805
9.808
9.212
10.007
9.808
7.907
8.010
7.908
9.444
8.512
7.907
7.809
7.708
9.808
8.409
9.808
8.709
8.610
8.708
9.308
8.008
8.409
9.205
9.508
8.209
9.106
7.607
9.909
7.608
7.806
9.612
8.104
7.707
8.908
8.110
7.508
9.308
8.808
7.908
8.810
9.806
8.509
9.108
10.010
8.208
7.607
10.009
9.607
8.808
8.608
8.811
9.307
9.518
8.110
8.708
7.807
9.909
9.009
7.612
7.502
9.609
9.909
8.110
9.805
8.808
8.708
10.009
8.207
7.609
8.008
9.609
10.007
9.058
8.807
7.526
10.054
9.008
10.008
9.507
7.911
8.705
8.508
9.908
8.309
9.309
8.707
8.713
9.103
7.609
9.013
9.107
9.909
9.107
9.807
9.708
7.907
8.607
9.809
8.709
8.813
7.809
8.408
8.909
9.309
9.809
8.908
9.208
8.908
9.111
8.908
9.509
7.707
7.509
9.310
8.811
9.302
7.908
10.009
8.511
8.253
9.110
7.616
8.108
8.106
7.508
7.910
8.606
8.908
7.606
7.507
7.708
8.107
8.408
9.109
10.009
8.337
8.209
9.306
9.907
9.807
8.307
9.309
7.610
8.318
8.507
8.908
7.809
9.108
9.011
8.807
7.508
8.308
9.108
8.310
9.106
9.108
8.707
7.710
8.009
9.008
7.922
8.306
9.709
8.808
9.908
9.811
9.908
8.206
9.207
9.710
8.119
7.708
9.007
8.507
8.709
7.613
7.509
9.009
9.510
9.305
7.913
9.605
7.511
9.511
7.708
9.108
8.709
9.109
9.507
9.209
8.085
9.908
10.006
7.809
8.910
7.522
7.707
8.708
8.409
9.508
8.508
9.108
9.908
7.610
7.509
8.517
8.012
7.505
10.008
10.008
9.309
8.009
9.615
9.505
10.008
10.019
8.808
8.809
9.208
8.286
8.208
9.711
8.333
8.089
7.709
9.909
8.308
7.911
8.722
9.510
7.511
9.712
8.511
9.909
9.910
8.709
8.407
8.009
8.708
8.508
7.977
8.204
9.308
7.605
7.889
9.408
7.508
9.110
8.210
9.206
7.509
8.908
9.007
8.310
9.707
9.409
8.315
8.270
7.503
9.512
7.603
7.508
9.107
8.610
7.608
9.107
10.033
8.707
9.606
8.807
9.821
7.611
9.505
9.117
7.709
7.508
8.575
7.908
9.108
9.209
9.812
9.103
8.208
9.008
7.508
7.807
8.310
8.308
8.506
8.310
7.708
8.806
8.610
9.606
7.509
8.908
8.815
10.007
7.510
8.409
8.809
9.941
8.707
8.409
9.009
9.208
8.410
10.007
9.611
7.721
9.311
9.609
9.311
10.007
8.519
9.608
7.712
9.510
7.810
9.007
8.010
8.308
7.796
9.361
8.010
7.808
8.107
9.309
7.909
8.107
7.609
9.306
8.109
9.115
7.813
9.609
8.211
8.993
9.708
7.707
9.108
8.909
10.018
8.610
8.811
8.407
8.107
9.308
8.112
8.607
8.208
8.607
9.613
8.697
7.809
7.549
9.109
8.406
9.408
9.808
9.209
9.709
8.999
9.805
8.722
9.405
9.609
9.407
8.308
9.207
9.906
7.509
8.109
9.807
8.610
9.606
8.407
9.210
8.807
9.208
8.009
9.709
7.707
7.508
8.559
8.208
7.609
7.507
9.307
9.710
9.804
8.608
9.320
8.896
8.308
8.210
8.406
8.009
7.708
9.209
9.815
7.505
9.308
8.006
7.509
8.008
7.508
8.609
9.808
8.909
7.707
7.710
8.505
8.112
7.906
9.710
8.807
8.008
9.809
8.209
7.807
9.708
9.308
9.912
8.707
7.709
8.008
9.707
8.307
8.208
9.010
8.007
8.570
8.407
8.511
8.705
9.034
8.501
10.008
8.907
7.561
7.609
9.307
8.808
8.407
9.815
8.404
9.909
7.915
8.303
8.007
8.213
8.009
9.809
8.009
9.408
10.009
8.708
9.212
8.209
9.509
8.208
8.909
8.109
9.307
7.510
9.508
8.481
8.804
9.408
10.008
8.808
9.747
9.208
7.708
8.068
9.112
8.707
7.809
9.507
9.710
8.509
7.808
7.808
8.407
8.609
9.808
8.391
9.809
8.910
9.307
9.408
9.810
8.308
7.607
9.309
8.406
9.644
7.814
9.709
8.984
7.905
8.657
8.508
9.712
9.104
9.209
8.707
7.908
9.709
8.308
7.506
8.110
8.910
7.906
9.009
10.009
7.809
7.506
9.908
9.409
9.616
9.508
9.411
7.708
9.705
8.862
8.808
9.209
9.106
8.407
8.207
9.612
9.805
9.509
9.393
8.808
8.608
7.909
9.408
8.308
9.008
9.446
9.109
7.809
10.024
8.308
7.907
7.909
8.308
7.707
9.978
7.907
9.708
9.408
8.108
9.508
8.117
9.508
8.842
9.913
8.004
9.507
9.507
7.996
8.908
8.708
9.408
7.708
9.314
8.709
8.707
8.210
8.108
7.709
8.707
8.208
8.508
9.110
8.716
9.508
9.609
8.508
9.908
9.407
8.008
8.283
8.811
8.603
7.809
7.511
8.409
8.308
9.808
7.816
8.812
8.806
9.207
8.308
9.208
8.509
9.615
7.810
9.421
7.609
8.307
8.308
8.310
9.307
9.909
9.707
9.009
9.407
8.122
9.009
8.811
8.803
9.708
7.708
9.909
7.606
8.009
8.510
8.506
7.907
9.008
10.010
9.408
8.407
8.209
8.609
9.406
7.908
8.967
8.910
8.056
9.733
9.701
9.109
9.206
9.810
8.708
8.349
9.311
9.605
9.808
8.209
8.306
9.754
8.509
8.407
9.808
9.210
9.605
8.409
9.608
8.509
8.506
9.109
9.408
9.509
7.612
8.907
9.910
9.307
8.009
7.908
9.110
7.808
9.709
8.407
7.509
8.508
9.218
9.613
8.207
9.209
7.710
9.308
8.808
8.909
7.809
8.708
8.206
9.908
9.710
7.908
8.513
8.311
9.608
7.914
7.708
9.709
9.512
7.609
9.106
7.609
8.208
8.209
8.008
7.808
9.109
8.209
9.032
8.306
7.910
10.008
7.608
8.314
9.209
8.908
9.809
9.541
7.709
8.009
9.368
7.506
8.410
7.791
8.412
8.216
8.309
8.607
8.008
8.007
8.706
9.607
8.309
9.420
7.908
8.807
9.911
9.605
9.809
9.148
8.008
7.607
9.010
8.309
8.507
8.108
9.708
8.509
7.707
7.509
9.007
9.509
7.608
7.507
9.908
8.509
8.409
8.407
9.676
8.908
9.204
8.506
8.608
9.908
7.809
9.155
8.909
7.909
8.809
8.609
9.708
9.509
8.909
8.605
7.743
7.608
9.408
7.509
8.607
9.608
7.509
7.707
9.210
7.608
7.908
9.208
8.612
8.809
7.514
8.405
7.809
9.310
9.422
9.010
9.208
9.908
8.040
8.007
7.911
9.511
9.304
7.507
8.909
8.118
8.609
9.307
8.410
7.916
9.304
9.708
7.622
9.507
9.908
9.307
9.710
8.007
8.709
8.228
9.516
8.708
9.309
9.906
8.209
8.607
8.808
9.909
8.507
9.512
7.803
8.908
8.923
9.608
9.008
7.906
7.809
7.707
9.715
9.004
8.407
9.107
8.613
8.509
8.509
8.738
8.008
8.306
9.207
9.225
9.309
8.608
8.006
8.510
8.407
8.709
9.711
9.908
8.502
8.309
9.307
9.008
9.709
8.307
8.710
8.807
8.910
9.308
9.107
8.752
8.213
10.008
7.707
9.311
8.607
9.010
8.106
9.112
9.806
9.809
8.410
9.033
8.403
9.010
7.509
9.514
7.603
9.909
9.411
8.907
8.111
8.900
8.007
7.707
9.708
9.309
9.330
8.704
8.510
8.507
10.009
9.409
8.607
7.807
8.810
9.708
9.308
9.508
9.007
9.308
9.210
9.908
8.212
7.706
8.807
8.408
9.808
9.208
8.208
9.308
8.208
9.008
8.009
8.734
9.526
7.809
7.908
8.707
9.109
9.112
9.708
9.206
8.609
8.208
9.510
10.007
8.008
9.010
9.406
9.509
8.209
8.712
9.403
9.107
9.209
8.309
7.708
9.108
7.655
8.609
8.308
8.509
7.690
9.009
9.807
9.646
9.662
7.808
8.208
8.806
9.710
8.008
7.907
8.206
8.912
7.502
8.112
9.405
9.009
7.611
8.987
9.910
8.907
8.407
9.210
8.208
9.407
9.408
9.807
9.610
7.906
8.208
8.066
8.005
9.709
7.908
7.713
9.410
8.305
8.411
8.107
8.111
9.107
8.706
8.809
7.939
8.807
9.515
9.903
7.907
9.810
8.907
7.812
8.807
9.806
9.710
9.506
9.109
9.007
9.210
8.808
9.608
9.906
9.609
7.608
9.807
10.010
8.008
9.106
8.408
9.008
9.805
9.010
8.207
8.409
7.812
8.704
9.909
10.005
8.708
7.810
9.716
7.510
8.308
8.507
9.809
8.007
8.108
9.007
9.608
9.986
8.008
9.108
9.908
7.511
9.425
9.600
7.609
10.008
8.907
8.610
9.107
8.812
7.708
9.808
9.920
8.204
8.607
9.810
8.107
9.809
7.710
8.008
9.811
8.504
9.209
9.707
9.110
9.809
8.945
8.807
9.807
9.407
7.807
9.922
9.408
10.006
9.611
9.507
9.908
8.409
8.206
9.107
9.808
8.708
8.807
9.608
9.409
10.007
9.308
7.709
9.909
9.706
8.208
9.707
8.309
7.508
9.509
9.912
10.008
8.324
8.678
10.007
7.611
9.147
9.806
9.708
9.008
9.308
9.410
9.007
7.706
7.708
8.010
7.510
8.931
9.606
9.607
8.309
9.708
9.008
8.508
9.510
8.607
9.411
9.310
9.407
9.607
8.855
9.410
9.508
9.806
8.109
9.607
10.008
10.010
9.307
9.607
8.914
8.808
9.110
8.103
9.207
9.408
8.807
9.209
8.207
8.513
9.011
9.007
8.307
7.908
7.606
8.008
9.310
9.510
9.806
8.609
9.010
8.706
8.213
8.712
8.510
8.901
8.205
8.606
8.708
7.708
8.398
7.809
9.010
10.009
8.607
8.308
9.412
9.906
7.658
7.710
8.604
9.108
9.209
9.411
9.804
9.508
9.907
9.006
9.008
9.909
7.709
8.118
8.731
8.409
9.418
9.894
10.008
7.705
8.408
8.610
7.907
9.507
9.108
9.625
9.409
7.612
8.003
8.809
7.507
8.108
8.908
8.806
10.013
8.204
8.108
9.908
7.706
8.209
9.014
9.403
8.208
9.208
10.006
9.609
7.812
9.508
9.506
7.708
9.710
8.005
9.009
7.508
10.006
8.126
9.601
9.508
8.207
7.508
8.410
8.409
8.309
9.906
9.710
8.208
8.209
8.006
8.208
8.409
8.978
9.708
7.908
9.810
9.108
7.907
9.309
9.407
9.911
8.907
9.806
9.509
9.709
8.711
9.705
9.812
9.311
9.425
9.309
7.709
9.607
7.608
8.609
7.810
7.611
8.506
8.831
8.414
9.006
9.715
9.508
8.009
9.408
10.008
7.723
8.412
8.010
9.510
7.910
8.008
8.606
7.609
7.607
8.211
9.007
9.809
7.907
8.508
9.203
9.699
8.709
8.805
7.508
10.009
9.307
7.609
8.407
8.008
8.710
7.533
7.911
8.208
8.208
9.813
8.302
8.408
8.307
8.814
8.108
8.705
9.322
9.207
9.011
9.406
9.907
7.909
9.308
7.706
8.909
8.307
7.610
7.706
9.809
7.607
7.710
9.013
7.902
8.807
9.809
9.214
9.105
7.613
7.502
9.809
9.906
8.310
8.207
8.307
9.608
8.807
9.507
9.006
7.910
8.609
8.307
7.906
9.011
7.543
8.107
8.107
8.524
8.406
8.308
8.209
8.707
8.709
9.936
9.407
7.712
9.667
8.506
9.307
9.706
8.715
9.007
9.706
9.512
9.707
8.108
9.210
8.611
7.565
8.111
9.206
8.608
9.108
9.608
7.807
9.315
7.908
8.407
7.909
8.807
9.408
8.808
7.707
8.309
8.611
9.603
8.555
8.408
8.208
7.771
8.207
9.407
9.408
7.908
9.008
9.109
8.545
8.308
7.811
8.806
9.109
9.605
7.506
8.119
9.110
7.806
7.521
9.707
8.909
7.908
8.524
8.609
9.207
8.904
9.507
7.907
8.408
7.909
8.807
9.108
8.309
9.607
8.606
7.610
7.606
7.731
9.406
8.842
8.509
9.807
7.507
7.510
9.307
7.806
8.309
8.508
8.108
8.308
8.207
9.808
8.912
9.404
8.409
8.009
8.208
7.807
8.609
9.309
8.409
10.009
8.506
9.409
9.508
9.809
9.707
9.610
10.008
9.161
8.307
8.409
9.009
8.606
8.408
8.210
8.913
9.408
9.408
9.707
7.612
7.792
9.611
9.005
9.838
8.096
9.708
7.908
8.612
8.205
9.909
9.707
8.305
8.507
9.010
7.906
8.207
8.709
10.006
8.207
7.905
8.509
9.208
9.408
9.807
7.710
7.707
8.808
9.613
9.803
8.606
9.752
7.538
8.413
8.807
9.811
9.009
8.609
7.909
7.608
9.608
7.905
9.807
8.019
9.006
9.005
8.512
9.705
7.822
8.610
8.010
8.209
9.607
9.709
7.708
9.511
10.005
7.909
8.531
9.503
7.807
9.608
9.408
7.809
7.908
8.308
7.810
9.407
9.707
8.215
9.708
9.209
8.692
9.707
9.914
7.503
8.608
8.307
10.009
8.907
9.508
7.909
9.810
9.211
7.708
10.009
8.711
7.609
8.008
9.608
9.911
8.309
9.309
9.443
8.908
9.910
7.607
9.209
9.310
10.007
7.520
9.106
9.309
8.608
8.708
9.208
8.906
10.008
10.010
9.011
9.004
9.409
9.408
8.909
8.610
9.810
9.007
10.008
10.009
9.707
9.708
10.012
8.006
9.009
9.334
9.609
8.811
9.609
8.708
8.208
9.606
8.708
7.523
8.809
10.009
8.908
7.907
9.015
8.905
8.107
7.990
8.009
10.008
10.009
9.522
8.706
9.808
8.406
8.609
9.907
8.109
8.310
9.814
8.811
10.005
9.209
8.510
8.709
8.706
9.911
9.707
8.408
8.708
9.708
9.810
8.608
8.509
7.860
7.805
7.509
8.409
8.209
8.107
8.412
8.493
7.713
9.608
8.306
8.823
8.407
8.107
9.607
9.208
8.010
8.307
9.308
9.714
9.505
8.108
8.507
9.309
7.712
9.507
7.908
7.509
9.406
9.107
8.852
9.708
9.608
8.809
8.122
7.912
9.603
9.209
8.810
10.052
8.916
9.602
8.808
10.008
7.807
8.310
9.306
8.509
9.410
8.508
8.309
9.007
9.207
9.412
8.303
9.409
8.808
8.709
9.707
8.112
7.912
8.409
7.907
10.013
9.953
8.710
7.931
9.508
7.808
9.408
9.609
9.509
9.209
8.507
9.440
9.495
9.410
8.720
8.207
8.908
9.908
9.009
8.007
9.010
8.307
8.809
8.606
9.808
7.507
8.211
8.009
7.911
9.109
8.709
8.181
9.109
9.910
8.508
8.606
7.910
7.806
8.309
7.507
9.709
9.311
9.609
9.212
8.806
8.209
7.510
7.805
8.109
9.008
8.405
9.810
7.512
9.705
8.306
10.010
9.988
9.207
8.208
8.007
8.207
9.409
8.608
9.911
9.407
9.861
8.510
9.808
7.706
9.509
10.010
10.007
8.807
9.607
9.308
7.507
7.909
9.312
7.907
8.510
8.211
9.004
8.509
8.408
8.626
9.309
8.608
8.509
8.508
9.311
9.010
9.409
8.810
7.710
9.405
8.109
10.008
8.108
8.109
7.608
7.511
8.025
7.708
9.011
7.508
9.507
9.120
8.006
8.713
9.702
9.209
9.709
8.811
7.608
8.230
9.910
9.704
9.308
8.509
8.308
8.509
7.606
7.809
10.011
8.007
9.807
8.118
7.910
8.089
8.706
8.344
8.208
9.407
8.510
9.808
9.511
8.235
9.007
7.610
9.610
8.809
9.309
9.207
7.508
9.708
7.607
7.583
9.510
9.410
8.607
7.705
8.112
8.906
8.008
8.007
9.507
7.973
8.807
7.510
8.607
10.008
8.311
9.408
9.608
9.614
9.305
9.007
7.908
8.208
9.311
10.009
9.706
8.508
9.408
9.710
8.328
9.506
9.706
7.710
9.008
8.408
8.109
9.661
10.001
8.908
7.808
9.508
9.310
9.108
9.506
8.120
9.307
8.015
10.002
8.808
7.709
9.210
7.907
8.110
7.508
9.707
8.009
9.706
8.310
7.508
9.506
9.206
9.508
9.108
9.608
8.556
7.707
7.766
8.202
7.708
9.110
8.507
9.708
8.510
7.805
9.312
9.104
9.611
10.009
9.206
8.308
7.613
8.506
8.708
8.408
8.709
8.507
9.211
8.329
9.304
9.211
7.707
8.407
8.712
9.604
8.208
9.911
9.904
8.607
8.207
10.010
7.832
9.509
9.807
8.813
9.804
9.008
8.108
9.309
9.211
10.008
7.709
9.310
8.745
9.108
7.910
9.909
7.509
9.607
8.408
9.307
8.707
8.808
7.908
7.510
8.308
8.824
9.907
8.204
9.912
8.121
8.307
7.608
7.508
8.012
9.150
10.010
9.807
9.909
9.487
8.906
9.911
9.893
8.309
8.505
8.807
8.708
8.511
9.008
8.409
9.409
8.407
9.707
8.211
8.807
9.707
9.009
7.508
9.610
10.007
7.510
7.808
8.227
7.609
8.001
8.806
9.310
7.908
8.707
9.109
9.811
7.709
9.109
9.509
8.507
7.707
8.411
10.009
8.826
9.893
8.320
8.110
8.407
8.131
9.009
10.007
7.807
8.207
7.611
7.508
8.108
7.709
8.008
8.808
7.806
8.526
7.696
9.609
9.108
9.111
8.904
9.010
9.307
7.907
8.614
8.007
8.211
9.525
8.100
9.707
9.508
8.909
7.707
8.007
9.807
9.508
7.911
7.507
7.609
8.123
7.707
8.208
8.308
8.209
9.707
8.608
9.409
10.007
8.408
8.408
9.010
9.807
7.509
8.507
7.808
8.611
9.008
8.707
8.208
9.668
8.306
7.852
8.610
8.807
8.309
8.308
8.208
8.810
8.505
8.314
9.603
8.709
9.210
7.806
9.608
8.807
9.107
8.907
8.908
7.609
10.009
8.108
7.550
10.004
9.113
7.907
8.706
8.014
9.105
9.408
7.515
7.609
9.908
8.834
8.908
8.408
9.709
9.808
9.908
8.107
8.208
9.408
9.607
9.909
9.907
9.108
8.809
8.910
8.206
7.758
9.108
8.312
8.362
9.107
8.310
9.911
9.705
9.708
8.008
9.011
9.388
8.205
9.109
9.109
9.508
8.110
10.013
9.310
8.006
9.808
10.009
8.707
9.112
9.756
8.708
8.913
8.711
7.608
8.007
9.607
7.853
9.810
7.908
8.810
9.004
8.908
8.807
8.706
8.506
9.309
7.828
7.752
7.607
9.612
9.407
9.705
7.607
9.509
8.908
8.308
9.309
9.006
9.708
8.510
8.612
8.505
7.609
7.505
8.606
8.309
9.608
9.214
8.005
10.023
7.902
9.509
8.809
9.311
8.113
7.507
8.706
8.408
7.710
8.908
7.909
9.811
8.707
8.225
9.313
7.505
9.209
8.710
9.307
8.812
9.909
7.808
10.092
10.010
8.011
8.606
8.209
7.607
7.708
8.908
7.707
8.111
8.425
9.309
7.519
9.209
9.334
9.006
7.806
9.707
7.807
8.408
9.512
9.210
9.409
8.909
9.408
8.509
7.710
8.607
7.509
7.509
9.207
10.008
7.708
9.776
8.511
8.607
10.008
8.708
7.508
7.907
9.608
8.607
9.707
9.807
7.708
9.108
8.708
8.007
8.911
9.204
9.207
8.506
8.306
8.508
9.907
7.908
9.508
7.708
9.008
9.509
7.807
8.106
9.510
8.013
8.014
8.109
9.307
7.939
9.606
9.310
8.309
9.308
8.010
8.106
9.009
8.307
9.910
7.903
9.008
8.891
9.606
8.108
9.817
8.108
9.108
9.907
8.507
8.808
7.507
7.608
8.208
7.807
8.508
7.808
8.506
9.009
8.796
8.016
9.620
8.210
10.006
8.108
10.007
8.010
8.705
9.110
8.809
8.806
9.507
7.911
7.511
9.315
8.810
9.807
7.508
8.009
9.607
8.708
9.313
9.907
9.009
7.707
7.608
10.008
8.007
8.908
9.110
9.209
9.407
8.910
7.507
9.313
9.570
7.611
9.808
8.407
9.548
8.708
9.623
8.908
9.412
9.811
8.307
8.108
9.677
8.506
8.608
9.307
9.909
8.108
9.308
8.909
8.307
9.570
8.806
9.115
8.509
8.108
8.208
8.011
9.515
8.407
9.807
9.108
8.824
9.909
7.507
8.208
8.607
9.913
9.814
8.108
9.607
8.108
8.934
9.413
9.308
7.707
8.809
9.238
8.308
8.006
8.010
9.108
7.607
9.507
8.010
8.612
7.704
8.908
9.307
9.908
7.509
9.309
9.120
8.807
9.008
9.209
9.597
7.706
9.208
9.207
8.414
8.705
10.007
9.807
8.213
9.307
7.608
9.508
8.607
8.410
7.606
9.309
7.653
7.806
8.907
8.206
9.109
9.207
9.810
8.403
9.212
10.008
7.608
8.309
8.707
9.309
7.607
8.126
9.709
9.308
7.506
8.209
8.107
10.010
8.262
8.808
9.406
8.306
8.408
7.909
9.307
8.610
9.706
9.409
8.907
8.609
7.708
8.109
7.906
7.707
9.009
9.609
7.607
9.309
7.807
8.907
8.708
7.906
9.709
8.408
9.706
9.731
9.101
7.807
9.909
9.808
9.306
9.207
8.127
7.709
9.704
7.508
8.808
9.508
9.607
7.810
8.005
9.908
8.408
8.422
7.704
7.607
8.009
7.807
9.608
8.307
9.410
8.307
9.114
9.308
9.408
8.806
8.908
8.407
9.108
8.709
8.408
8.610
8.164
9.204
8.808
7.751
9.208
7.708
9.707
8.708
8.208
7.908
8.709
9.308
8.813
8.906
9.609
9.507
9.396
9.207
8.008
8.809
7.607
9.510
8.010
9.707
8.207
9.707
8.007
7.512
8.502
9.107
8.607
9.108
8.213
7.545
9.304
7.508
7.706
9.209
8.807
8.407
9.607
10.006
7.607
8.509
9.108
10.007
8.021
8.306
9.108
8.508
9.807
9.408
7.908
7.853
9.008
8.813
10.002
9.707
8.808
8.607
8.806
7.509
7.707
9.709
7.507
9.507
9.817
7.907
8.806
8.710
9.007
8.308
8.609
9.407
9.407
7.608
9.308
7.507
8.609
8.507
8.508
8.610
7.805
9.114
8.903
9.309
7.808
9.008
8.908
9.406
7.508
7.809
9.408
7.907
7.706
9.709
10.008
10.007
7.515
8.902
8.808
9.307
9.809
9.909
8.606
9.308
7.709
7.808
9.510
9.007
8.808
7.907
7.510
9.304
9.708
9.108
8.507
7.609
8.208
7.507
9.707
8.508
8.110
9.306
8.907
8.506
8.908
9.008
8.607
9.106
7.908
9.907
8.306
7.808
9.908
9.606
9.807
7.507
7.507
9.208
9.312
9.004
9.808
9.506
8.206
9.611
8.603
9.409
9.707
9.509
9.707
9.432
7.908
7.907
8.608
9.607
8.909
7.607
8.511
10.008
9.208
9.108
9.809
7.706
9.607
9.606
9.807
9.309
9.912
7.504
8.608
9.108
9.007
8.307
8.509
10.006
7.858
9.808
9.309
7.709
9.307
9.108
9.825
9.907
9.508
8.308
9.408
8.307
8.608
8.109
8.407
7.707
9.708
8.107
8.108
9.308
7.907
8.108
8.706
7.707
8.108
9.913
9.502
9.807
8.359
8.110
9.705
8.904
7.908
9.208
9.107
9.908
8.207
8.809
9.707
7.788
9.807
9.311
8.707
8.307
9.909
9.706
8.708
9.707
7.908
9.612
9.112
8.304
7.607
8.009
8.707
8.485
8.008
8.307
8.108
8.808
9.008
7.808
7.806
9.608
9.709
9.608
9.607
7.809
8.569
9.220
8.208
8.408
8.606
9.508
9.408
8.656
9.309
8.156
8.310
9.906
7.905
7.507
8.406
7.907
8.101
9.609
8.807
8.707
8.107
9.608
7.507
9.608
7.510
8.007
9.311
9.713
7.608
8.808
7.709
8.807
8.106
8.417
9.818
9.351
8.020
9.108
7.810
9.804
9.908
8.808
9.918
7.610
9.106
8.209
8.006
9.807
7.908
9.507
8.507
8.509
9.399
8.708
8.207
9.309
9.206
10.009
9.207
9.509
8.908
9.408
8.307
9.607
7.709
8.208
9.010
8.507
9.807
9.410
8.208
9.907
8.308
8.207
10.086
7.509
8.908
8.208
9.808
9.607
7.849
8.210
8.028
9.647
9.407
9.008
9.108
8.877
9.108
8.436
8.209
8.008
7.708
9.208
7.509
8.109
9.908
9.020
9.109
9.907
8.407
7.508
9.719
9.411
8.226
9.808
9.410
9.910
7.908
9.412
9.411
8.512
7.511
7.510
8.009
9.708
9.009
9.814
8.410
8.106
8.111
9.109
8.807
8.521
8.510
9.008
9.207
8.508
7.907
8.408
8.308
9.013
8.605
8.110
8.607
9.607
7.907
8.112
9.407
8.306
10.009
8.917
9.310
7.507
8.909
7.510
9.707
8.108
10.008
8.010
8.908
8.330
9.807
7.608
9.308
8.208
9.109
8.608
9.308
9.710
9.806
7.711
8.807
8.308
8.414
9.905
7.808
8.810
8.009
9.709
9.809
7.910
8.508
9.308
8.110
7.606
9.508
7.707
8.241
9.606
8.410
9.810
7.808
8.408
9.910
9.769
9.310
9.110
8.408
8.509
8.709
8.108
9.011
7.647
9.007
7.508
7.507
9.325
9.007
8.207
9.209
8.908
8.807
7.807
8.109
9.509
8.142
7.709
9.948
8.810
9.925
8.508
8.513
7.809
9.409
8.507
10.010
8.609
7.506
8.610
9.912
8.905
9.207
8.809
9.107
8.108
9.010
9.314
7.613
7.909
7.608
9.508
9.308
8.909
10.009
7.609
8.508
8.108
7.810
8.409
9.635
7.807
9.408
8.318
8.206
8.911
9.311
8.311
10.014
9.604
9.411
10.010
8.608
8.809
8.910
7.607
9.609
7.810
9.618
9.708
8.208
9.707
9.308
7.509
8.611
9.508
7.608
9.810
7.507
8.108
8.109
9.607
8.711
7.613
8.012
9.610
9.009
9.912
7.803
9.218
9.610
10.008
9.108
8.108
8.709
8.044
8.510
8.209
8.525
8.009
8.109
9.307
7.909
7.509
9.307
9.209
9.524
9.611
8.908
9.508
7.608
9.807
9.307
8.808
9.909
9.812
8.547
9.094
9.799
8.907
8.406
9.308
9.007
7.619
7.608
7.808
8.307
8.610
8.506
9.407
9.309
9.307
8.607
9.708
9.407
8.031
8.803
9.008
7.511
7.904
8.707
7.807
7.660
7.907
9.423
7.607
7.809
7.807
9.408
7.607
9.413
7.705
9.608
8.307
7.907
9.708
8.607
8.908
8.407
9.908
8.208
7.706
9.309
9.512
9.904
8.608
10.006
8.908
7.808
7.618
9.507
9.008
8.008
9.661
9.407
9.908
9.708
9.931
7.608
9.108
7.609
9.807
9.509
9.808
8.007
7.508
9.607
9.408
9.008
8.008
9.408
9.910
8.204
8.652
9.405
8.204
10.008
9.507
9.808
7.706
9.707
9.210
9.208
7.808
8.908
8.709
7.607
8.607
8.505
7.908
7.807
8.709
7.608
10.007
8.607
8.409
7.507
8.109
7.708
9.208
8.608
9.805
9.007
9.508
8.307
8.507
7.909
8.207
8.009
7.615
8.652
7.807
9.606
7.708
8.109
8.408
9.108
8.408
9.707
7.607
9.010
10.007
9.009
9.487
10.005
7.508
7.707
7.612
8.105
8.108
9.328
9.503
7.807
8.208
9.107
8.808
9.507
9.509
9.807
10.007
9.909
8.308
7.906
9.440
8.606
8.508
7.706
7.609
9.607
10.008
7.951
8.507
7.607
9.407
8.008
7.611
9.403
8.408
7.909
7.707
9.209
9.707
9.907
9.764
8.112
8.912
8.504
7.505
8.408
8.207
7.608
8.209
9.007
8.008
7.507
7.706
9.209
7.907
8.126
8.704
8.008
8.507
9.910
8.350
8.151
8.103
8.608
7.609
9.008
9.107
7.809
8.213
8.714
7.605
7.808
9.509
9.108
9.008
9.709
7.606
9.708
9.809
8.350
8.914
7.907
8.509
9.109
9.607
8.940
9.909
8.408
9.708
8.409
8.309
7.906
9.007
9.108
9.008
9.107
8.008
8.114
9.811
8.707
9.507
10.106
9.307
8.907
9.009
8.207
8.808
9.306
8.115
8.507
7.509
9.508
9.013
8.501
8.708
8.726
7.608
8.608
9.709
9.807
9.709
8.107
7.608
8.808
9.709
9.306
8.019
7.705
10.006
7.608
9.107
9.507
7.611
8.505
8.506
9.311
9.408
9.807
8.609
10.007
8.311
8.806
9.404
10.007
9.908
8.309
8.808
10.007
9.407
8.408
9.906
9.208
9.005
10.008
7.908
8.808
9.208
8.410
9.207
9.228
8.807
8.407
8.608
9.107
9.408
9.740
8.507
8.708
9.610
9.605
8.707
8.017
8.607
8.208
7.907
8.610
9.210
9.306
8.803
8.708
7.810
8.507
7.807
9.609
8.608
8.208
8.310
7.706
9.410
7.659
9.708
8.108
8.521
8.409
9.712
8.007
8.210
8.105
9.507
7.807
7.907
8.109
8.306
9.212
9.006
9.009
7.707
8.409
8.407
8.909
9.607
8.709
9.918
10.008
8.408
8.412
8.304
9.507
8.807
7.887
9.609
8.408
8.644
8.308
9.508
8.203
8.823
7.506
9.192
8.209
7.807
9.708
9.008
8.907
8.809
8.207
7.805
9.008
9.111
8.705
7.807
8.808
9.908
7.807
8.707
8.307
8.708
9.809
7.705
10.010
7.708
10.008
8.611
8.903
8.207
7.907
9.857
9.806
8.106
9.009
7.908
8.709
8.606
9.708
7.509
7.506
7.806
7.808
9.209
9.608
9.207
9.705
8.309
9.221
10.008
9.808
10.008
8.631
9.508
7.809
8.810
9.904
8.008
9.908
8.706
8.908
7.907
8.508
8.608
8.583
10.007
9.108
9.909
8.806
8.708
7.508
9.008
9.224
8.008
8.408
8.708
9.708
8.008
9.508
8.907
8.009
9.208
9.005
9.325
8.804
9.606
8.009
8.708
7.506
7.807
9.907
8.908
8.408
8.507
7.523
9.793
8.710
9.305
9.508
7.609
8.108
9.619
9.307
9.809
7.707
7.615
8.399
10.156
8.180
8.007
8.808
8.707
9.812
7.905
8.138
8.506
10.009
8.706
9.908
7.608
9.206
10.008
9.309
7.607
8.421
9.508
9.807
9.809
8.744
9.404
9.909
9.508
9.122
9.209
9.207
9.407
9.309
7.710
9.311
7.606
8.211
8.202
9.009
8.110
8.608
9.707
9.406
8.809
8.507
9.209
8.908
7.608
9.108
8.307
7.910
7.707
7.710
7.808
10.007
9.108
9.906
7.507
8.507
9.032
9.436
7.809
8.423
8.804
8.012
7.707
9.010
9.008
8.412
7.910
9.809
9.853
7.707
9.109
8.508
8.710
8.508
7.510
9.109
7.707
8.409
9.509
7.908
8.608
7.506
8.125
7.710
10.008
8.309
8.915
8.913
7.608
9.312
9.805
9.136
10.010
10.100
8.004
8.907
8.608
8.708
8.910
8.309
9.148
8.108
9.507
7.807
9.109
9.508
9.709
9.407
7.805
9.209
10.008
9.214
9.205
8.207
9.612
9.108
9.009
8.495
8.014
9.302
7.608
7.907
8.409
7.608
8.008
9.107
9.227
9.104
7.912
8.004
7.508
9.608
8.708
9.509
7.546
7.901
9.007
9.609
10.008
9.510
8.706
10.009
8.808
8.109
8.108
8.308
9.909
9.907
9.311
8.006
9.114
9.609
8.409
10.007
9.709
9.209
9.310
9.104
8.208
9.709
9.809
8.308
9.207
8.711
7.907
9.414
9.106
9.617
8.905
9.008
9.108
7.809
9.186
8.008
8.608
10.007
8.909
8.408
9.808
8.309
9.008
9.008
7.809
7.508
9.007
7.708
9.208
8.412
9.319
7.607
8.006
9.210
8.606
10.008
7.807
9.009
9.309
9.409
8.607
8.207
8.509
7.808
8.709
7.606
8.309
9.809
7.507
9.709
8.108
10.008
8.109
9.808
8.908
8.509
9.928
8.009
8.907
9.209
8.906
8.109
9.307
9.506
10.010
7.808
9.407
7.709
9.447
8.607
9.809
8.109
9.739
8.102
8.602
8.106
8.608
9.409
8.009
8.608
9.308
8.709
8.509
9.906
8.613
9.904
8.509
8.407
7.909
9.906
7.609
9.508
8.108
9.610
8.906
8.109
10.010
8.408
8.310
9.509
9.609
8.306
7.510
9.207
9.110
8.611
9.906
7.607
8.135
7.808
8.910
9.907
9.208
7.507
10.077
7.808
7.509
8.410
8.907
8.110
8.508
9.208
7.610
9.106
8.848
9.211
9.703
8.708
7.609
8.206
8.110
9.708
9.206
8.370
9.013
8.207
9.640
8.908
8.508
7.609
9.419
7.509
7.708
8.756
7.709
7.806
9.009
7.709
8.908
8.110
8.609
9.908
9.808
8.710
9.235
8.609
7.909
9.007
9.709
8.107
9.908
7.909
7.909
9.010
8.907
9.510
9.907
8.408
8.207
8.307
8.810
7.707
8.506
9.209
9.010
8.709
9.708
8.107
9.207
8.621
8.707
7.708
8.614
8.511
9.107
7.708
9.600
9.610
9.209
9.409
7.710
9.309
9.806
8.111
8.209
8.969
7.508
8.111
9.807
8.510
9.111
8.707
8.709
7.608
8.009
7.809
9.008
7.609
8.509
8.310
8.943
9.698
8.534
10.504
7.853
7.724
7.825
7.824
9.923
9.730
9.930
7.733
8.928
9.626
8.333
9.733
8.437
8.650
7.741
8.427
9.630
9.328
9.829
8.428
9.627
7.825
8.824
8.824
7.926
10.026
9.636
9.326
9.828
8.329
9.426
8.123
8.529
10.114
8.044
8.534
9.434
8.227
8.728
8.425
7.928
9.830
8.077
9.129
8.327
8.433
7.628
9.025
7.931
9.927
8.928
10.029
7.827
7.824
8.727
8.325
7.927
8.326
7.727
7.732
9.133
9.871
8.170
7.727
9.332
9.428
8.828
8.828
7.730
7.624
9.826
8.326
9.948
7.936
7.553
8.323
8.925
7.627
9.032
9.537
8.297
7.541
9.435
8.048
8.428
8.390
9.030
9.135
9.128
9.326
9.326
8.328
8.927
7.527
8.532
8.328
9.437
10.029
9.938
9.828
7.626
9.827
8.040
7.626
7.627
8.129
8.729
9.229
8.428
7.629
8.629
8.827
8.227
8.227
9.428
9.428
9.397
8.532
8.429
8.290
7.740
7.625
9.208
9.329
7.839
7.626
7.845
9.926
7.625
7.624
9.625
7.928
9.926
7.526
8.219
7.625
8.329
9.426
9.628
9.327
9.630
8.324
8.029
7.928
9.025
7.526
9.824
7.923
9.588
8.126
8.624
9.028
8.429
7.723
8.524
8.723
7.925
8.823
8.523
8.226
9.125
8.025
8.624
9.129
8.324
9.324
9.777
9.327
8.928
8.925
8.726
8.426
9.825
9.526
8.825
8.925
9.728
8.848
9.625
8.448
50.014
0.023
8.115
0.105
0.052
8.648
8.624
9.226
9.025
7.523
7.727
9.730
9.142
8.425
8.428
8.327
9.433
7.639
7.627
8.924
9.026
9.327
7.526
7.525
9.025
9.729
9.129
8.026
9.425
7.826
7.524
7.724
9.925
8.425
7.829
7.826
9.526
8.928
9.826
8.628
8.929
7.628
8.226
8.124
8.725
9.333
9.125
8.334
9.426
9.325
9.724
8.629
8.527
10.384
8.825
7.626
9.627
8.027
8.123
8.934
8.527
8.424
9.325
8.426
9.325
9.726
8.926
8.724
8.732
8.825
10.026
58.940
0.030
8.903
0.120
0.020
7.669
9.923
7.722
8.422
9.427
9.527
8.227
8.126
8.124
8.042
9.731
8.226
7.527
7.654
9.026
9.126
8.798
9.929
8.629
9.828
9.326
8.227
8.828
8.126
9.633
7.625
8.024
9.928
9.224
8.824
8.526
9.527
8.628
8.729
8.024
8.224
8.330
8.727
9.025
8.935
9.333
8.635
9.831
9.539
9.026
33.355
0.019
0.986
0.255
8.835
9.927
7.524
8.022
8.223
9.025
8.722
7.737
9.339
9.224
7.822
8.521
8.025
8.824
7.926
9.334
10.026
8.528
7.625
8.225
9.927
9.431
9.829
9.127
7.926
9.523
8.830
9.628
8.128
7.529
9.925
9.624
102.977
0.032
7.500
0.114
0.020
9.191
9.033
8.624
8.324
8.325
8.927
9.523
9.021
7.828
7.623
8.525
7.923
8.823
8.621
8.823
8.622
7.922
8.523
7.731
8.622
7.922
9.223
8.324
8.823
9.423
8.223
8.321
9.424
8.423
8.623
7.921
10.036
7.726
9.023
8.527
8.826
8.125
8.123
7.725
8.624
8.221
8.722
9.122
9.523
7.523
54.242
0.024
8.303
0.107
0.022
8.784
9.425
9.526
7.825
7.724
8.227
9.732
8.623
9.323
9.224
9.525
8.023
9.823
9.723
8.323
8.721
8.321
9.623
9.522
8.922
10.023
8.324
9.926
8.923
9.928
9.528
8.925
7.825
7.723
9.726
9.426
8.966
9.128
8.947
60.272
0.030
9.502
1.427
0.048
8.245
9.025
8.324
7.628
9.828
8.025
10.025
8.221
9.524
8.221
7.727
9.124
9.931
7.824
9.922
9.724
9.224
9.924
9.330
8.225
7.723
9.623
7.922
9.622
8.429
9.723
8.421
7.825
9.124
8.230
9.523
9.822
9.929
7.823
7.520
9.623
8.521
7.721
7.726
8.121
8.624
8.125
9.823
8.423
8.721
9.823
8.221
7.822
9.723
7.522
8.623
9.947
9.823
9.030
9.422
8.338
8.623
8.021
8.621
7.823
8.923
8.322
7.724
8.740
8.829
7.923
8.524
9.829
8.136
8.925
7.924
9.323
9.824
7.824
7.823
8.425
7.523
12.350
9.250
9.410
9.019
9.782
9.721
8.718
8.922
9.321
9.518
7.618
9.819
8.319
8.121
8.621
9.119
8.319
10.019
7.818
8.821
8.619
7.721
9.619
7.519
8.319
9.019
9.820
8.820
9.423
8.122
8.921
8.120
9.520
8.921
9.822
9.543
8.633
8.423
8.520
7.821
8.021
8.725
16.766
8.836
9.525
9.024
8.023
7.828
9.127
8.323
9.327
7.725
8.822
8.822
7.722
9.823
7.830
7.624
8.623
9.929
8.429
7.644
8.123
8.024
9.023
7.826
10.025
55.221
0.003
8.654
3.047
0.023
9.474
9.925
8.426
8.224
9.324
9.923
8.727
9.823
9.023
9.825
9.030
9.225
8.730
8.023
9.630
8.425
8.523
9.925
9.523
8.326
8.460
9.720
9.123
8.926
8.825
9.427
9.132
8.823
8.220
7.721
9.621
7.525
7.523
7.927
8.433
9.550
7.823
9.922
9.326
9.525
9.826
8.423
8.824
8.424
8.932
8.330
9.323
7.524
8.324
9.027
8.522
9.223
8.724
7.524
8.222
10.024
9.424
9.825
9.024
7.722
10.029
8.522
8.023
7.624
9.122
8.953
9.729
9.423
8.923
9.133
9.024
8.623
10.051
7.722
9.523
9.124
8.724
9.023
9.324
9.523
8.124
7.827
8.825
9.325
7.826
9.624
9.524
9.823
9.522
8.424
7.644
9.524
9.628
8.122
9.621
8.626
9.828
9.427
8.222
8.624
8.423
10.504
9.824
8.625
10.024
9.427
7.839
8.819
8.522
9.624
8.521
9.123
9.923
9.826
8.680
7.729
9.524
8.023
7.623
9.024
9.124
7.931
8.629
8.634
8.642
10.341
9.725
8.327
7.925
7.828
9.624
8.824
7.523
9.323
7.523
7.622
8.922
8.025
8.923
9.924
7.624
9.924
9.223
7.621
9.922
7.927
8.022
9.322
8.624
8.363
8.424
7.626
8.823
9.731
8.925
7.523
8.023
8.523
8.523
8.425
8.921
8.021
9.924
9.124
8.138
7.322
9.424
8.922
8.123
8.427
8.927
8.425
8.524
8.226
8.644
8.792
8.624
9.331
7.724
9.923
7.624
8.930
7.624
9.123
8.523
9.024
9.124
9.222
7.522
7.725
7.524
9.122
8.562
7.314
8.322
8.423
7.722
7.623
9.821
8.523
8.746
8.925
9.522
9.726
9.824
8.223
7.923
8.626
10.023
8.224
8.425
7.522
9.823
8.622
9.323
8.222
7.521
8.322
10.023
7.722
8.526
7.625
9.324
9.525
7.723
7.723
7.822
8.121
8.021
24.756
9.230
9.323
9.423
8.621
8.919
9.120
9.321
9.431
7.619
9.419
7.719
8.619
9.520
10.020
9.719
8.721
8.323
9.922
9.822
8.221
7.621
8.420
8.435
9.622
8.021
8.820
9.922
8.465
10.439
7.113
8.922
8.822
9.822
8.241
7.535
8.726
9.823
9.321
8.220
7.625
8.826
8.623
8.723
8.222
8.520
8.522
9.721
9.527
8.526
10.326
7.721
8.621
7.921
8.826
8.423
8.521
7.720
8.422
9.621
9.722
8.929
8.425
8.623
8.739
9.323
8.623
7.521
9.220
8.019
9.060
9.319
9.421
9.321
7.920
7.733
7.923
9.120
9.921
9.921
7.620
9.422
7.719
8.923
7.522
9.024
9.821
8.727
9.324
8.124
8.427
9.124
9.834
9.321
7.720
8.621
8.721
9.021
8.620
7.821
9.621
9.521
9.720
8.920
8.922
8.242
9.122
9.521
9.421
9.225
9.558
9.723
8.726
9.822
8.521
8.722
8.922
8.522
7.520
8.319
9.358
8.420
7.620
9.021
7.822
8.021
7.722
9.020
9.520
8.826
9.622
9.220
8.425
9.223
8.023
10.023
9.621
9.921
9.422
9.121
9.021
8.920
8.724
7.621
8.820
10.022
9.119
7.819
8.424
9.321
10.572
7.619
7.719
8.824
9.422
8.020
9.521
9.622
9.822
8.922
8.620
9.321
8.119
9.520
8.623
8.820
9.722
8.321
8.821
9.021
10.021
7.720
8.020
8.620
8.121
9.320
8.525
9.919
9.721
9.421
9.121
8.522
9.822
9.521
10.020
9.189
7.719
9.422
8.622
10.021
8.421
9.923
9.420
9.221
9.420
8.119
8.220
9.020
8.921
9.527
8.120
9.175
9.652
8.921
7.624
8.024
8.320
8.619
8.032
7.920
8.220
9.820
9.121
8.121
9.336
9.028
9.724
9.524
8.521
8.420
9.421
9.721
8.320
8.920
8.820
7.821
9.522
9.723
9.523
8.325
9.222
7.721
9.925
9.121
9.120
10.022
9.821
10.024
8.723
7.721
8.020
9.422
10.023
9.721
7.620
9.421
8.821
9.821
8.821
7.530
8.422
8.346
9.724
9.424
9.721
8.619
9.748
9.325
8.320
9.323
7.629
7.620
9.520
7.622
9.221
8.620
7.521
9.121
8.520
8.721
9.520
9.023
8.322
9.421
8.821
8.420
9.021
7.622
8.420
7.719
7.819
9.519
8.620
10.021
8.820
8.421
8.723
8.622
7.726
9.721
7.820
8.020
9.820
9.819
8.121
9.120
8.320
8.321
8.121
9.520
9.520
7.521
8.519
7.921
9.720
10.020
9.120
8.620
7.720
10.020
9.021
8.022
9.420
7.521
7.920
8.319
8.724
9.420
9.419
8.920
9.020
9.721
9.724
8.916
10.140
7.957
8.122
8.383
9.646
7.755
7.526
8.025
8.932
8.721
8.520
8.520
8.720
7.521
9.820
8.921
7.620
8.819
9.721
9.723
9.025
7.721
7.921
7.627
9.622
10.021
9.760
8.621
9.822
8.520
7.520
9.322
8.621
8.222
9.929
9.720
9.421
7.622
7.720
8.521
9.019
8.919
9.721
7.822
9.122
9.521
9.523
9.423
8.432
9.129
9.021
9.920
9.325
9.630
7.723
8.922
9.523
9.422
7.619
9.222
8.123
7.822
8.621
9.221
8.520
9.151
9.122
8.121
8.821
9.521
9.121
7.720
8.320
8.722
8.121
9.921
8.324
7.522
9.422
9.224
9.322
8.320
9.321
8.519
7.820
9.719
9.922
10.023
9.028
7.621
9.321
9.621
7.921
7.820
9.021
9.221
9.021
8.027
10.409
7.720
10.021
9.021
8.220
8.427
7.827
9.021
8.420
8.721
9.220
7.722
8.022
8.421
8.721
10.021
9.420
9.221
9.621
9.521
9.123
8.621
9.620
8.325
8.320
7.721
8.820
9.822
9.420
7.820
7.920
9.320
8.221
8.019
8.423
9.120
9.121
8.720
8.021
10.020
7.522
9.945
7.585
8.120
8.020
9.022
8.222
7.620
8.121
7.820
9.620
9.921
9.120
9.320
8.321
7.521
9.521
9.721
9.920
9.020
7.620
7.932
8.222
8.321
8.519
9.124
7.621
7.519
8.020
8.121
7.721
8.020
8.019
8.020
8.819
8.519
9.820
9.621
8.820
7.821
7.521
8.320
7.719
9.319
8.075
8.521
9.319
9.821
8.320
9.125
8.824
8.420
9.820
9.521
9.522
8.420
8.823
9.621
8.419
9.321
7.822
8.821
9.824
8.321
9.621
8.821
9.621
9.325
8.322
8.320
9.621
8.322
9.422
10.021
7.521
9.521
8.720
9.519
9.424
9.521
8.820
8.117
8.120
8.521
7.820
7.722
9.420
9.123
10.092
7.920
8.521
7.721
9.320
8.421
8.821
9.275
9.722
8.320
8.221
8.119
9.320
7.720
9.120
8.621
7.920
9.321
8.224
9.121
8.820
7.621
8.721
7.521
8.421
9.521
8.520
8.720
9.721
7.822
7.920
9.821
8.423
8.920
7.517
7.819
7.521
9.021
9.321
9.919
10.255
10.352
8.411
10.082
7.422
9.939
8.397
8.425
8.924
8.922
9.922
7.621
9.223
8.522
7.621
7.621
8.022
8.820
9.020
7.820
9.121
9.526
7.622
7.626
8.521
7.821
8.022
8.521
9.321
9.821
8.672
9.156
9.821
9.122
8.726
7.619
8.630
9.220
8.420
10.021
8.320
8.220
7.723
7.708
9.422
7.827
7.726
7.526
9.121
9.320
7.922
8.327
8.922
8.222
8.521
10.143
8.521
9.022
8.632
7.925
8.721
9.721
9.821
8.420
8.720
8.498
8.721
10.023
7.821
9.620
10.022
8.653
7.921
7.620
8.728
9.925
8.222
9.226
7.522
9.821
8.622
7.922
8.321
7.620
8.623
9.322
7.624
9.821
8.426
8.725
7.626
9.828
8.524
9.921
8.422
9.922
8.521
9.621
9.921
8.821
9.220
10.022
7.522
9.820
7.526
8.925
9.625
8.422
8.021
9.920
8.421
9.321
7.720
9.220
9.422
9.120
8.756
9.625
8.820
9.721
8.420
9.220
9.420
9.720
9.221
7.720
9.521
7.620
9.970
9.320
8.919
9.220
9.421
9.120
8.920
9.719
8.019
8.721
8.020
8.721
8.884
8.922
8.021
8.923
8.223
9.922
8.127
9.326
9.626
9.771
9.130
8.220
8.820
8.524
7.821
7.920
8.721
9.820
8.320
8.721
9.325
9.722
8.024
8.624
9.022
9.723
8.222
9.526
8.526
9.022
8.125
9.722
7.824
8.822
8.722
8.823
8.722
9.421
8.202
8.420
9.020
9.720
9.123
7.921
8.320
9.422
8.323
9.730
9.427
9.124
8.425
8.630
9.688
8.448
9.921
8.121
8.921
8.325
7.522
10.452
9.822
8.321
9.721
7.720
9.750
8.423
9.024
8.524
7.728
9.825
9.438
9.428
9.628
8.724
9.823
7.821
8.024
8.222
7.629
7.549
7.523
8.721
8.823
9.222
7.820
8.720
9.824
9.423
9.776
9.821
9.326
9.622
8.028
9.126
10.028
7.831
10.225
9.026
8.821
7.823
8.920
8.225
10.180
8.621
9.420
9.624
9.120
7.522
8.020
9.225
7.626
8.024
7.922
8.922
9.921
9.039
7.744
9.624
7.730
7.522
9.522
9.522
9.626
7.620
8.821
9.622
8.023
8.721
8.720
9.320
9.320
7.735
7.620
9.120
8.823
9.529
8.726
7.865
9.829
9.229
9.526
9.923
9.921
7.520
8.921
10.249
8.423
9.421
9.421
8.727
9.420
8.820
8.319
9.221
9.120
9.620
8.921
9.622
8.521
7.724
8.921
7.720
8.119
9.020
9.319
9.420
8.720
8.120
9.921
8.421
9.822
9.522
8.421
9.822
9.626
10.020
9.620
7.921
9.523
8.921
9.321
8.920
7.824
7.625
8.222
9.521
9.721
9.820
9.020
8.122
10.020
8.019
8.319
8.022
9.822
7.820
7.523
8.621
8.421
9.921
9.720
8.433
9.520
8.221
8.121
9.024
8.121
7.999
9.720
7.619
9.321
8.920
9.221
9.922
9.022
7.521
9.321
8.922
9.821
8.429
9.722
9.921
16.698
8.047
7.835
9.137
8.337
8.081
7.625
9.433
8.032
10.027
7.725
10.027
8.132
8.434
9.038
8.931
8.830
8.832
9.232
8.260
7.831
8.539
8.031
9.430
8.528
10.075
8.436
8.242
8.428
8.027
8.229
7.728
8.726
8.526
9.330
9.730
9.231
9.628
9.131
9.728
9.528
9.330
9.733
7.733
7.838
8.831
9.133
9.331
7.527
8.528
7.528
7.828
9.528
8.031
9.935
8.025
8.227
8.426
8.927
9.127
9.030
9.725
9.326
7.826
8.327
8.733
7.531
7.535
8.252
9.336
9.729
7.828
8.531
9.531
8.050
9.133
8.235
9.636
8.333
8.234
8.228
8.332
8.841
7.730
9.135
8.632
8.432
9.831
9.633
10.034
10.905
9.999
10.312
8.437
9.032
8.330
9.630
9.248
8.335
7.926
8.425
8.124
8.222
9.725
7.623
8.721
8.920
8.520
8.423
9.722
9.521
9.220
8.021
8.227
9.621
9.823
9.521
8.121
9.719
9.220
8.019
8.621
8.020
7.820
9.721
9.621
8.822
9.260
8.929
9.823
9.824
7.527
7.824
7.925
9.927
8.126
9.123
8.724
9.426
7.620
8.330
8.827
9.543
9.027
9.526
9.032
8.731
9.126
9.625
8.526
8.327
7.827
9.826
8.825
8.325
9.424
8.527
9.626
8.724
10.027
9.377
8.437
7.626
9.826
8.828
10.026
7.926
8.028
8.623
10.027
8.428
9.423
8.723
7.825
8.423
8.125
9.623
9.828
9.726
9.126
8.325
8.126
9.424
8.227
9.523
7.823
7.622
8.125
9.923
8.825
8.025
9.124
10.025
8.127
8.926
8.926
8.226
9.524
9.526
9.325
9.425
8.028
8.728
8.026
8.323
9.825
8.824
8.672
9.725
8.627
9.725
8.131
9.332
9.224
8.924
8.926
9.624
9.024
9.526
9.426
7.925
7.723
8.727
7.823
8.526
7.524
9.324
9.324
9.725
8.925
8.723
9.023
9.622
9.926
9.728
7.825
9.825
8.435
8.434
9.523
9.726
8.027
7.526
8.934
9.925
8.927
7.927
9.424
8.027
7.625
9.026
8.526
8.027
7.624
9.025
9.226
7.827
8.224
8.633
10.028
9.827
9.927
9.128
9.328
9.926
8.728
9.928
9.734
9.836
8.432
9.125
9.432
9.129
9.124
8.524
8.929
8.224
8.930
8.736
8.729
9.229
10.038
9.725
9.734
7.522
8.927
9.124
7.824
9.825
7.630
7.929
9.625
10.026
9.532
9.025
9.933
8.126
9.026
9.525
7.866
9.925
8.726
9.726
8.954
7.926
8.325
7.825
8.625
10.025
8.834
7.526
9.125
8.929
9.926
9.028
8.926
8.732
8.022
9.975
8.526
8.327
9.831
8.231
8.328
9.429
9.926
8.323
10.027
9.049
7.924
7.942
8.934
9.127
7.725
7.832
9.529
8.631
8.369
8.344
8.527
9.831
8.526
7.730
8.633
8.331
9.227
7.626
9.630
9.926
9.730
8.232
8.228
9.425
8.929
9.227
8.724
8.726
10.027
8.826
7.724
8.027
9.228
9.228
9.641
19.740
9.727
9.230
8.127
7.929
7.629
9.129
7.831
8.626
9.430
9.130
9.530
8.729
9.235
9.230
8.830
8.829
9.927
9.727
8.325
8.926
9.028
9.726
7.527
8.932
8.626
7.832
9.626
7.725
9.726
9.126
9.828
9.329
8.429
7.926
9.924
8.626
9.728
7.826
9.731
9.225
9.431
9.332
7.927
8.727
8.627
9.436
7.627
8.425
9.026
8.627
9.827
7.929
8.231
7.532
9.527
9.530
8.026
9.025
9.977
7.632
8.226
9.629
9.425
9.135
7.635
9.425
7.827
9.928
9.731
7.726
9.227
9.028
9.530
9.828
7.627
8.327
9.187
7.936
9.230
8.230
9.029
9.230
64.257
0.004
9.481
0.106
0.026
9.409
9.927
7.525
9.133
10.028
8.224
8.624
9.530
7.525
9.029
8.821
7.819
9.023
8.426
8.237
8.122
7.523
7.923
7.923
7.852
8.730
9.527
8.224
7.869
7.925
9.725
9.725
9.222
9.525
9.022
7.625
8.730
8.829
7.826
7.749
8.932
8.627
9.026
8.528
8.823
8.122
9.827
9.327
9.627
8.324
7.522
7.728
8.524
7.928
8.332
8.822
9.122
7.923
10.138
9.622
8.324
9.330
9.529
7.725
8.929
8.429
8.024
7.524
10.025
8.543
7.930
9.036
9.635
9.726
7.522
8.323
7.723
10.021
7.822
9.922
8.525
7.823
7.724
9.725
8.221
8.720
8.523
10.024
9.134
8.329
9.528
7.630
7.830
8.930
8.025
9.224
7.524
8.524
9.525
10.025
9.522
9.927
9.126
9.130
9.527
9.126
7.526
10.026
9.328
7.828
9.828
7.730
8.327
7.624
9.927
9.024
8.825
8.526
9.125
8.025
9.425
8.623
8.321
9.923
7.623
8.823
9.080
7.634
10.030
8.431
7.727
9.532
8.529
9.428
8.731
8.126
8.423
8.926
8.022
7.625
9.525
7.923
8.027
7.727
8.025
8.123
9.527
9.528
9.125
8.525
7.726
8.634
9.828
8.526
8.624
10.025
7.525
7.625
7.530
10.023
8.724
7.824
9.422
9.732
9.727
8.221
8.023
8.226
9.721
8.527
8.626
9.325
9.032
9.125
9.528
9.728
9.927
9.124
9.430
9.225
7.621
9.625
7.925
9.924
8.265
9.122
9.825
8.230
9.230
7.530
8.225
8.039
7.822
7.727
7.925
7.627
8.532
8.429
8.327
8.327
9.625
9.576
7.528
8.724
8.723
9.732
8.647
8.526
8.826
7.922
7.624
9.125
7.620
8.121
9.120
8.523
9.933
8.937
9.329
9.038
9.129
7.627
9.726
9.420
8.024
7.525
9.525
9.232
8.626
7.724
10.025
8.226
9.930
7.630
9.426
8.727
7.531
8.128
9.732
8.830
8.532
7.533
8.025
8.830
8.334
9.627
9.924
8.132
8.627
9.327
9.825
7.629
9.626
9.431
9.525
7.523
9.724
9.123
9.325
8.227
9.630
9.782
8.927
9.436
9.829
8.528
8.026
9.829
9.127
7.827
8.729
7.827
8.022
9.222
9.325
8.823
8.928
9.328
9.655
7.527
9.091
9.325
7.627
8.031
8.930
9.936
8.328
8.528
9.124
7.547
9.620
8.631
9.636
8.334
8.128
9.326
9.523
8.827
9.224
8.724
9.423
7.823
9.028
9.925
9.730
8.524
8.928
8.630
7.728
8.436
8.835
8.826
7.727
8.929
9.528
9.132
8.927
7.726
7.723
8.023
7.925
9.429
9.325
7.527
7.825
7.634
9.527
9.827
8.927
8.727
8.527
8.428
9.463
7.623
8.328
8.928
8.626
9.730
10.033
8.935
8.031
8.728
7.829
8.426
7.722
9.827
7.624
9.425
7.728
7.824
7.535
8.759
10.031
9.385
8.327
7.740
9.430
8.024
7.523
8.525
9.227
8.724
9.428
8.327
8.827
7.826
9.724
7.665
7.623
9.824
9.225
8.234
8.623
9.526
9.322
8.930
9.435
9.524
8.223
9.827
10.029
8.232
8.132
9.929
7.630
9.128
7.626
9.828
9.628
7.826
8.222
8.924
9.729
7.728
9.827
7.927
8.126
9.632
8.279
8.226
9.429
9.932
9.133
7.929
9.527
8.627
9.529
8.929
8.025
7.827
8.626
7.924
8.721
9.422
8.030
8.927
8.527
8.128
8.626
8.227
8.635
9.529
9.727
7.723
9.729
9.627
8.325
7.924
9.127
9.125
8.926
8.624
9.125
8.122
9.324
8.625
9.225
8.728
7.632
9.731
9.128
8.929
7.829
7.731
8.328
8.329
9.332
9.526
9.124
7.825
7.633
7.825
10.026
10.026
8.032
9.925
9.524
8.836
7.722
8.822
8.023
9.323
9.926
9.928
10.027
9.129
8.426
9.129
8.029
8.530
9.025
9.824
9.923
9.524
10.025
8.324
7.921
9.322
7.722
9.724
9.826
7.931
10.027
9.828
8.032
7.932
9.630
7.528
9.425
10.027
9.025
7.628
9.325
9.025
10.025
9.225
8.325
8.529
8.427
8.828
9.527
9.923
8.527
9.529
9.329
8.627
7.830
9.728
8.028
8.029
9.327
7.897
8.625
9.428
7.724
9.426
9.823
10.025
9.423
9.427
7.528
8.529
9.530
9.328
10.030
9.634
8.627
8.227
8.028
9.633
9.528
7.627
9.629
8.125
9.621
8.924
9.326
7.525
8.725
10.026
8.324
8.226
7.927
9.428
7.531
8.128
8.930
7.530
8.244
8.425
9.427
8.534
9.425
9.025
7.725
9.425
8.524
9.123
7.725
9.236
8.825
10.030
9.329
8.325
8.028
8.833
9.930
10.028
9.124
8.825
10.026
9.926
9.863
7.826
9.424
9.726
8.735
8.330
9.728
9.624
9.229
9.232
8.029
8.629
8.129
8.527
8.130
9.333
7.731
8.328
8.427
9.025
8.225
7.628
9.826
9.026
9.230
9.927
9.992
8.227
8.629
9.227
8.230
8.028
9.828
7.528
7.629
8.628
8.332
7.526
8.130
7.723
9.333
8.924
8.824
7.536
10.073
9.626
9.331
7.723
8.022
7.730
9.225
9.027
8.032
9.134
7.964
9.727
8.933
9.739
8.027
50.419
0.024
8.904
0.376
0.046
8.637
9.022
8.525
9.732
10.025
8.526
7.927
7.622
7.620
9.320
9.118
7.818
9.322
8.627
9.726
9.524
9.223
7.522
8.822
8.123
8.021
7.930
8.728
7.925
9.332
8.326
8.423
9.520
9.922
9.922
7.520
8.419
8.822
8.528
8.228
8.926
9.530
8.930
9.129
9.923
8.121
8.121
7.679
7.621
9.322
10.022
9.820
8.620
10.021
8.628
9.223
8.023
9.024
7.824
8.421
8.429
8.826
9.524
7.874
8.721
9.519
7.920
9.820
8.433
9.119
8.242
9.924
8.620
9.619
8.919
8.620
7.820
9.719
8.921
7.959
8.919
8.919
7.720
7.620
8.820
9.019
9.320
9.521
7.920
9.827
8.020
9.185
8.821
7.521
9.420
10.020
9.719
10.018
9.921
8.319
9.019
8.019
8.125
7.722
7.521
9.832
8.820
7.921
9.321
7.921
8.525
8.422
9.321
8.923
8.522
8.221
7.818
8.019
7.725
8.454
8.070
8.220
10.021
9.219
8.420
9.519
9.320
8.122
9.419
9.423
8.923
8.517
9.918
9.719
8.821
10.019
9.519
7.721
8.019
8.719
8.119
9.021
9.822
7.520
7.919
8.525
8.320
8.420
9.021
8.521
9.419
9.620
9.224
9.324
8.824
7.874
8.924
8.221
8.419
8.220
7.521
10.021
9.220
10.020
9.820
8.119
7.520
9.220
8.425
8.223
8.043
9.630
9.923
7.822
9.321
7.920
8.820
7.521
8.919
7.920
8.720
8.219
10.020
8.020
8.215
8.919
8.321
9.019
9.920
9.419
9.922
9.921
9.561
9.219
10.020
9.019
9.921
7.621
8.319
8.456
8.519
8.919
7.519
8.468
9.219
9.520
8.822
8.121
9.521
7.624
8.723
8.320
8.520
8.819
8.920
8.621
7.920
9.721
7.720
7.721
9.123
7.521
7.722
8.522
9.522
7.919
7.720
9.319
8.021
8.526
7.821
9.326
9.923
7.821
7.621
9.221
7.519
9.120
10.021
9.522
9.537
8.626
7.821
7.918
7.619
9.419
9.320
8.018
9.025
9.520
8.219
8.294
9.820
8.418
9.318
9.219
9.020
9.721
8.620
9.620
8.125
9.122
9.021
8.221
9.620
9.320
7.521
9.677
8.322
7.722
9.120
7.720
9.025
9.620
8.420
9.119
9.120
7.821
9.621
8.020
9.819
7.920
9.021
9.721
9.125
8.418
9.019
8.018
8.020
7.719
7.720
8.818
9.320
9.219
9.719
8.918
8.420
9.820
8.425
9.525
10.021
7.618
9.719
9.119
9.925
8.221
8.222
8.921
8.519
7.919
9.724
8.518
8.421
8.821
8.587
10.018
9.719
7.524
8.119
7.620
7.719
8.422
9.122
9.822
7.721
8.825
8.823
8.723
8.719
9.921
8.121
8.819
7.720
7.920
7.820
7.720
8.920
8.524
9.223
9.920
9.022
9.022
8.544
39.942
0.019
7.713
0.090
0.051
7.534
9.419
8.219
7.820
9.818
9.320
9.419
9.520
9.620
8.123
8.220
8.425
9.522
8.322
9.022
8.220
8.519
9.622
8.621
8.757
8.463
9.826
8.021
8.521
8.921
9.720
9.524
8.922
7.521
8.821
49.885
0.033
7.507
0.133
0.021
7.870
8.130
9.433
10.031
7.524
8.935
8.237
8.527
9.825
7.726
9.324
8.927
8.429
7.924
8.729
9.727
9.125
9.627
9.526
9.926
8.234
8.530
9.729
7.727
7.633
9.834
9.228
9.362
9.837
7.531
9.434
7.831
8.126
8.829
7.727
8.331
7.627
8.426
9.330
7.625
8.825
8.731
9.034
9.831
9.128
7.630
9.429
8.425
10.026
9.028
8.428
8.126
7.725
8.026
8.528
7.827
7.725
7.726
9.626
7.725
7.725
9.028
8.230
8.523
7.728
8.631
9.330
8.031
9.730
8.840
8.132
8.536
10.034
9.929
8.425
9.330
10.028
7.927
7.829
7.526
9.524
8.727
8.431
9.733
9.426
9.434
7.632
9.739
9.628
12.423
7.527
10.030
8.830
8.431
8.431
9.747
9.531
7.929
9.838
9.333
9.236
8.032
7.747
9.132
7.827
8.828
8.526
8.038
9.327
8.827
8.040
8.926
7.625
8.930
8.731
9.644
9.243
8.093
9.424
8.026
8.427
9.433
8.233
10.033
7.934
9.329
9.126
7.524
9.725
9.044
9.330
8.831
9.629
9.837
8.125
7.526
8.524
9.328
8.228
7.926
8.127
9.030
9.387
8.228
7.843
7.923
7.728
9.026
9.226
9.825
9.829
7.823
9.326
7.939
7.723
9.723
9.722
9.523
9.723
9.626
8.525
9.224
8.328
8.259
8.926
9.123
8.227
7.960
8.427
9.027
8.030
9.226
7.926
9.826
9.932
8.430
7.728
7.830
7.625
9.625
7.525
9.924
9.926
9.424
7.723
7.723
9.223
7.522
9.822
8.921
9.624
8.425
8.026
7.925
9.131
9.627
9.722
10.036
9.628
8.227
9.127
7.523
9.924
9.723
7.524
10.024
8.322
7.921
7.923
8.423
10.030
8.121
8.222
7.522
10.022
8.422
7.923
9.422
8.423
7.826
8.423
8.225
8.723
9.135
8.823
7.930
8.628
8.426
8.126
8.326
9.224
9.724
8.623
9.222
9.623
8.623
9.122
7.822
9.222
9.528
8.724
9.324
7.625
9.625
9.325
7.729
8.124
10.028
9.830
9.226
7.724
8.134
9.927
9.226
9.731
8.626
9.673
8.423
9.823
7.822
9.322
8.923
7.523
7.824
8.223
9.822
9.126
7.526
7.522
8.225
9.525
8.921
10.024
9.829
8.426
9.528
7.762
9.028
9.424
10.033
8.325
9.825
8.326
8.224
8.927
7.923
9.845
8.724
9.125
9.026
9.029
8.333
8.026
9.035
8.826
9.028
8.731
8.030
9.381
8.556
8.728
8.624
7.724
8.824
8.427
8.822
8.422
8.827
7.925
7.723
8.922
8.824
7.522
9.722
9.524
9.143
7.825
8.923
7.723
9.426
8.126
9.326
7.824
8.625
8.428
9.331
7.725
10.164
9.822
9.470
8.498
8.423
7.822
9.225
9.924
8.927
8.120
8.326
7.828
8.830
8.726
9.225
7.524
8.925
9.128
9.728
8.026
9.640
8.727
8.428
9.125
9.325
7.624
9.632
8.126
8.624
8.823
43.447
0.020
8.606
0.088
0.024
10.046
9.625
8.021
9.323
9.424
9.424
10.028
7.826
9.729
8.727
9.124
9.021
8.924
7.922
8.022
8.722
8.628
7.724
9.921
9.624
9.326
9.427
9.924
8.824
10.024
8.622
7.721
8.421
9.721
8.730
8.628
9.730
8.230
9.130
8.926
7.624
8.428
9.024
7.923
8.221
7.625
9.723
9.826
9.229
7.825
9.617
7.833
8.929
8.226
7.725
8.632
7.630
9.640
8.531
9.272
9.733
9.627
9.431
8.025
9.524
8.124
9.229
9.131
9.032
8.429
8.129
9.330
9.427
9.726
10.028
7.727
9.827
9.626
10.025
9.023
7.524
8.127
9.529
9.030
9.026
9.729
7.730
9.140
9.433
8.935
8.437
9.029
8.726
7.830
9.828
8.126
8.629
9.131
9.728
7.723
10.035
7.726
9.639
9.632
9.928
9.529
9.832
9.930
9.029
9.931
9.033
9.130
7.928
8.432
8.234
9.433
8.136
8.631
8.728
7.625
7.528
9.637
9.234
9.111
7.524
9.126
9.522
8.823
8.125
9.129
9.129
8.030
9.529
8.626
7.528
9.632
8.037
9.832
9.433
9.733
9.626
8.546
8.936
7.733
9.433
9.826
9.624
7.624
8.423
8.228
7.833
8.630
7.831
9.730
10.034
8.027
8.726
9.429
9.438
9.536
8.666
8.437
10.032
8.231
9.731
10.032
7.732
7.634
9.934
9.832
10.031
9.737
8.228
8.927
9.929
7.625
8.625
9.428
7.923
9.726
7.822
8.225
8.230
8.327
8.029
8.329
8.830
9.231
7.631
8.335
8.873
8.944
9.793
8.836
10.446
8.101
8.935
9.930
9.128
9.026
9.730
9.329
8.628
8.027
8.126
8.424
8.326
9.426
7.931
8.832
9.132
8.430
9.530
10.043
9.231
7.530
8.530
8.230
9.438
8.629
9.100
8.235
7.531
8.431
9.730
9.726
9.927
8.526
9.729
9.025
7.624
9.523
58.080
0.030
8.706
241.202
0.037
9.895
8.340
8.531
7.926
9.828
7.725
8.828
9.328
7.734
8.229
9.528
8.732
8.924
9.021
10.028
7.825
9.927
7.630
8.940
9.542
10.079
8.824
8.224
9.732
7.927
8.373
9.326
8.825
9.625
9.324
7.732
9.531
7.830
8.932
9.928
7.525
9.226
8.925
9.524
9.624
9.627
9.125
8.429
8.625
8.124
8.323
9.124
7.923
8.720
8.021
7.622
8.626
9.324
8.327
8.435
9.929
9.134
7.731
8.628
8.829
9.730
9.028
8.330
7.623
7.824
8.330
7.933
9.525
9.728
7.526
9.024
9.425
9.225
9.926
8.124
10.029
8.429
9.828
8.027
9.631
7.927
8.125
8.325
9.924
9.132
9.530
82.646
0.029
8.205
0.099
0.019
9.603
9.520
9.922
7.919
9.725
7.827
9.029
7.728
9.932
8.828
7.728
9.027
8.225
9.630
9.122
8.824
9.523
7.622
8.720
7.723
9.924
9.126
8.528
8.128
8.929
7.628
7.526
8.523
8.327
9.926
9.449
7.939
9.629
9.428
8.630
9.229
9.829
7.525
9.645
9.823
8.828
13.963
8.737
9.726
9.424
7.929
8.728
9.026
8.023
7.527
9.424
7.823
9.226
7.926
8.730
8.029
8.030
8.928
9.327
223.392
0.024
9.012
0.094
0.024
8.557
8.228
8.333
7.628
7.926
8.325
9.929
7.635
9.927
9.637
9.029
9.728
9.127
9.529
8.328
8.128
7.623
8.423
7.621
8.223
7.722
8.026
10.200
8.425
8.725
8.426
7.626
7.835
9.927
12.033
10.027
8.379
9.927
8.224
8.625
7.926
9.320
8.425
8.027
9.331
8.229
9.730
8.928
9.826
9.327
10.032
8.026
9.524
8.527
8.225
7.824
8.727
8.923
9.935
9.627
7.628
8.225
10.024
7.925
8.325
9.125
8.025
9.135
8.926
9.044
7.926
9.524
8.425
9.026
10.026
7.626
9.728
9.825
9.228
9.727
9.127
9.125
7.629
8.731
7.724
8.524
9.026
9.134
10.031
8.828
8.729
7.726
9.727
8.825
8.124
7.924
8.027
8.926
9.826
9.625
8.597
7.625
9.023
8.726
9.325
9.125
9.027
9.025
8.828
8.126
8.825
8.025
10.026
8.925
9.225
7.625
7.624
8.325
9.326
7.528
9.828
8.128
7.723
9.533
9.625
8.524
9.924
7.527
9.925
9.982
9.626
7.824
9.924
8.526
9.226
9.222
7.526
8.134
8.988
9.024
9.023
9.824
9.627
9.125
8.626
8.926
9.425
8.923
9.828
8.650
8.926
9.526
9.424
9.324
8.926
8.921
7.819
9.026
9.130
7.824
8.728
8.627
8.226
8.625
9.824
7.523
7.923
9.824
8.424
8.931
9.024
7.524
8.947
8.528
9.126
9.928
9.925
8.433
8.824
9.824
9.825
7.827
9.526
9.125
9.928
8.526
8.254
7.826
10.026
9.824
8.129
8.729
8.624
9.028
10.028
8.324
9.127
8.033
8.326
7.625
9.625
9.822
7.625
8.325
8.425
9.227
8.124
8.423
7.523
9.642
8.222
9.844
7.624
7.628
9.122
10.021
8.624
10.024
7.721
8.827
9.741
8.322
7.621
8.222
7.523
7.907
9.325
9.324
8.426
7.523
9.425
7.924
10.022
9.530
8.728
8.325
8.633
9.711
9.424
8.826
9.124
7.521
8.822
9.422
7.823
7.828
9.326
9.223
7.921
9.725
7.941
24.182
0.019
8.107
820.047
0.164
0.029
8.508
7.924
9.937
9.324
7.938
9.425
9.923
8.023
8.822
8.525
9.025
7.523
7.925
8.324
9.124
10.361
8.623
7.825
9.023
8.923
8.326
8.424
8.223
8.722
8.023
8.621
8.923
8.722
9.525
7.524
9.522
7.822
7.923
9.623
9.823
8.526
8.925
9.623
9.023
8.802
8.248
7.938
7.931
8.728
9.033
9.532
8.531
7.547
10.028
7.762
9.160
8.226
8.826
9.925
9.629
9.628
8.429
8.861
8.224
7.925
8.526
7.829
8.426
9.027
9.926
8.224
10.032
9.029
7.959
9.262
9.430
8.734
9.825
10.029
25.690
8.735
9.530
8.529
8.727
9.630
8.933
7.827
8.027
7.727
7.629
7.524
9.826
8.726
8.724
8.126
9.326
9.830
8.632
7.726
8.928
8.535
8.627
9.026
10.029
9.036
8.330
9.526
7.628
8.128
9.428
7.631
9.326
9.031
8.925
8.233
8.624
7.923
8.527
9.168
8.125
8.826
9.124
8.030
7.625
8.026
8.826
9.532
7.930
10.025
9.926
9.327
8.624
8.428
8.425
8.729
7.535
9.327
8.129
7.724
9.928
10.391
8.029
9.329
9.030
9.628
10.024
7.726
7.529
8.629
9.331
8.126
9.929
8.527
8.929
7.532
9.025
7.827
9.727
9.430
7.926
10.055
8.287
9.226
8.027
10.039
7.829
59.383
0.033
9.207
0.113
0.063
9.297
8.622
9.022
8.425
7.721
8.523
8.629
7.923
8.521
9.721
9.922
9.421
9.828
8.326
8.422
10.022
7.519
8.723
9.670
9.431
9.423
9.262
8.447
8.526
9.733
8.760
9.132
7.627
7.632
7.637
8.635
9.329
8.923
7.724
7.829
9.122
8.924
8.923
9.726
7.623
8.822
9.737
9.538
8.779
8.023
8.020
8.425
8.027
9.424
8.163
7.522
8.721
9.823
8.633
10.026
9.430
9.432
9.021
9.720
9.520
9.121
8.421
8.977
8.019
8.625
9.523
9.821
7.724
8.322
9.721
7.823
9.971
9.322
10.030
8.230
10.026
7.925
9.327
8.131
9.827
9.927
8.223
8.733
9.823
9.322
8.623
9.123
8.927
7.521
9.022
8.522
9.325
9.926
7.628
9.830
8.776
9.622
9.829
8.934
8.030
9.429
9.427
7.825
8.836
9.326
8.525
8.823
9.723
7.825
9.423
9.657
7.823
7.723
8.420
7.621
9.823
9.523
9.424
8.629
9.727
8.334
9.825
9.029
8.429
9.927
8.927
9.827
9.425
8.626
8.632
10.022
8.125
8.128
7.729
9.721
9.926
8.921
8.431
9.726
9.436
7.927
9.425
9.823
8.226
7.823
7.525
7.927
10.052
9.626
11.482
9.927
8.124
8.926
8.832
9.023
9.025
7.827
8.723
8.324
9.224
10.022
8.425
10.022
8.220
8.823
9.623
8.024
7.724
8.122
7.819
9.837
9.065
9.727
9.724
9.326
7.622
9.729
9.923
7.825
9.323
9.025
7.622
7.528
8.024
9.124
9.228
9.528
9.425
7.826
8.022
8.523
7.928
9.134
8.724
8.627
7.938
8.226
9.324
8.321
8.935
9.625
8.081
10.023
9.423
7.722
9.429
9.822
7.963
9.426
7.522
9.520
8.532
7.621
9.531
9.026
9.224
8.625
8.979
8.526
9.128
9.227
9.822
9.724
8.424
8.422
8.425
8.823
9.322
7.621
9.827
8.121
9.925
7.826
8.225
9.526
8.227
7.524
9.225
8.227
9.627
9.229
7.730
8.024
9.324
9.926
9.630
8.624
8.526
8.426
9.829
7.520
7.722
9.721
10.028
8.624
8.024
8.323
10.028
7.522
8.724
9.727
8.130
8.724
7.630
9.125
8.127
8.326
9.328
10.024
9.327
8.927
9.124
9.526
9.424
8.523
9.324
8.927
9.625
7.921
10.027
9.625
10.312
7.625
9.227
8.138
8.828
10.029
9.125
8.932
10.024
7.723
8.724
8.222
9.221
8.920
9.825
10.023
9.931
9.129
10.025
9.127
7.922
9.221
8.726
9.821
7.927
8.227
8.926
7.632
8.831
8.829
9.731
9.526
9.227
8.924
7.730
7.923
8.825
9.422
9.326
8.725
9.823
8.123
9.425
38.453
0.026
9.503
0.102
0.020
9.685
8.425
9.222
8.620
9.022
8.339
7.521
8.722
8.724
8.228
7.722
9.122
9.521
9.322
8.719
9.220
8.420
7.720
9.426
9.021
9.021
8.920
8.219
7.820
8.921
9.020
10.026
7.928
8.519
9.323
9.722
8.222
7.819
8.839
9.327
9.320
9.721
9.520
8.120
8.520
7.821
8.422
7.730
9.922
7.862
9.031
9.228
8.728
9.228
8.528
7.625
8.430
7.623
8.555
8.724
9.029
10.026
8.823
9.624
8.623
8.228
9.322
9.321
8.523
8.024
8.822
7.922
7.822
8.223
8.620
9.124
8.624
9.721
9.320
8.620
10.019
8.420
7.723
8.828
7.623
8.923
8.922
8.729
9.029
7.528
7.526
8.123
7.619
8.921
7.720
8.821
9.621
9.524
8.220
8.319
10.052
9.521
8.725
8.022
7.923
10.025
9.625
9.221
9.620
8.831
7.725
9.523
10.023
8.121
8.222
7.521
9.721
9.822
8.922
8.720
10.020
8.920
9.320
7.621
7.721
9.727
9.125
7.520
9.120
9.822
8.322
9.320
9.524
9.726
9.825
9.931
9.727
9.525
9.225
9.222
8.422
9.627
8.921
8.325
7.622
9.623
8.521
9.823
9.631
9.926
8.625
9.527
8.830
8.189
9.626
9.024
7.725
8.627
9.227
9.628
8.627
10.517
9.021
8.020
9.926
8.730
8.021
9.723
8.124
9.729
8.822
9.022
9.422
7.825
7.523
9.719
7.625
8.522
9.625
9.728
8.427
8.224
9.323
9.725
9.027
8.927
8.624
9.424
7.623
7.821
9.128
8.722
7.922
8.021
9.229
7.923
9.423
9.925
7.525
7.624
9.727
9.126
9.428
9.025
9.425
9.426
8.626
9.526
7.825
8.225
9.321
8.722
9.120
8.623
8.321
8.223
10.024
9.722
7.521
7.721
7.622
9.421
9.021
8.221
9.919
8.321
8.920
9.324
8.425
8.926
9.424
8.026
8.134
8.926
9.982
7.527
8.225
8.324
9.721
8.631
9.227
9.030
10.025
8.427
7.524
8.326
9.123
7.621
8.124
9.427
8.025
8.425
8.725
9.534
9.323
8.722
8.024
8.123
8.126
8.924
9.623
7.721
9.621
7.621
9.131
9.332
7.833
9.925
7.824
7.521
8.646
9.524
9.223
8.522
7.921
9.223
9.560
9.724
9.525
7.527
9.259
10.024
8.628
8.032
9.729
7.925
9.323
7.825
8.524
9.944
9.427
8.225
7.723
8.925
8.623
9.421
8.422
8.925
9.433
8.724
9.129
7.930
8.124
8.234
8.924
8.725
7.528
8.426
8.625
9.526
8.624
7.722
9.726
9.823
8.322
9.522
7.623
7.522
9.824
8.624
7.522
9.131
9.422
8.023
8.121
7.926
9.925
9.026
9.527
9.245
7.624
8.627
9.830
8.526
9.327
8.623
9.722
9.625
9.525
8.224
9.225
8.124
8.724
8.824
8.024
9.539
8.673
8.126
9.724
8.129
9.431
9.924
9.929
8.928
7.826
8.227
9.524
7.824
10.404
9.024
9.522
7.523
7.720
9.226
8.523
9.725
8.027
8.322
9.222
7.623
9.322
23.350
8.426
7.925
9.926
8.926
7.522
8.523
9.524
9.727
9.124
8.927
9.725
9.221
7.922
7.520
7.522
10.027
7.824
9.923
8.927
7.523
9.924
9.323
9.424
8.525
8.926
9.924
9.625
8.516
7.525
9.024
9.222
8.425
9.623
52.246
0.032
9.907
0.102
0.067
9.534
9.425
9.525
8.524
9.026
8.827
9.024
9.230
8.826
9.126
9.826
8.627
7.927
9.829
8.730
9.928
9.131
9.729
8.736
9.228
9.426
9.535
9.427
8.333
8.636
7.729
7.828
7.825
7.729
7.529
8.130
10.034
9.432
7.526
8.426
8.628
8.827
7.530
7.728
7.530
9.132
10.031
8.730
9.748
9.929
7.527
9.530
9.231
9.731
8.231
8.329
9.326
7.828
7.629
7.528
9.029
8.026
8.128
9.528
8.529
8.128
7.525
8.424
7.729
7.829
9.527
8.830
9.134
9.630
9.245
9.444
8.827
9.226
8.229
8.529
9.228
8.227
8.124
8.325
8.024
9.025
9.126
9.824
9.428
9.428
7.526
8.523
10.029
8.489
7.929
8.627
8.924
8.126
9.527
9.127
8.428
8.933
8.027
7.727
8.625
9.828
9.629
10.029
9.127
7.794
8.891
7.950
8.428
9.234
9.133
48.999
0.027
8.402
0.101
0.023
7.780
7.931
8.929
8.928
8.028
9.926
9.326
9.123
8.728
7.525
8.526
8.025
8.726
7.529
8.726
8.934
8.731
8.426
8.427
8.624
7.628
8.823
9.922
8.430
9.727
9.026
10.976
8.734
7.532
8.627
7.723
7.926
9.031
9.327
9.332
9.738
9.125
8.725
8.729
7.960
8.676
9.926
8.525
10.026
10.027
9.726
9.031
8.630
8.327
9.930
9.928
8.435
8.625
9.725
9.528
8.427
8.826
9.833
9.830
8.929
8.427
7.524
9.329
7.528
9.326
8.629
10.028
8.433
9.830
8.632
8.928
8.727
8.525
9.927
8.830
8.632
9.728
7.731
9.929
7.926
7.528
9.727
9.131
8.827
9.528
8.534
9.732
8.227
8.327
9.526
9.828
9.425
9.725
9.125
9.627
8.927
7.827
9.531
9.831
7.730
8.129
8.626
9.030
9.325
8.627
7.728
8.027
8.325
8.227
7.824
8.930
8.230
10.027
7.926
9.825
9.626
9.230
9.632
7.735
7.624
9.226
7.524
9.528
8.849
9.329
9.228
7.725
9.828
8.731
7.707
10.025
9.528
9.028
9.131
8.932
7.529
9.627
9.438
8.530
7.731
9.730
7.624
8.627
9.829
8.229
8.326
9.327
9.932
8.143
9.733
7.627
9.831
9.929
9.832
8.631
9.128
9.036
9.026
9.028
7.628
9.128
9.029
9.841
8.025
8.225
8.826
8.329
7.725
8.124
9.325
8.128
7.925
9.427
9.329
7.826
7.630
7.746
9.831
7.633
8.330
9.627
7.827
8.124
9.526
7.525
9.426
8.725
9.227
8.328
7.728
9.533
7.531
9.428
9.232
8.133
7.533
7.927
8.925
8.024
8.726
8.324
8.626
9.327
7.923
8.028
9.633
8.226
8.526
9.531
8.322
9.326
9.124
8.824
7.525
8.525
9.128
9.630
9.732
8.234
7.827
7.524
7.731
7.929
9.425
9.429
8.726
9.729
7.549
7.731
7.826
8.926
8.531
9.130
8.231
8.932
9.727
7.731
9.881
8.326
9.828
8.329
7.726
9.023
9.628
7.825
10.026
8.631
7.522
9.825
9.428
7.926
9.924
9.824
8.527
9.428
9.326
9.925
9.228
9.328
7.526
9.530
8.235
8.733
8.629
8.980
7.831
8.429
9.328
7.527
9.227
9.227
8.328
9.427
8.127
7.934
9.931
8.225
9.225
10.031
8.027
8.726
8.028
8.025
8.426
9.227
7.527
7.727
9.026
9.323
9.725
9.222
8.850
8.026
7.824
10.025
9.625
8.124
8.326
9.128
8.424
7.626
8.230
9.230
9.824
9.126
9.829
9.830
9.829
9.038
9.930
7.930
7.830
8.027
8.428
8.825
9.724
8.536
9.227
8.827
7.726
9.025
7.923
9.128
9.838
8.527
9.129
9.328
9.333
7.525
8.359
7.634
7.932
9.332
9.430
7.629
8.326
9.132
7.528
8.240
8.226
10.029
8.725
8.633
7.923
9.629
7.532
7.829
8.225
9.424
9.124
8.427
8.528
9.829
7.731
8.228
8.261
9.332
7.528
10.033
9.527
8.529
7.629
9.925
7.727
10.061
7.630
8.728
8.930
7.736
9.532
9.931
7.630
8.917
8.626
8.226
7.833
8.829
8.532
8.629
8.128
7.827
9.727
9.129
7.526
9.926
9.946
8.429
9.128
7.527
8.532
8.628
8.525
8.825
8.627
9.029
8.427
8.830
7.630
7.528
9.029
9.630
9.929
9.128
7.832
8.428
10.028
8.224
9.725
8.528
9.529
7.928
8.842
9.124
9.534
9.031
9.029
9.529
9.932
8.229
9.531
8.535
9.328
8.229
9.933
8.126
9.725
8.424
9.427
9.826
8.426
8.328
9.626
8.225
7.529
7.534
9.326
10.026
8.425
9.133
8.627
7.827
9.529
7.536
10.083
9.232
9.031
8.662
8.830
9.029
9.327
8.529
7.527
8.826
9.230
7.770
9.428
8.830
8.428
8.729
8.729
9.431
9.729
8.428
7.731
9.929
8.730
9.831
10.028
9.649
8.828
8.633
7.629
8.525
8.627
9.827
7.623
7.627
8.527
8.924
9.326
7.723
7.523
9.329
9.227
9.232
9.328
8.530
8.132
7.928
9.933
9.632
10.037
9.727
8.126
7.629
9.532
9.327
7.528
9.531
9.126
8.927
8.027
9.427
7.526
9.363
9.329
7.828
9.626
7.726
9.224
8.929
8.127
9.529
8.327
9.925
8.625
7.637
8.528
9.525
8.234
8.626
9.026
8.125
8.233
9.827
8.427
7.928
9.128
8.528
7.524
8.327
7.525
8.227
9.369
7.529
10.031
9.628
7.825
9.628
10.026
9.729
8.627
8.224
9.125
9.423
8.224
7.924
9.727
9.528
9.925
7.827
8.038
8.828
8.424
8.931
8.529
9.429
9.527
7.724
7.826
9.526
8.731
8.027
7.628
9.227
8.028
7.824
8.927
8.526
9.925
8.825
8.325
8.425
9.831
10.028
7.928
8.344
7.401
7.628
9.930
7.832
7.929
8.026
9.326
8.931
9.726
7.728
8.424
9.124
8.222
8.724
8.824
9.629
9.427
9.130
8.830
9.928
9.429
7.631
8.530
9.430
9.231
9.326
7.928
8.927
9.225
8.427
9.528
9.729
8.644
9.624
7.632
8.928
7.726
9.423
7.924
9.926
9.926
8.825
9.227
8.027
7.624
7.928
7.731
9.533
9.530
9.030
9.524
9.126
9.426
7.924
8.433
8.523
10.025
8.928
7.525
9.324
9.827
9.582
9.022
8.224
9.033
9.128
9.830
9.336
8.726
7.725
9.325
8.528
9.228
8.431
9.235
9.429
9.028
9.428
9.031
8.726
8.425
8.531
7.728
7.727
9.126
8.627
8.926
9.024
7.630
8.976
8.329
9.926
8.323
10.029
8.227
7.522
9.233
8.023
9.526
7.824
8.427
8.726
8.831
7.532
9.928
7.935
9.630
8.828
7.534
8.637
7.634
8.440
9.635
7.829
8.829
8.827
9.230
7.830
7.829
9.527
9.223
8.825
9.435
7.631
8.737
7.734
7.631
8.029
8.232
9.630
8.634
9.331
8.529
9.926
9.435
8.326
8.025
9.129
9.626
8.024
7.627
9.835
9.127
9.929
7.726
8.030
8.726
9.625
8.326
9.225
9.288
7.624
7.931
8.632
7.726
9.328
8.828
8.129
10.030
9.831
7.828
8.529
9.227
8.827
8.628
8.525
9.630
9.168
7.830
9.426
9.824
7.925
10.581
9.033
7.827
9.732
9.728
9.677
9.528
7.931
8.329
8.528
8.226
8.925
9.831
8.627
8.326
8.528
9.227
8.224
8.427
9.826
9.526
7.628
8.528
8.829
8.827
8.326
9.824
9.131
7.829
9.533
9.837
9.829
8.628
7.539
9.435
8.231
9.440
8.830
8.826
7.829
10.027
9.729
9.232
9.728
8.224
7.627
8.426
10.030
8.531
9.529
9.733
7.926
9.827
8.326
8.422
8.628
9.329
8.138
7.833
9.628
7.725
7.526
9.327
9.027
7.726
8.726
9.727
9.827
7.626
8.625
7.526
7.626
8.225
9.423
10.028
9.023
9.724
8.533
9.130
8.230
8.030
8.929
8.636
7.732
9.728
9.634
9.029
9.025
7.825
9.430
8.725
8.325
9.860
8.027
9.827
7.525
9.430
9.730
9.831
9.730
8.232
7.528
10.027
9.033
9.430
10.027
8.131
9.129
8.425
9.729
9.827
8.925
8.528
8.531
9.428
8.328
8.225
8.366
10.025
8.832
8.479
8.057
9.625
10.031
9.430
9.330
7.649
8.730
8.930
9.931
8.533
9.930
7.534
8.576
8.829
9.527
9.069
9.629
8.729
9.525
9.229
8.633
8.627
7.830
9.626
7.925
8.624
8.029
8.728
8.873
9.330
9.129
10.032
8.836
9.233
9.347
8.235
9.329
8.125
9.928
68.631
0.033
9.158
0.107
0.026
7.583
8.631
9.033
8.633
8.130
7.829
8.327
9.829
8.927
9.432
7.732
8.627
9.830
8.830
9.134
8.630
7.531
8.328
7.827
10.029
9.830
9.729
9.434
8.227
9.128
10.026
8.026
8.624
9.328
7.628
8.130
9.526
8.733
16.320
8.134
9.530
9.930
8.928
9.223
8.926
8.423
9.626
10.023
8.332
8.326
9.125
9.624
8.825
7.525
10.024
8.723
7.528
9.831
8.130
8.230
8.925
8.231
8.729
7.680
10.030
9.037
8.233
9.528
7.825
7.730
7.723
9.825
7.723
9.326
9.126
9.125
7.623
8.637
9.242
8.422
9.622
8.226
7.925
8.122
8.528
8.024
9.423
8.729
8.028
7.626
9.638
9.428
8.531
64.514
0.028
9.704
0.157
0.032
8.432
8.125
7.624
8.224
8.523
7.530
8.426
7.724
9.124
7.623
8.023
7.821
9.322
8.928
9.925
7.724
9.522
74.428
0.026
8.906
0.345
0.025
8.168
8.025
7.829
9.629
7.528
8.826
7.929
9.727
10.025
7.724
7.623
8.224
8.022
8.322
9.221
8.020
9.219
9.622
9.825
9.523
7.521
7.525
8.725
8.920
9.924
8.974
8.632
8.401
7.725
8.823
8.427
7.946
9.327
8.728
10.034
9.522
7.724
7.828
9.322
43.644
0.027
8.211
0.122
0.051
8.937
7.826
7.926
9.631
9.526
7.521
9.322
9.134
7.522
9.322
7.754
9.227
9.426
9.430
7.751
7.530
9.627
9.028
8.725
7.524
8.422
9.923
7.625
8.022
7.722
8.222
9.819
8.122
8.925
9.331
9.432
8.031
9.626
9.824
7.527
9.222
10.023
9.426
8.225
7.524
8.831
8.633
9.430
8.326
7.928
9.824
8.621
7.525
8.737
9.830
7.739
9.831
9.828
7.826
7.726
7.523
8.523
7.623
8.550
7.627
9.626
7.630
8.327
9.327
7.527
8.326
8.425
7.525
7.826
9.327
7.726
9.222
7.825
9.828
7.624
8.525
9.533
8.726
8.723
8.325
8.623
8.924
8.023
8.623
9.423
8.834
8.624
8.129
8.725
9.629
8.429
8.427
9.942
9.229
7.635
9.930
10.032
8.736
7.534
7.830
8.130
7.725
9.726
8.427
10.025
9.826
9.622
9.626
8.722
8.225
7.826
10.027
9.629
8.531
8.542
9.569
9.430
9.827
9.825
8.230
9.331
8.131
9.127
9.126
9.967
9.446
9.027
9.928
8.020
9.223
7.623
8.623
9.534
9.836
9.824
9.627
9.827
9.327
9.225
8.627
7.533
9.734
9.019
9.828
8.227
9.827
8.925
7.726
9.525
8.622
8.523
8.825
9.427
7.723
8.026
9.126
9.731
9.937
9.027
7.826
8.926
9.330
9.248
8.533
9.336
9.128
8.029
9.229
8.330
9.928
7.726
8.524
9.627
8.925
8.528
7.726
8.624
9.924
7.926
8.127
8.722
9.124
9.622
8.023
9.624
7.522
9.927
9.428
9.827
9.029
9.729
8.629
8.427
9.030
9.829
7.627
8.025
7.722
9.327
9.132
7.825
9.729
7.723
9.921
8.621
8.719
7.723
9.925
8.825
8.326
8.127
10.028
10.025
7.626
8.126
9.726
7.926
8.126
9.025
8.077
9.824
8.825
8.925
8.226
7.823
8.621
8.521
8.321
9.021
8.020
7.521
9.326
8.023
7.824
9.326
9.134
9.032
9.726
9.024
7.724
8.023
9.626
7.825
8.734
10.075
8.730
7.722
7.827
9.324
9.224
8.125
9.326
8.124
9.524
7.621
8.425
8.222
8.625
9.527
9.925
9.325
9.524
9.421
9.728
10.023
8.827
8.725
9.022
8.530
7.824
9.421
9.025
7.628
10.022
9.822
7.523
8.621
7.623
7.827
8.025
9.529
8.428
9.828
7.526
8.026
9.925
8.522
8.926
8.727
8.124
8.722
7.925
7.725
8.235
7.728
7.922
9.625
9.230
9.422
8.027
9.727
8.925
9.727
9.829
8.840
9.628
9.827
7.534
9.724
7.723
8.123
9.123
8.623
7.821
9.125
9.322
7.923
7.724
8.161
9.124
8.322
9.622
9.726
8.829
7.726
7.625
9.228
9.827
9.527
8.731
7.723
9.127
7.726
7.525
9.124
9.323
9.627
8.828
9.327
9.227
9.128
9.931
8.232
7.835
7.931
7.525
9.729
8.325
7.722
7.926
7.533
8.825
10.032
9.923
7.522
7.722
10.933
9.420
7.621
9.620
8.223
8.122
8.720
8.420
8.120
7.726
7.624
7.920
9.218
9.521
9.623
8.425
9.525
8.030
8.828
9.927
8.027
8.628
8.326
8.224
9.224
8.323
9.722
9.225
8.423
9.920
9.621
8.322
9.221
9.722
7.924
9.926
7.721
9.323
8.550
8.623
9.727
8.625
9.029
8.825
8.220
8.721
10.021
7.720
9.219
8.921
7.720
9.919
7.619
8.820
8.320
9.320
9.822
7.921
8.623
8.127
7.826
8.326
9.245
9.730
8.223
9.822
9.821
8.426
9.026
8.226
9.731
8.828
9.329
8.825
7.723
7.729
7.521
7.711
8.125
9.460
9.019
8.319
9.522
9.126
9.827
7.732
8.634
9.628
8.329
9.729
7.626
8.827
8.225
9.322
8.722
8.929
9.224
8.422
9.823
8.122
9.125
9.727
9.630
8.527
8.427
9.936
8.731
8.428
10.029
9.326
8.022
9.469
7.824
10.032
8.226
7.522
7.821
9.525
9.625
8.626
9.428
10.027
7.629
7.523
9.434
8.828
8.928
8.631
10.373
8.829
9.429
8.927
8.427
9.026
9.928
9.628
8.827
8.826
8.124
8.930
8.024
8.626
8.031
8.524
8.728
9.025
8.629
9.025
8.429
8.333
7.826
7.902
8.232
7.930
7.928
7.825
9.227
9.328
8.924
9.024
8.125
8.423
7.829
9.225
9.926
7.825
8.722
8.822
9.126
9.424
7.725
9.926
8.133
8.232
8.332
9.428
9.728
9.630
8.526
8.327
8.142
8.826
8.724
8.826
9.225
9.224
9.123
8.526
8.424
8.125
10.028
9.229
9.126
7.924
8.667
9.125
8.330
9.834
7.931
7.527
9.327
8.124
9.924
10.024
8.853
8.226
9.525
8.723
7.928
7.925
9.523
8.324
9.323
8.124
9.926
8.627
9.838
8.929
9.734
8.429
9.831
9.830
7.538
9.027
7.924
8.744
8.023
8.724
8.423
8.423
8.724
7.623
9.025
8.825
7.724
8.024
9.724
9.724
9.429
7.521
7.626
9.027
8.631
9.630
9.629
8.432
8.184
9.628
10.027
7.723
8.124
9.723
7.725
8.323
8.824
8.123
9.524
10.163
9.524
7.823
7.721
8.324
8.123
9.528
9.626
8.628
7.628
9.431
8.230
9.528
9.525
8.530
8.421
8.025
8.026
8.124
9.125
8.725
7.821
9.025
9.125
8.627
8.925
9.526
9.524
7.625
7.524
8.926
9.741
9.729
9.432
10.061
8.229
7.631
9.628
8.287
8.726
9.725
9.924
9.724
9.324
9.326
8.122
7.822
10.023
8.726
8.626
9.233
7.527
9.226
8.331
9.331
7.727
9.728
8.823
9.721
7.522
9.021
8.521
10.219
8.720
8.021
9.826
9.430
8.222
9.524
9.821
9.621
9.127
9.827
9.227
8.644
9.225
9.927
8.831
9.121
8.722
7.619
8.220
8.926
9.321
9.121
8.121
9.521
8.928
9.627
9.227
9.125
8.626
7.828
9.025
9.825
8.624
8.923
9.323
9.322
8.430
9.232
8.823
7.623
9.025
8.222
8.723
8.842
8.224
7.623
10.028
9.632
7.722
8.323
8.422
9.532
7.523
9.229
9.032
9.228
8.825
8.325
8.224
9.925
8.824
9.925
9.827
9.923
8.826
9.223
9.126
9.724
8.324
8.130
9.846
10.027
9.027
8.427
8.384
9.772
8.836
8.480
9.227
9.024
9.223
7.526
8.725
9.525
9.429
7.826
8.628
8.125
8.623
9.525
7.923
9.925
9.425
7.624
10.023
8.199
9.529
9.228
7.725
8.024
9.825
10.026
7.929
8.928
8.624
8.925
8.525
7.522
9.824
7.824
9.024
9.226
8.294
7.824
8.623
10.030
8.127
9.729
8.024
9.424
9.328
8.524
9.324
8.623
8.825
9.422
9.225
8.522
8.526
9.625
9.024
8.533
9.628
9.627
9.927
8.323
8.521
8.622
8.320
8.421
8.920
10.021
7.520
9.519
7.819
8.837
9.421
8.420
8.623
9.925
7.825
7.923
8.527
9.835
9.027
8.163
9.327
8.224
8.520
7.722
7.921
10.020
8.721
7.621
9.725
8.625
8.426
8.126
9.932
9.425
9.126
8.728
9.626
9.326
8.123
9.924
8.123
10.021
8.422
9.221
7.528
8.921
9.621
8.751
8.822
8.820
8.919
8.019
9.522
9.921
8.324
7.524
10.027
9.730
7.726
9.724
8.430
8.625
7.924
8.224
8.222
9.722
9.522
7.722
9.031
7.520
7.520
9.623
7.722
8.625
8.925
7.925
7.725
9.124
9.326
9.026
9.875
8.226
9.829
9.426
8.226
8.023
9.422
8.423
7.820
9.821
8.221
8.820
8.421
8.621
9.545
9.319
8.320
9.120
9.521
10.057
9.230
9.724
9.724
9.628
8.289
8.532
7.632
8.631
9.731
14.480
7.625
9.623
7.731
9.926
9.124
8.523
8.022
8.720
9.625
9.068
8.426
7.727
9.625
9.526
9.030
9.329
8.728
10.027
8.325
8.131
9.923
7.621
7.921
9.723
9.929
8.923
8.222
7.622
10.024
8.023
9.623
7.523
7.622
10.022
7.526
9.228
8.625
8.033
8.026
8.128
9.132
9.028
8.325
8.823
8.421
7.523
8.022
9.723
10.025
8.922
7.934
9.928
9.235
8.429
9.526
9.130
9.829
7.826
10.063
9.928
8.428
8.930
7.625
8.724
8.925
7.623
8.022
7.622
8.423
8.622
8.327
10.024
7.520
9.323
8.723
8.425
9.324
9.326
8.230
9.328
8.325
8.726
9.329
7.636
9.830
8.933
9.232
9.726
9.325
8.625
9.525
7.825
10.032
9.658
9.230
9.030
10.032
9.733
9.431
8.332
8.230
7.626
8.227
8.225
9.427
9.426
9.427
8.926
8.828
7.525
8.127
9.828
8.929
7.528
10.028
8.626
8.926
9.329
8.427
8.326
7.826
7.925
8.824
8.025
7.625
7.923
9.726
7.528
7.631
9.028
8.330
8.335
9.329
9.275
9.329
8.928
8.831
8.626
7.725
7.725
8.827
8.527
7.526
7.725
8.543
7.625
9.024
9.926
9.906
10.026
8.430
7.635
8.029
9.729
8.335
8.336
7.630
7.930
8.429
7.927
9.726
9.430
8.734
9.672
8.624
8.127
7.934
9.929
9.429
8.327
7.536
8.228
9.330
7.731
8.630
7.731
7.830
7.527
7.822
7.624
7.635
8.726
7.726
8.326
8.324
8.524
9.225
8.626
9.125
7.525
9.083
8.729
9.630
7.929
8.032
8.129
8.530
8.429
8.392
7.926
9.326
8.226
8.824
8.726
8.625
9.922
9.023
9.027
7.523
9.325
9.328
7.927
8.128
9.524
8.728
8.929
7.927
7.833
7.726
9.553
8.026
9.224
8.424
7.624
9.623
8.926
8.421
8.322
10.021
9.121
8.924
9.425
9.834
7.624
8.126
8.528
10.035
10.695
7.625
7.627
9.225
9.423
8.024
9.833
8.823
9.526
8.829
9.230
9.827
9.031
8.728
8.029
8.231
9.829
8.127
7.932
8.827
9.024
8.922
8.725
8.223
7.725
8.323
7.924
7.822
8.922
9.231
7.927
8.910
9.330
8.131
7.931
8.733
8.833
7.675
10.031
8.233
8.927
9.226
8.227
7.926
8.079
8.725
8.825
7.726
9.534
9.509
9.033
8.630
8.327
7.830
9.437
8.734
8.629
10.379
9.130
7.629
9.130
9.726
9.127
8.426
7.923
9.523
9.628
9.328
9.828
9.527
7.624
8.731
8.825
8.322
9.324
9.532
9.727
8.230
9.931
9.132
7.729
9.031
7.931
8.531
9.430
9.835
9.825
8.131
9.927
9.026
8.524
9.026
8.626
7.523
7.525
9.128
9.629
9.629
8.530
9.332
9.229
8.625
8.128
8.030
9.731
7.529
7.625
9.326
8.426
7.522
8.424
8.725
9.025
8.827
9.929
8.718
8.723
9.626
9.224
8.524
8.722
7.625
10.024
7.532
7.627
7.648
9.133
9.932
9.764
7.729
9.430
8.931
8.828
7.627
9.629
8.431
7.725
9.728
7.927
8.835
9.727
9.352
10.027
8.930
7.728
9.930
9.932
9.129
9.628
9.027
7.525
8.527
9.126
7.727
8.528
9.534
7.827
7.725
9.328
7.728
7.926
8.827
9.333
9.426
9.027
9.025
8.024
9.427
8.825
8.428
8.131
8.732
9.928
8.136
7.529
7.726
8.128
9.926
9.326
7.825
8.927
9.526
8.825
8.125
9.936
9.828
7.527
7.726
7.627
9.634
8.134
8.028
8.333
9.934
7.631
10.028
9.676
8.130
9.332
7.532
9.230
10.036
8.730
9.227
8.227
8.727
9.427
9.025
8.825
8.829
9.324
7.625
8.225
8.324
8.427
8.176
8.226
8.730
8.525
8.430
8.227
9.133
9.135
9.231
8.929
9.231
9.236
7.833
10.034
8.630
7.828
9.328
8.525
9.326
8.463
9.429
8.130
7.726
8.326
9.429
9.026
7.625
9.729
10.030
8.430
8.130
8.026
9.325
9.331
9.230
7.629
7.628
8.226
9.326
9.887
9.828
8.627
8.831
7.556
8.626
10.025
8.026
7.826
8.424
9.825
9.026
7.824
7.926
9.224
9.403
10.039
8.431
8.929
9.728
8.529
10.033
7.730
9.230
9.328
9.735
8.332
10.957
9.826
9.028
8.826
9.227
8.929
10.026
8.024
8.930
8.726
7.929
9.433
9.229
9.029
9.430
8.129
9.530
10.033
7.528
8.329
9.930
8.628
9.928
9.534
9.839
7.525
9.926
8.724
9.323
9.527
9.729
9.025
9.226
8.824
7.823
8.631
7.629
7.929
9.138
9.034
9.328
9.738
8.530
8.629
8.870
7.828
9.527
8.324
7.728
9.527
9.324
7.631
8.224
9.125
9.828
7.923
9.126
9.731
9.333
8.527
9.128
8.926
7.527
8.531
7.632
8.030
9.630
7.730
8.628
8.628
9.428
7.825
8.426
7.826
9.293
9.726
8.224
8.525
8.640
8.628
8.123
9.925
8.732
8.823
9.024
8.729
9.227
8.256
8.327
8.629
9.530
9.933
10.032
9.530
8.329
7.726
7.623
7.825
8.127
8.729
9.127
10.029
9.226
7.622
7.825
8.224
7.531
8.727
9.532
8.130
9.830
7.530
8.029
8.728
8.930
9.730
9.931
8.228
8.027
8.133
9.426
10.059
8.125
9.526
9.625
9.025
10.024
9.726
9.524
8.944
8.525
8.824
8.023
7.827
9.127
8.332
8.833
9.138
9.731
8.226
9.827
9.432
8.224
7.929
8.024
9.825
7.731
7.823
8.226
8.226
8.624
7.725
8.426
9.326
9.723
7.926
8.430
9.629
7.829
8.028
7.825
9.023
24.032
8.331
9.628
8.623
9.335
8.323
7.619
8.922
9.228
7.528
8.232
7.531
8.126
9.025
9.926
8.525
9.525
8.227
9.948
8.124
8.425
7.827
9.927
8.226
8.471
8.224
8.021
8.921
8.932
8.326
7.926
8.432
9.131
7.633
9.527
8.528
8.428
9.825
9.937
7.522
7.521
8.228
7.523
8.424
9.721
7.521
9.419
9.227
8.423
9.025
9.832
9.331
9.538
9.831
7.531
7.827
8.128
8.228
9.567
9.529
9.024
7.525
7.825
8.227
7.623
10.090
9.224
8.524
10.026
9.026
8.725
10.026
9.731
8.925
8.423
9.630
9.229
7.928
8.730
7.526
9.428
8.638
10.267
8.827
8.328
9.626
9.425
8.923
7.922
9.023
8.321
9.423
9.021
8.922
7.527
9.119
8.822
9.425
7.726
8.724
8.327
9.126
8.826
8.125
8.130
10.030
7.626
10.021
7.823
9.025
7.522
10.023
7.528
9.622
8.922
8.329
9.323
8.564
9.724
9.726
9.927
8.223
9.224
9.027
9.631
9.429
8.229
8.527
8.725
8.629
10.027
9.729
7.841
8.929
7.730
8.527
8.824
8.124
8.424
9.422
9.621
8.620
9.520
9.926
8.330
8.525
8.127
7.530
9.728
8.033
9.941
9.730
8.931
9.025
8.727
8.428
8.325
9.635
9.626
10.071
8.227
9.722
9.321
8.522
8.625
9.824
9.761
7.524
7.824
8.323
9.632
7.528
9.428
9.228
9.928
7.726
7.724
8.233
7.927
7.525
8.724
8.028
9.775
7.549
9.725
8.323
8.622
8.244
8.455
8.320
7.822
8.823
8.038
9.730
10.029
9.329
9.434
9.736
9.325
9.927
9.491
9.125
7.528
10.028
8.222
10.021
7.822
8.626
8.121
8.322
8.623
9.524
9.031
8.325
9.729
8.627
9.323
8.422
9.328
9.928
9.233
9.935
8.824
9.925
9.525
8.830
9.130
9.029
8.427
8.426
9.030
9.023
7.622
9.023
9.343
8.321
8.921
9.323
9.727
9.726
7.726
8.227
9.333
9.232
9.235
8.932
7.930
8.727
9.828
9.828
8.729
9.228
9.828
7.723
9.023
9.224
9.024
8.125
8.326
7.529
9.225
9.825
9.025
9.323
8.929
8.029
7.527
8.031
9.828
9.724
7.627
10.026
8.133
9.530
9.346
10.027
9.070
9.825
8.821
8.523
9.728
7.525
7.621
9.422
7.721
9.121
8.727
9.966
9.723
9.727
9.427
9.030
9.631
8.550
8.229
8.424
9.026
8.533
8.928
8.825
8.125
9.325
8.923
8.921
8.726
8.427
8.931
9.927
8.326
7.623
8.321
7.929
7.827
8.427
10.030
8.236
7.724
8.822
7.525
7.531
8.430
9.630
9.126
7.925
8.023
9.822
8.824
9.830
8.225
7.723
8.719
9.121
9.520
7.722
7.923
8.334
8.626
9.523
8.326
9.427
9.926
9.228
10.027
7.825
7.721
7.523
8.629
7.924
8.823
8.822
8.031
9.925
8.431
9.689
7.726
9.127
9.531
9.326
8.822
7.727
9.734
7.630
9.333
9.335
7.929
9.933
7.731
9.033
9.634
8.570
8.631
9.632
7.829
8.734
9.931
8.130
8.826
8.627
8.534
7.729
10.029
9.229
7.633
8.531
8.933
8.041
7.533
8.435
9.832
9.131
8.641
9.435
9.282
8.025
8.623
9.826
8.026
9.023
9.020
7.574
7.523
7.528
9.833
7.834
8.926
9.726
8.426
7.624
8.228
9.731
8.141
8.130
9.027
8.225
9.125
7.925
8.726
9.489
8.830
8.731
8.629
9.926
8.024
7.924
8.025
9.422
7.732
8.521
8.321
9.221
8.822
8.525
9.427
8.528
8.929
8.777
8.332
10.031
8.628
9.130
9.828
9.231
9.927
8.824
7.521
9.226
9.245
8.924
8.522
7.924
7.523
9.626
7.925
8.327
10.027
8.624
7.627
7.831
9.830
8.631
9.735
8.528
9.925
9.026
9.829
8.731
10.030
8.027
8.828
8.724
9.625
8.622
8.022
9.727
9.924
8.222
8.822
9.222
9.625
9.830
9.827
9.727
9.531
7.634
7.929
9.629
8.929
8.230
10.025
8.629
9.525
9.621
9.723
9.323
8.824
9.628
8.126
8.935
7.528
9.726
41.668
0.021
9.908
0.094
0.073
9.542
8.226
8.925
8.287
7.529
8.426
8.122
9.825
8.222
7.720
7.521
8.622
9.826
8.927
9.533
9.931
10.030
9.227
9.732
9.828
8.626
8.623
49.705
0.026
9.304
0.096
0.019
8.958
7.627
9.425
9.822
8.322
8.822
8.127
9.726
9.527
8.130
8.222
7.721
7.821
9.021
7.919
8.295
7.720
7.819
9.220
10.021
7.920
9.339
9.112
7.527
9.131
7.627
8.823
8.520
9.625
8.726
8.023
8.431
9.024
9.927
8.324
9.823
8.622
9.698
9.622
8.222
9.521
7.926
8.627
9.825
9.421
9.222
7.727
9.730
9.623
9.621
9.625
10.022
8.922
8.820
7.628
8.129
8.926
8.924
9.323
8.521
7.721
9.921
9.620
9.221
9.921
7.921
9.120
8.721
9.523
8.821
9.628
9.024
9.222
8.220
8.925
8.631
9.929
9.228
8.424
9.625
8.724
8.119
9.520
7.718
9.422
9.622
8.526
8.423
8.636
7.822
9.622
8.821
7.821
9.419
8.121
7.619
10.022
9.923
8.823
9.425
8.632
8.627
8.326
8.025
9.325
9.823
9.322
9.323
9.123
7.823
8.923
7.721
8.424
8.522
8.226
7.921
8.322
9.221
9.023
9.422
9.723
8.825
8.422
7.623
8.123
9.221
7.820
8.022
9.123
9.321
9.924
7.820
7.820
8.219
8.323
9.823
8.120
7.523
9.324
9.724
7.823
8.323
7.522
8.926
9.324
8.425
9.522
7.727
7.823
8.525
9.926
10.024
9.823
8.226
7.621
8.022
7.522
8.121
8.523
9.124
7.523
8.321
9.521
8.123
9.224
7.922
8.022
10.021
8.221
9.822
9.823
8.722
8.223
9.921
7.621
7.732
8.223
9.622
7.922
8.724
8.222
7.722
8.724
8.121
8.621
9.020
8.631
9.461
9.827
9.621
7.925
9.821
8.124
7.530
7.827
10.022
8.301
8.423
7.620
8.723
8.322
9.925
9.926
9.130
9.927
7.621
9.324
8.323
12.735
9.923
9.522
8.124
7.624
8.321
9.026
8.924
9.831
7.528
7.723
9.722
9.923
8.233
9.525
8.124
8.235
10.030
8.220
8.924
8.322
8.322
7.523
9.422
8.226
7.622
8.420
8.021
7.721
7.823
8.824
7.622
7.623
8.327
8.523
7.921
9.322
10.025
9.428
9.130
7.621
9.624
8.723
10.024
7.928
8.330
8.224
9.875
8.325
9.022
7.723
9.326
10.022
8.025
9.242
8.129
8.126
9.727
8.925
8.525
10.025
7.823
8.721
7.623
8.830
9.722
8.026
8.124
9.622
9.924
9.722
9.725
9.725
8.523
9.923
7.723
9.623
8.024
9.457
8.024
9.724
9.824
9.823
9.723
7.723
8.622
7.920
8.521
8.220
9.324
9.546
8.230
9.723
8.326
8.329
8.431
8.124
9.023
9.024
7.824
9.123
8.822
72.096
0.032
8.902
0.122
0.026
9.191
9.827
9.123
7.715
7.725
8.125
8.329
10.027
7.726
8.724
8.726
8.128
9.927
9.524
7.634
9.527
7.628
10.029
7.827
8.626
8.529
8.429
7.531
7.525
8.835
9.127
9.026
9.030
8.130
9.222
9.228
9.831
8.930
7.530
8.533
9.125
27.208
9.326
9.324
8.523
8.129
7.930
9.433
7.932
9.933
9.531
9.934
7.629
9.653
7.834
8.926
8.023
9.377
9.035
8.030
7.729
8.227
9.832
9.434
8.930
8.927
8.729
8.825
7.826
8.750
9.822
9.626
9.625
9.226
9.030
8.030
10.032
9.536
9.933
7.827
9.525
9.526
7.834
9.927
9.027
8.229
8.727
9.628
9.728
7.826
7.727
7.531
8.626
10.029
9.423
8.284
9.129
8.030
9.129
9.628
9.431
9.025
9.129
8.932
8.133
8.132
9.732
8.030
7.731
9.733
8.532
9.933
9.231
8.828
9.781
8.326
9.524
8.457
7.831
9.327
8.927
8.331
9.334
10.031
37.740
0.031
8.803
0.125
0.027
9.615
9.332
9.527
8.929
8.227
52.354
0.023
7.907
0.095
0.030
7.553
9.529
10.026
10.030
8.126
9.826
9.125
9.530
9.734
9.969
9.125
8.231
7.930
8.426
9.631
8.927
7.827
9.826
9.628
9.226
11.709
9.828
8.629
9.327
9.236
7.635
7.631
8.128
8.126
9.225
7.628
8.324
9.275
7.526
8.227
9.528
7.533
10.031
9.137
9.730
7.529
8.129
7.829
8.126
9.241
9.929
9.527
9.628
9.856
9.226
8.930
9.827
8.928
10.031
9.227
8.327
7.627
9.365
8.928
8.425
8.625
62.056
0.028
9.409
0.104
0.025
7.649
9.624
9.523
7.720
9.170
8.766
7.722
9.425
9.825
8.324
8.624
9.932
7.720
8.324
9.625
9.524
9.722
9.323
8.523
9.825
8.625
9.328
7.523
8.131
8.425
8.425
9.225
7.622
8.024
9.323
9.823
8.336
8.832
9.331
8.529
7.522
8.724
8.828
9.525
8.524
9.822
8.020
8.522
7.722
9.027
8.023
9.923
8.621
7.524
8.322
8.323
9.321
7.135
8.425
9.225
8.722
9.527
8.624
9.024
10.030
7.825
8.723
8.423
9.429
8.122
9.527
82.035
0.027
9.889
0.108
0.030
8.123
8.128
9.525
9.023
8.522
8.421
9.522
8.322
9.522
9.721
9.427
8.023
8.323
9.721
9.121
7.621
8.321
8.722
8.922
10.022
8.927
9.320
8.620
9.820
8.821
9.320
9.221
8.124
8.919
7.523
9.725
9.323
8.427
9.126
8.224
9.425
7.729
7.826
7.925
9.927
7.533
9.826
7.824
8.524
9.424
9.623
8.824
7.822
8.323
7.727
7.924
9.927
9.730
9.029
9.627
8.425
8.427
8.826
9.224
9.724
9.025
8.823
8.923
7.524
8.125
9.825
9.728
8.327
7.625
7.523
8.124
7.821
9.826
8.723
8.825
9.324
8.223
7.522
9.825
9.225
7.925
7.624
9.023
7.524
9.329
8.823
8.425
7.724
7.521
7.823
9.925
9.225
9.326
8.836
9.527
9.927
8.525
9.123
8.327
8.824
9.132
9.229
9.127
9.024
7.826
7.823
8.424
8.732
8.129
8.325
8.124
8.525
8.630
9.827
8.824
7.825
8.524
9.926
8.240
8.729
7.627
8.127
8.124
9.526
9.624
7.526
9.528
8.226
9.124
7.825
9.826
8.324
9.525
8.826
9.826
10.023
9.426
8.326
8.829
7.623
9.132
9.625
8.825
7.629
9.426
7.523
8.124
8.026
26.001
0.029
8.907
930.076
0.138
0.032
10.071
9.760
33.013
0.032
7.501
0.433
0.020
9.384
9.751
9.828
7.523
9.123
8.821
9.824
9.223
8.123
8.351
8.155
8.224
9.822
7.722
9.520
7.520
9.824
9.826
8.325
94.106
0.029
9.708
0.155
0.078
9.990
9.528
9.726
9.624
8.829
9.726
8.725
8.929
8.731
8.325
8.824
8.772
10.260
7.531
8.626
9.028
8.325
9.522
9.624
9.028
9.424
10.029
8.727
15.181
9.732
8.426
7.724
7.623
8.224
7.525
9.824
8.024
9.624
9.526
7.525
8.330
9.141
9.711
9.929
8.023
9.525
8.725
9.428
9.526
8.729
8.226
8.630
9.626
7.625
8.425
8.726
9.624
8.328
7.524
9.122
8.263
8.624
9.328
8.338
9.524
9.624
8.028
7.523
9.328
10.029
45.948
0.037
7.711
0.097
0.022
7.675
9.828
8.626
9.025
9.126
8.327
7.827
9.829
9.431
7.531
10.027
7.729
9.033
9.730
8.630
9.028
8.729
9.328
7.825
8.226
7.524
9.823
7.726
8.224
10.030
9.727
73.088
0.028
7.705
0.118
0.024
9.471
10.025
9.728
7.926
9.126
8.732
8.721
9.524
8.723
8.235
9.525
8.826
8.522
8.423
8.425
9.824
7.625
9.624
9.023
8.124
7.726
9.229
8.023
8.122
10.025
8.031
7.722
31.276
0.019
8.204
0.111
0.024
7.591
7.783
8.025
8.124
9.423
9.423
9.622
9.023
8.623
7.821
8.621
9.522
8.822
9.823
7.823
8.622
7.523
7.622
7.732
8.124
8.027
9.525
8.829
8.727
9.626
9.327
9.124
8.023
7.625
9.264
8.934
7.915
9.727
9.427
8.724
9.025
8.924
8.225
8.126
9.726
13.115
9.226
9.127
9.825
8.924
9.725
8.528
8.929
10.031
8.823
9.727
7.926
8.423
8.528
9.325
8.128
7.925
8.424
8.627
8.126
7.724
10.025
8.625
115.342
0.027
9.508
0.114
0.024
8.374
8.123
9.627
7.931
9.131
8.831
9.829
9.136
7.833
9.627
7.527
9.329
9.528
8.824
9.130
7.528
9.725
7.527
9.425
7.923
8.026
7.725
9.024
8.824
7.923
9.123
9.927
7.823
8.527
9.926
9.536
9.625
7.925
9.126
10.029
9.829
8.478
9.933
8.830
8.530
9.422
9.025
7.728
9.026
8.025
9.425
9.131
7.629
9.628
8.424
8.130
7.531
8.830
9.829
9.051
9.229
8.933
8.988
9.731
7.528
8.928
9.430
9.631
9.530
8.428
9.825
9.225
9.160
9.628
8.127
7.523
9.034
9.727
8.028
7.930
7.651
7.526
9.732
7.928
9.629
8.028
8.726
9.931
9.329
8.728
8.827
8.729
7.533
7.826
8.528
7.529
10.124
7.825
9.926
8.930
8.987
9.634
8.229
8.133
9.130
9.130
8.228
8.228
8.926
8.931
8.947
9.231
8.927
8.528
9.626
8.625
9.327
8.527
8.431
8.524
9.926
10.035
9.927
9.927
7.924
8.628
7.525
9.926
9.125
7.528
8.924
8.230
9.628
9.627
8.825
8.731
8.632
9.727
9.626
10.027
8.525
9.096
9.128
9.924
9.726
8.929
8.727
8.928
7.528
9.630
7.530
9.930
9.742
7.628
9.931
7.628
8.725
7.529
10.028
7.947
7.630
8.826
8.646
9.729
8.530
7.627
8.524
9.927
9.826
8.126
10.027
8.331
9.230
9.327
8.326
8.827
8.326
9.529
7.632
8.329
9.326
7.924
8.332
8.926
8.024
8.126
9.026
9.463
8.326
9.130
9.990
8.430
8.027
8.629
8.332
9.865
8.174
9.534
9.130
8.630
7.531
9.028
9.427
9.327
8.429
7.929
8.228
9.229
9.930
8.629
10.027
9.128
9.028
8.455
8.228
9.731
9.029
9.928
9.028
7.530
9.030
8.931
8.632
9.732
10.029
9.427
8.925
8.828
8.928
8.125
10.026
9.129
9.928
9.526
8.529
8.226
9.925
9.327
10.026
10.028
8.027
7.526
9.226
9.532
8.531
9.931
9.132
7.631
9.830
8.229
7.828
8.929
9.626
9.027
8.726
9.827
8.529
7.827
8.726
7.527
8.435
8.628
9.231
8.230
8.327
7.830
9.227
8.140
9.632
9.337
8.028
7.527
9.329
9.830
9.730
7.930
9.832
8.930
8.330
9.534
9.625
8.629
8.527
9.427
7.724
9.824
9.328
8.832
7.532
7.931
8.830
8.630
9.328
8.131
9.629
7.527
8.523
8.732
8.324
8.227
7.925
9.126
8.528
9.925
9.024
8.330
8.027
8.729
9.831
9.028
8.425
9.531
7.530
9.434
8.837
8.038
9.371
8.232
9.327
9.527
8.934
8.225
8.128
8.331
8.925
24.549
0.032
8.304
750.168
0.203
0.083
8.443
9.426
8.325
9.424
9.427
10.024
7.725
9.925
8.722
7.622
9.022
9.622
9.622
9.122
9.126
8.622
9.821
8.420
9.322
9.022
7.822
8.125
9.727
8.628
8.925
8.725
8.724
9.929
8.929
7.624
9.427
9.926
9.724
7.821
9.421
9.124
7.823
9.622
9.125
9.026
9.723
8.123
8.725
9.524
9.927
7.728
8.044
9.628
8.629
10.025
8.733
9.231
8.339
8.577
7.726
9.726
10.031
9.228
9.825
8.825
9.528
9.327
8.826
9.225
9.628
8.223
8.425
7.527
7.725
7.626
9.225
7.626
8.223
7.823
9.829
8.235
8.333
7.746
7.932
9.626
7.621
9.559
8.729
8.430
7.834
9.231
8.330
7.732
8.527
8.222
9.023
7.922
7.627
7.821
46.624
0.032
9.915
0.121
0.021
10.104
8.923
8.326
9.326
9.227
9.233
9.728
8.931
7.631
8.150
9.360
8.029
16.905
9.532
9.930
9.527
8.025
7.625
8.428
9.031
7.830
9.427
9.728
9.526
10.029
9.830
9.830
9.830
9.734
8.433
8.031
9.832
8.119
8.227
9.046
9.436
8.231
8.832
8.531
8.331
9.429
7.726
8.829
9.828
9.929
8.830
8.826
8.129
8.929
9.729
9.630
9.263
9.227
9.530
8.729
9.331
9.431
8.631
9.029
42.101
0.022
9.808
0.088
0.025
10.094
8.527
8.127
9.327
9.427
9.427
7.927
7.627
9.027
8.425
9.226
8.725
8.452
7.887
10.025
9.025
9.426
9.831
8.826
8.728
9.127
8.227
7.524
8.326
7.727
8.733
7.526
9.529
8.629
9.828
8.326
8.527
8.428
8.934
7.930
7.831
8.528
8.428
8.133
10.026
9.525
10.025
8.627
7.825
7.926
8.734
9.631
10.031
8.627
8.351
8.834
7.632
9.226
8.927
8.626
9.427
7.733
8.628
9.025
8.831
8.528
9.931
10.034
9.527
8.928
7.834
10.032
7.526
8.926
8.025
10.031
8.528
8.028
8.738
8.931
8.629
9.926
8.425
8.729
8.626
9.426
10.027
8.727
8.528
9.029
7.531
8.029
9.227
8.829
9.630
8.131
9.927
9.628
8.027
9.327
8.625
8.627
9.430
8.729
7.627
9.929
8.632
8.726
8.028
7.530
7.711
9.128
9.929
8.630
7.930
8.528
8.130
8.134
9.929
9.128
9.631
7.529
9.827
9.032
8.931
9.545
9.825
8.726
9.023
8.026
8.129
13.925
9.326
10.031
9.039
9.428
10.027
7.729
8.228
8.041
7.731
8.428
9.829
7.630
9.528
7.928
8.831
7.527
8.530
8.827
9.326
8.225
8.925
9.327
9.926
7.933
8.727
9.730
9.329
7.926
7.629
7.556
8.230
9.648
7.626
9.727
8.927
7.531
9.927
9.730
8.228
7.628
8.027
8.231
7.932
7.727
8.627
9.435
8.012
9.836
8.127
9.833
7.925
9.727
9.225
7.828
7.729
7.830
7.627
9.529
8.227
7.929
9.731
8.931
10.029
9.832
8.530
8.826
7.530
8.628
8.630
8.429
8.729
9.437
9.130
9.127
9.626
7.825
41.710
0.031
10.008
0.106
0.023
10.013
8.035
9.129
9.022
8.523
9.522
9.623
8.628
9.222
7.721
9.021
8.822
9.421
8.922
8.622
8.021
7.838
8.827
9.130
9.022
9.722
7.922
8.324
9.026
9.724
8.020
9.321
8.222
7.922
9.423
7.631
7.823
7.523
9.421
9.667
8.521
8.825
9.023
9.626
7.921
9.521
8.724
9.325
9.024
7.520
8.023
9.521
7.821
9.521
8.821
10.260
9.125
9.224
7.920
8.221
8.921
8.420
7.524
9.621
8.925
9.621
9.922
9.421
9.828
9.223
9.023
8.422
8.023
64.680
0.032
7.906
0.109
0.025
9.370
7.825
9.123
9.522
8.528
8.730
10.028
7.928
10.027
9.526
9.827
9.467
9.928
7.926
8.223
8.524
8.128
7.925
9.925
7.827
7.825
9.425
7.524
9.525
8.324
8.426
7.624
9.023
9.025
8.834
9.125
8.224
9.124
8.324
7.626
7.823
9.625
7.624
8.223
10.289
9.828
7.925
8.824
9.823
8.622
9.727
8.258
9.229
7.826
8.227
9.626
8.322
7.523
9.822
7.776
8.639
8.425
8.122
7.525
9.925
9.424
9.424
8.324
12.911
7.633
8.624
8.923
9.733
8.925
9.727
9.424
8.624
7.723
8.326
8.423
8.833
8.025
9.345
8.030
8.523
7.524
7.722
10.129
6.904
7.806
9.725
8.825
8.523
7.725
9.125
8.424
9.624
8.629
9.423
8.226
8.925
7.923
9.623
8.826
9.423
9.433
8.125
7.923
9.723
8.926
9.025
8.425
9.638
8.327
9.123
8.028
8.530
9.524
9.825
8.725
9.728
9.525
7.725
8.122
9.725
9.325
9.223
9.528
7.826
8.526
7.827
9.427
9.225
9.928
8.129
8.527
9.327
8.727
9.127
8.928
7.828
8.328
10.027
9.925
9.327
9.323
8.126
7.722
8.762
8.031
9.142
8.523
10.024
9.324
9.226
9.956
8.682
8.532
9.525
9.225
9.826
9.826
8.627
9.467
9.627
9.228
7.524
9.025
7.926
9.340
8.025
8.615
7.696
8.024
8.423
9.522
9.832
9.027
9.924
8.622
9.625
9.023
9.726
9.724
8.428
9.025
9.525
9.724
10.024
8.927
8.825
9.923
8.625
9.925
8.925
8.423
9.323
8.922
7.525
9.724
8.432
8.126
8.225
8.623
8.838
9.131
8.124
8.526
8.126
7.932
9.624
7.831
19.193
9.423
10.025
8.025
8.322
9.731
7.626
8.325
8.725
9.126
8.353
9.931
9.222
9.824
8.424
8.423
8.628
8.423
8.224
9.525
9.022
8.922
8.124
7.942
8.123
8.923
8.926
8.724
9.324
8.723
9.230
9.125
8.022
9.223
9.627
9.126
8.823
9.924
9.926
7.623
9.124
8.165
7.623
8.224
8.027
9.416
8.419
9.225
9.732
7.628
8.827
8.824
9.024
9.632
9.325
9.723
8.427
8.323
8.523
7.924
9.525
72.640
0.022
9.702
0.097
0.023
9.493
9.324
8.525
9.224
9.324
8.622
8.426
7.523
8.822
9.426
8.125
10.022
8.632
10.023
9.631
8.825
8.925
8.622
7.925
8.721
7.821
7.719
9.824
8.625
9.025
7.823
8.324
9.423
10.025
8.723
9.121
9.323
8.123
7.521
8.628
9.930
8.823
9.622
7.525
7.724
8.923
8.325
38.073
0.019
7.603
0.083
0.023
9.182
9.925
8.723
9.625
8.523
9.025
10.026
8.231
7.623
8.926
8.625
8.625
8.495
8.440
9.822
10.030
8.026
7.824
7.623
9.126
7.824
9.024
8.826
8.025
9.422
7.825
8.925
9.825
8.223
10.023
7.620
9.826
9.825
8.825
9.523
8.424
7.829
9.522
9.425
8.123
8.528
8.123
9.225
9.523
9.325
8.923
9.426
9.825
9.429
9.628
9.128
9.730
8.726
8.027
7.825
8.226
8.425
9.223
8.224
9.127
9.425
8.900
9.026
9.124
9.625
8.527
7.725
7.526
7.924
9.627
8.125
9.128
7.824
10.030
8.532
9.630
8.825
7.923
9.626
8.323
7.626
8.828
8.126
8.827
9.329
8.527
9.529
7.827
8.311
7.629
9.626
9.738
8.628
8.626
9.033
8.227
9.628
9.227
8.227
7.630
8.928
9.134
9.230
9.228
9.029
7.727
8.928
8.027
8.326
8.626
8.826
8.427
9.929
9.531
9.928
9.227
7.930
9.336
9.733
8.229
9.726
9.327
7.925
8.226
7.833
9.426
9.135
9.926
8.728
9.926
7.628
7.728
9.127
9.527
9.428
8.026
9.928
8.426
8.528
8.128
9.629
9.927
9.225
9.427
9.327
9.026
8.727
9.927
8.525
8.426
8.228
8.327
7.826
8.624
9.227
8.130
8.124
8.324
8.128
9.525
8.324
8.425
9.727
9.927
7.824
9.226
7.826
7.728
7.626
8.924
8.525
9.926
8.926
7.725
9.423
8.324
9.424
8.325
9.061
8.024
9.427
9.023
8.827
9.732
8.254
7.585
7.726
8.425
8.825
8.530
8.126
9.830
9.427
7.726
9.625
9.728
9.727
7.528
7.528
9.827
9.128
8.627
9.826
7.927
9.033
9.125
8.728
8.326
7.525
9.527
8.929
9.430
8.530
7.825
9.025
9.032
8.326
9.427
7.524
10.020
7.616
8.145
9.526
9.926
8.625
9.223
9.627
8.233
9.328
9.627
8.131
8.325
8.321
7.821
8.824
10.703
8.734
7.627
8.350
9.728
9.926
9.925
9.027
8.524
7.624
8.222
10.030
8.723
7.536
10.035
8.424
8.124
8.153
8.125
7.927
9.229
9.825
7.622
7.525
9.027
11.366
8.125
7.523
8.223
8.424
9.024
8.032
8.127
9.123
8.823
7.724
9.124
8.824
9.524
7.522
8.928
7.822
7.623
7.525
7.822
7.622
8.722
8.624
8.426
9.326
9.326
7.727
9.227
9.424
7.722
8.225
9.325
8.525
8.423
7.525
9.429
9.923
8.024
7.625
8.924
9.524
7.924
8.229
8.222
7.526
8.222
9.828
7.825
8.625
7.525
8.323
8.925
8.724
9.524
10.026
8.141
8.738
8.546
9.826
8.226
8.024
8.124
7.523
9.028
9.026
7.527
8.525
8.824
8.023
8.625
7.723
7.623
9.223
8.428
8.523
9.427
9.327
8.225
9.723
7.825
8.224
8.225
9.424
9.624
7.825
9.324
7.623
9.025
9.424
10.024
9.724
7.524
8.024
9.724
9.222
9.624
9.926
7.823
8.324
7.823
9.225
8.722
8.221
8.523
9.823
9.122
7.926
9.324
9.926
7.724
9.824
8.226
8.424
9.224
7.824
8.928
8.423
7.925
7.830
8.023
8.026
7.723
8.229
8.627
7.528
10.027
8.325
7.635
7.930
9.326
7.926
9.629
8.225
8.825
8.321
8.126
7.826
8.931
7.527
7.625
9.125
9.927
8.625
7.725
9.237
8.923
9.124
7.531
9.330
9.727
8.225
7.526
7.524
9.023
8.821
7.726
9.123
9.625
7.825
9.526
9.023
8.520
9.326
9.926
9.830
7.528
8.224
7.524
8.923
8.222
7.927
8.124
8.030
9.027
8.526
9.926
8.023
7.825
10.024
10.030
10.028
8.125
10.027
7.626
9.624
8.723
7.830
8.625
8.424
8.428
8.325
7.624
9.431
7.531
10.029
9.329
7.730
8.325
9.523
9.767
9.150
7.528
9.926
9.825
9.225
8.625
9.727
9.725
8.923
9.626
9.726
9.028
7.822
9.823
9.125
7.623
8.523
9.624
8.924
9.628
8.126
9.726
9.929
7.645
9.925
9.924
9.434
7.525
8.322
8.945
9.326
9.927
9.128
9.427
9.726
8.324
7.926
9.523
8.126
9.337
9.229
7.744
8.228
9.539
7.731
10.026
9.829
8.929
9.760
8.731
8.425
8.278
8.528
8.324
7.928
8.427
8.324
7.524
8.427
9.125
9.125
7.925
9.226
8.123
9.828
9.027
9.132
7.629
8.424
9.827
9.427
7.521
7.624
7.730
9.526
7.824
7.824
9.525
9.223
10.037
8.124
7.825
7.926
9.126
8.822
8.429
7.625
9.825
8.626
8.626
9.030
7.883
9.023
8.328
8.224
8.778
9.825
7.526
9.024
8.125
9.826
8.528
8.135
9.924
8.730
7.823
7.923
9.223
9.840
9.633
9.129
8.026
7.523
9.627
9.826
9.028
8.128
10.032
8.727
9.227
8.524
7.930
9.325
7.625
8.728
7.626
9.022
8.521
7.624
8.125
9.328
7.525
9.126
10.031
10.030
7.930
7.929
7.830
9.630
7.631
7.533
8.829
8.130
7.826
8.524
8.024
9.525
9.125
7.923
8.224
8.426
9.127
8.831
7.824
9.223
10.031
8.230
8.330
8.667
8.534
8.929
7.930
8.629
8.125
8.035
8.730
8.528
8.431
9.238
8.229
8.758
9.434
9.627
9.530
9.726
8.024
10.024
9.224
9.926
7.925
7.522
8.225
9.523
9.026
8.624
8.923
9.124
9.325
9.927
7.729
7.929
9.031
8.329
9.121
9.628
9.029
7.636
8.324
9.925
9.524
9.026
8.526
8.926
8.527
8.126
8.725
9.329
8.035
8.025
9.128
8.427
8.232
9.832
8.130
9.729
8.528
9.525
8.833
8.330
9.535
9.228
8.424
8.424
7.625
9.927
8.028
9.127
7.726
8.827
27.223
0.023
9.707
770.195
0.150
0.026
9.121
8.326
10.023
8.224
8.823
7.921
9.824
10.026
8.725
9.726
8.223
8.522
8.224
7.821
10.022
8.819
9.821
9.122
9.724
8.220
9.423
9.824
8.923
8.426
7.622
7.633
7.623
10.024
8.028
7.831
8.725
9.725
8.623
8.825
7.823
7.623
9.423
7.724
7.522
8.224
7.624
8.223
9.326
8.526
8.525
9.727
9.824
8.424
8.527
9.525
9.123
8.025
9.426
7.926
9.225
9.524
8.223
9.324
9.625
8.824
9.725
8.229
8.425
8.224
9.722
9.024
8.526
9.124
9.426
8.531
9.829
9.674
9.426
9.224
7.926
8.026
8.623
7.802
9.038
9.627
9.927
8.223
7.524
38.696
0.026
0.119
0.113
8.839
81.892
0.030
8.702
0.238
0.024
8.565
9.322
9.521
9.222
8.921
8.621
7.726
7.925
7.930
8.925
7.924
10.022
8.522
9.627
7.824
9.222
8.128
8.222
8.124
7.825
8.023
8.924
8.124
9.922
7.723
10.023
8.823
9.828
8.627
9.928
8.363
9.431
9.130
7.928
8.635
8.128
9.226
9.025
8.830
9.624
8.072
9.225
9.724
9.023
8.962
7.732
8.224
9.628
8.426
32.605
0.031
7.507
0.096
0.052
8.139
9.231
8.227
8.131
8.022
8.222
9.225
7.823
9.229
8.622
9.622
9.823
9.924
7.627
8.921
9.024
8.922
8.422
9.522
8.221
8.321
8.730
9.764
8.523
9.430
9.424
9.425
8.524
9.426
8.726
9.127
7.533
7.929
10.029
8.130
8.429
8.326
9.826
8.924
10.023
8.523
8.674
9.722
8.522
8.922
8.524
7.621
8.027
9.723
9.742
8.723
8.123
8.322
8.325
9.128
7.831
7.628
8.622
9.020
9.622
9.925
8.022
51.535
0.026
7.704
0.081
0.019
8.913
9.021
7.721
8.483
9.024
9.022
9.124
8.824
7.620
7.922
7.520
7.820
8.427
9.922
10.023
9.721
7.928
8.468
8.121
9.576
8.927
8.519
8.022
7.827
8.221
8.020
8.621
7.920
8.221
9.321
8.421
9.720
8.423
8.823
7.628
7.526
7.723
9.226
8.923
7.921
9.721
8.920
8.220
8.020
8.920
8.321
7.857
9.320
9.422
8.726
8.924
8.222
9.923
9.622
8.721
8.020
7.621
10.020
8.620
8.520
9.420
9.521
8.223
7.823
8.222
8.324
7.823
8.522
7.521
9.418
9.121
9.958
8.437
10.022
8.056
9.829
8.221
8.619
9.220
7.526
9.825
8.024
8.422
9.820
7.620
9.825
7.724
7.721
9.822
8.821
8.721
9.321
8.425
9.620
9.622
9.122
8.121
7.622
7.720
8.119
9.521
9.340
8.126
8.119
9.220
8.621
7.820
7.537
9.928
9.624
7.522
9.622
7.520
8.620
9.520
7.820
8.420
9.722
8.022
8.320
8.622
9.521
7.726
9.521
9.026
7.523
8.821
9.621
7.621
9.021
7.820
9.900
8.523
8.622
8.608
7.822
9.821
8.421
7.927
9.622
7.922
8.122
9.426
8.122
9.522
8.823
8.522
8.024
8.721
9.220
8.824
9.822
8.824
9.033
9.526
8.024
9.026
8.225
7.723
9.326
9.921
8.123
9.325
8.324
9.422
9.625
8.930
9.128
7.928
9.529
8.926
8.523
7.576
8.423
9.423
9.724
9.927
8.030
7.625
8.721
9.727
8.928
8.724
8.548
8.125
8.123
9.222
9.825
9.025
9.424
9.326
8.824
10.020
8.523
9.927
9.621
8.220
8.721
8.821
8.939
8.125
7.623
7.527
8.329
8.730
9.429
8.031
8.830
9.930
8.130
10.028
9.828
9.624
8.622
8.421
7.823
9.423
7.522
7.722
8.329
9.431
9.524
9.724
9.625
8.125
9.726
9.127
9.541
8.327
7.827
7.925
8.925
8.228
7.933
9.728
9.628
9.928
7.622
8.325
9.723
8.325
8.522
9.627
8.024
9.825
7.923
8.524
9.223
7.926
8.923
7.630
9.923
65.497
0.025
10.006
0.082
0.051
9.664
8.426
8.029
7.820
8.920
8.620
9.418
9.621
9.123
9.124
9.224
8.924
9.426
7.623
8.723
7.823
8.624
8.321
8.519
8.418
8.919
9.722
7.727
9.428
8.632
7.831
9.229
9.526
7.829
8.722
8.620
7.521
9.827
9.423
7.920
8.621
7.928
9.826
8.439
9.733
9.033
7.523
8.535
8.621
7.627
10.021
8.924
9.024
8.421
7.619
9.920
9.820
9.820
7.720
9.119
8.320
8.019
8.423
7.921
8.520
9.868
9.329
8.626
9.528
8.623
9.259
8.320
9.222
8.923
9.222
8.921
8.121
9.220
7.519
9.422
9.523
7.623
8.421
8.423
8.522
8.520
8.429
8.526
8.328
8.625
7.720
9.324
9.424
8.922
9.822
7.823
8.621
9.024
9.120
8.122
7.719
8.219
9.127
9.622
9.920
8.219
8.621
7.921
7.528
8.921
10.023
9.531
9.025
8.323
8.128
7.726
9.601
9.225
8.723
7.820
8.018
9.120
9.822
9.935
7.934
9.523
7.821
9.320
8.630
9.530
9.979
9.023
7.621
8.927
8.927
10.026
9.822
9.924
8.023
9.823
8.922
7.920
9.421
7.920
8.819
10.020
8.118
8.320
9.219
9.519
8.820
9.922
8.728
8.526
9.727
9.426
8.290
10.026
8.622
9.521
9.421
8.625
8.723
9.823
7.664
10.019
9.718
9.924
10.024
7.926
9.625
8.923
8.321
8.929
9.527
10.387
9.126
7.720
8.219
8.421
9.919
9.521
8.222
8.525
8.225
7.824
7.820
9.122
7.721
8.920
8.688
9.920
10.023
9.923
9.625
7.524
10.024
9.429
7.533
7.625
9.826
9.624
9.259
8.323
8.521
8.623
8.222
7.723
8.882
9.036
8.624
8.823
8.621
9.324
9.822
9.525
9.627
7.823
8.574
10.033
9.543
9.827
10.031
9.431
9.628
9.560
9.634
9.623
9.122
9.727
9.793
8.824
9.422
8.824
9.821
65.839
0.032
7.512
0.103
0.022
9.083
9.726
9.327
7.729
8.226
8.528
10.031
7.930
8.231
7.929
8.930
8.428
9.726
9.693
7.442
9.230
8.428
8.025
8.927
8.127
9.829
8.529
7.927
8.530
7.925
9.432
8.324
8.435
9.430
8.829
9.432
8.329
8.425
8.628
8.527
9.334
9.932
8.631
9.930
8.229
9.127
9.040
9.130
8.932
7.727
7.626
8.229
8.841
8.327
9.630
9.428
8.027
8.330
9.841
9.232
8.929
9.133
10.035
10.031
8.632
9.480
9.336
9.436
10.034
7.941
8.031
9.531
7.930
10.003
9.333
8.631
8.438
8.230
7.930
10.029
8.727
8.225
8.137
10.028
9.027
7.826
9.631
9.726
8.624
9.330
8.830
10.025
32.335
0.031
3.028
0.086
9.728
8.023
9.230
9.330
8.222
9.823
10.026
7.824
7.621
9.323
9.636
9.022
7.823
8.019
9.427
7.924
9.222
7.521
8.523
9.321
9.224
9.122
8.823
9.030
7.623
8.322
7.922
7.825
9.425
9.423
7.922
9.223
7.624
9.824
8.623
8.321
9.823
8.624
8.625
7.522
8.020
8.324
9.024
8.423
9.025
8.524
8.827
8.324
8.724
7.524
7.626
8.022
9.122
8.923
9.524
9.423
9.724
10.024
9.923
9.226
9.526
7.929
8.624
9.629
7.723
9.721
8.024
10.024
8.424
9.324
10.022
9.025
7.822
9.228
7.522
9.522
7.824
9.026
7.824
9.125
9.028
8.129
9.625
8.224
9.526
9.328
7.831
9.422
9.224
7.821
8.727
8.831
8.323
9.824
8.621
8.524
9.725
9.325
8.625
8.224
8.624
8.724
9.924
9.124
8.024
9.931
8.523
8.425
8.924
9.035
10.025
8.022
9.624
9.726
9.024
9.326
8.926
9.325
8.824
8.225
9.627
10.024
9.623
8.049
10.025
8.326
9.225
9.827
7.527
7.722
7.925
8.870
9.225
8.024
7.825
9.728
7.824
9.133
8.026
9.426
8.226
8.125
7.624
7.823
7.824
9.125
9.623
9.425
8.524
8.324
7.824
8.024
8.439
7.525
8.825
8.326
8.323
7.924
8.225
8.331
8.227
8.927
9.743
7.525
9.431
7.648
9.724
9.723
9.423
7.923
9.326
7.627
8.724
9.424
8.122
9.227
8.425
7.624
8.625
9.429
8.627
9.123
7.523
9.728
9.124
8.820
8.223
9.929
9.327
8.922
8.323
7.623
7.722
7.924
7.848
9.626
8.326
10.023
9.526
7.827
8.024
8.726
7.924
9.924
8.236
8.723
8.623
9.324
8.824
9.923
8.624
7.525
8.924
8.823
9.824
7.929
7.822
7.925
7.930
9.834
9.523
8.822
7.551
9.823
9.437
8.031
9.523
7.622
7.921
8.929
8.224
8.524
7.722
8.828
7.923
8.422
7.538
9.226
7.623
9.022
9.124
8.930
9.122
7.950
7.931
9.027
8.623
8.427
9.424
9.022
8.122
8.828
7.726
8.124
8.727
9.728
8.426
8.225
10.026
53.555
0.033
9.809
0.131
0.027
7.615
9.725
8.024
8.622
9.725
9.830
9.027
8.625
8.825
8.023
15.893
9.437
8.631
9.330
7.931
9.536
8.835
9.531
7.734
7.627
9.929
8.332
9.030
9.523
9.425
10.131
9.531
8.424
10.041
7.726
8.526
9.928
9.930
9.329
8.630
9.730
9.029
7.726
8.443
7.928
8.324
8.630
10.031
9.429
7.926
7.925
9.128
9.434
27.283
0.026
9.306
970.055
0.197
0.031
8.780
9.566
9.721
8.523
32.798
0.027
1.757
0.108
9.435
9.527
8.125
9.529
8.728
9.528
9.127
7.825
9.726
9.929
8.590
7.927
8.725
8.327
7.534
9.328
8.928
9.324
8.624
8.925
8.527
8.325
9.024
8.824
9.524
8.323
8.724
8.124
10.027
27.317
0.028
9.006
950.049
0.159
0.028
9.076
7.830
9.228
8.033
8.326
9.124
8.028
9.424
9.524
9.226
7.925
9.728
8.624
9.323
8.924
9.824
8.424
7.625
8.228
9.928
8.928
7.828
8.329
7.729
8.428
8.226
9.925
7.581
7.827
9.027
7.525
9.624
9.626
9.455
9.824
7.825
8.424
7.930
10.027
8.127
9.925
7.830
7.925
8.424
9.827
9.427
8.328
8.123
9.723
9.025
8.122
9.082
9.324
8.927
9.031
7.727
9.830
9.028
7.928
7.632
7.927
7.931
9.474
7.626
9.926
9.327
8.224
8.427
9.929
8.126
9.025
9.726
8.426
9.556
8.132
8.328
9.028
8.929
9.026
8.621
8.856
9.625
9.824
9.927
8.724
8.723
7.722
8.423
7.628
8.224
8.721
8.321
8.821
8.220
8.422
8.823
7.871
9.132
9.828
7.531
9.925
8.923
9.722
8.424
8.324
7.921
9.323
9.826
9.625
8.425
8.524
7.624
7.922
8.328
7.629
9.401
64.755
0.032
7.908
0.111
0.021
8.903
9.130
8.525
7.722
7.526
9.424
9.326
7.627
8.726
9.026
7.626
8.730
7.833
7.533
9.737
8.929
8.125
8.926
8.823
7.627
9.826
9.925
7.928
7.828
8.326
8.134
9.929
7.928
8.727
7.728
7.928
7.626
9.528
8.926
7.826
9.526
8.527
9.626
9.924
9.927
8.726
8.608
8.530
9.325
7.825
8.326
8.126
8.525
9.924
9.627
8.826
9.828
9.430
9.326
7.828
7.626
8.357
7.629
8.323
8.722
8.024
8.728
8.828
10.028
7.826
9.324
9.724
9.027
8.928
9.726
9.035
7.730
9.825
7.629
9.586
7.825
8.523
7.725
8.826
8.338
9.925
7.769
8.323
9.423
9.527
8.636
9.627
9.526
8.931
7.827
8.175
9.429
9.228
9.630
9.525
9.725
8.925
9.542
8.628
7.959
8.932
7.527
8.125
8.977
7.728
7.828
9.228
8.927
8.026
8.137
9.928
8.027
8.333
8.124
10.029
7.832
9.701
9.729
9.828
8.227
10.024
8.128
7.527
9.325
8.212
9.827
9.029
9.431
9.028
7.524
9.827
7.924
7.825
8.124
9.529
8.231
8.625
8.826
9.827
9.128
9.429
9.627
9.925
7.625
7.926
9.825
8.126
9.827
9.424
7.922
8.226
9.525
8.725
8.425
8.926
9.229
8.125
7.826
8.630
9.725
8.125
8.325
7.728
8.625
9.124
9.927
9.326
7.624
8.626
9.026
9.527
8.126
8.723
9.325
8.228
9.128
9.227
9.369
9.127
8.724
9.529
9.871
8.332
8.328
8.344
9.729
10.025
9.025
7.522
8.522
8.827
8.326
9.627
9.225
9.427
8.825
9.026
8.627
9.025
7.763
7.724
8.623
8.329
9.124
7.824
9.022
8.426
9.724
8.024
10.026
8.322
7.653
9.924
9.323
8.626
8.123
8.922
8.622
9.832
8.926
9.825
8.733
59.785
0.030
9.305
0.095
0.050
8.147
9.529
7.731
9.847
9.737
8.126
8.330
7.924
9.823
8.823
9.734
8.324
8.450
7.825
8.223
9.424
8.022
8.220
8.628
9.137
9.031
7.638
7.828
9.026
9.323
7.677
7.622
8.921
9.624
8.020
8.121
7.621
10.023
8.523
7.522
9.723
9.429
8.330
7.727
9.324
9.823
9.921
7.520
8.320
7.720
8.422
7.822
8.422
9.320
9.133
10.025
8.228
9.324
8.024
9.925
8.524
8.123
7.582
7.529
7.627
8.229
8.345
8.024
8.124
9.627
8.026
7.923
8.923
9.127
8.223
8.323
8.823
8.222
8.521
9.722
8.422
9.622
10.023
9.323
8.827
9.125
9.529
9.729
8.529
7.627
9.632
9.530
8.228
9.827
9.525
8.522
7.922
7.822
9.022
8.724
9.923
9.822
9.222
8.922
8.824
7.523
9.723
7.723
8.226
8.327
7.585
9.429
7.826
7.522
8.867
9.327
9.327
8.224
8.928
7.721
8.323
8.623
9.727
9.222
8.325
9.327
7.722
8.721
9.623
9.423
10.026
9.629
9.324
9.323
8.422
8.229
9.331
8.229
8.532
7.625
9.225
8.525
9.523
9.523
8.724
8.321
8.721
8.120
9.221
7.822
8.524
7.722
8.923
8.324
9.424
10.029
7.626
9.822
8.624
9.927
9.425
8.727
9.530
8.832
7.929
8.030
9.628
9.931
9.026
8.231
7.525
8.324
9.423
9.548
8.036
8.155
7.888
9.405
8.908
9.708
9.708
10.007
9.908
8.808
8.208
9.408
8.713
8.302
9.410
10.008
8.409
8.710
8.708
8.015
10.005
9.307
8.708
9.708
9.211
7.812
7.807
9.407
8.708
9.832
8.810
9.208
8.006
9.312
8.738
9.411
9.115
8.401
9.307
8.907
9.909
7.770
8.408
8.507
8.708
7.708
8.609
9.606
8.926
9.806
7.509
9.108
9.110
9.006
8.708
8.407
9.310
9.305
7.710
8.107
9.009
9.206
10.009
9.508
8.611
8.706
8.807
7.609
9.809
8.305
9.209
9.608
8.509
7.606
8.208
9.907
8.008
9.308
9.508
9.707
9.108
9.714
8.707
8.398
8.611
7.507
9.410
8.135
9.298
9.809
8.707
8.408
8.909
8.711
7.806
7.708
9.909
9.408
7.807
9.612
7.805
9.810
9.308
9.010
7.517
10.007
8.808
8.010
9.210
8.258
7.609
8.408
8.109
9.009
9.409
9.409
9.109
8.910
10.009
8.508
8.608
8.909
9.512
7.513
7.711
9.810
7.907
7.707
9.310
8.208
10.008
9.607
8.109
9.207
8.510
8.112
9.111
9.908
8.909
8.407
8.208
9.010
9.612
9.015
8.010
8.907
8.609
9.807
8.008
8.507
8.208
9.107
7.507
7.809
9.308
7.721
7.810
9.710
7.911
9.606
8.110
7.905
9.408
8.708
9.710
7.815
9.610
8.960
7.808
8.408
7.519
8.805
9.910
9.607
7.906
8.010
8.607
9.008
7.707
9.110
7.708
8.709
8.209
7.708
9.010
7.608
8.207
9.540
9.906
8.810
9.108
7.908
9.409
8.605
9.310
9.014
9.109
8.807
8.106
9.706
9.909
8.109
8.407
9.809
7.607
9.006
7.908
8.907
8.008
8.208
8.208
8.207
9.607
9.109
8.649
8.709
9.206
9.508
8.211
9.208
8.306
10.014
9.817
7.609
8.508
9.194
9.309
7.509
8.006
9.909
9.707
7.908
7.909
8.289
7.804
8.207
10.007
8.209
9.996
7.907
9.121
8.008
8.810
8.607
9.608
7.507
7.508
8.707
9.607
8.407
8.109
7.808
8.307
7.808
8.107
9.509
9.422
9.907
9.508
7.609
9.808
9.420
8.008
7.807
7.709
8.305
8.812
7.605
9.209
8.607
8.260
8.308
9.307
9.509
9.608
8.808
9.807
9.608
7.609
9.309
7.908
8.209
9.811
8.906
8.611
7.808
8.397
8.108
7.608
8.008
8.208
7.512
9.904
8.907
8.109
7.706
9.908
9.408
8.109
9.117
8.178
8.808
7.510
9.906
8.509
9.609
8.808
8.212
9.208
8.908
10.007
9.810
9.908
9.706
8.707
8.609
10.086
9.434
9.205
7.716
10.010
7.607
8.008
10.008
9.213
8.607
7.905
9.109
7.907
8.508
8.395
8.713
9.803
8.310
8.507
8.308
7.808
9.808
9.008
9.708
8.870
9.016
9.548
8.657
8.809
8.306
9.907
8.757
7.715
9.307
9.209
7.907
9.607
9.707
8.101
8.711
8.208
8.608
7.909
8.809
9.706
8.707
10.009
9.609
9.707
8.662
7.707
7.508
8.308
9.408
9.907
9.808
8.508
9.305
8.608
9.910
7.709
8.403
8.708
8.211
7.607
7.805
8.607
9.709
7.609
9.310
8.706
8.509
7.914
9.014
9.808
7.654
7.955
9.907
9.707
7.508
8.407
7.608
7.507
9.409
9.709
10.007
9.407
8.111
9.408
7.907
7.908
9.908
9.008
9.411
8.006
9.409
9.707
9.108
9.207
7.509
8.506
7.706
8.508
9.109
9.506
8.508
9.393
9.906
8.510
8.907
9.911
9.706
9.210
7.608
9.009
8.808
7.706
8.508
9.709
9.607
9.107
7.506
9.609
8.110
9.605
7.524
10.008
9.308
9.308
9.311
9.506
7.807
9.608
7.908
9.409
9.007
9.122
8.606
9.008
7.610
7.709
8.806
9.807
9.408
8.908
8.909
8.405
9.108
10.010
8.059
8.919
9.008
8.207
8.408
9.808
7.810
8.506
9.909
9.808
7.707
9.209
9.207
8.273
8.900
9.806
7.610
8.007
9.113
8.903
9.619
9.208
9.308
8.207
9.110
8.906
9.910
7.910
9.806
8.909
8.005
7.909
7.907
9.808
8.609
8.908
9.507
9.110
7.506
9.408
8.809
7.708
8.718
8.108
8.510
7.508
8.107
8.808
8.007
9.716
7.809
10.009
9.050
9.709
8.308
8.008
8.708
8.109
8.606
8.408
9.813
9.408
9.008
7.608
9.106
7.811
9.017
8.708
9.409
9.007
8.208
8.308
9.509
9.413
9.208
8.144
9.648
10.008
9.609
7.708
9.608
9.962
7.807
8.708
9.710
8.706
9.408
8.307
9.507
7.908
9.407
9.220
9.899
8.308
9.407
9.009
8.807
8.509
7.905
8.307
7.709
8.607
9.311
9.907
8.216
8.406
7.909
7.708
8.508
7.612
8.006
8.008
10.105
8.307
9.488
9.908
9.708
8.707
8.108
9.208
9.407
7.709
8.581
9.308
8.707
8.007
8.307
10.008
9.108
8.706
8.209
9.308
10.008
7.707
9.108
8.125
8.804
9.710
8.611
9.908
9.810
9.304
8.070
9.909
7.708
10.006
9.708
10.008
8.607
8.031
9.329
7.910
8.207
7.709
10.005
9.409
8.308
8.207
9.610
7.507
9.610
7.905
9.508
9.708
8.120
8.508
7.809
9.527
8.307
9.106
9.308
8.211
8.307
10.008
8.009
8.508
9.906
7.906
8.426
8.704
8.608
7.844
9.309
9.306
8.320
9.209
8.811
9.307
7.562
8.508
9.307
9.608
9.008
8.708
9.307
9.809
9.907
9.805
9.208
8.309
8.809
8.605
9.009
9.898
8.609
9.707
8.207
8.608
7.508
9.408
9.805
8.608
9.709
9.107
8.006
8.120
8.409
9.608
9.908
8.507
8.008
9.109
8.208
9.707
7.907
7.606
9.508
7.708
7.514
8.809
8.706
8.806
10.101
7.607
8.506
8.708
9.907
9.508
9.807
7.506
8.806
9.809
8.707
8.607
9.007
9.409
9.400
9.908
8.907
9.108
8.506
9.707
8.409
9.323
9.305
8.814
9.658
8.908
9.613
9.417
7.707
7.906
8.606
7.808
8.400
9.910
9.006
8.109
9.307
8.907
8.111
8.206
8.809
9.508
9.392
7.734
9.109
8.507
7.809
7.906
7.808
9.007
7.712
8.708
8.410
9.608
7.610
8.005
8.493
9.715
7.804
8.810
7.507
8.908
9.112
8.506
8.708
8.216
9.109
8.110
9.911
9.909
8.805
8.653
9.410
8.330
9.131
8.409
9.306
9.608
9.008
9.809
8.506
9.509
8.608
9.710
9.006
8.808
7.609
7.518
8.308
8.109
9.109
8.506
9.509
8.118
9.509
8.407
9.114
8.710
9.007
8.907
8.608
8.007
7.607
8.108
8.807
9.208
9.208
8.209
8.907
8.309
8.007
7.608
7.708
9.108
9.808
9.409
8.006
7.509
9.707
9.109
8.108
8.706
7.508
7.708
9.508
9.808
8.606
8.508
8.405
7.608
7.508
9.709
8.107
7.709
7.909
9.607
9.406
9.609
7.707
8.511
8.106
8.207
8.606
8.407
7.509
8.506
7.710
8.210
8.509
7.511
9.809
9.306
8.711
7.504
9.509
8.307
9.808
8.110
9.405
8.308
8.451
9.411
8.241
9.209
9.611
8.603
8.787
9.206
8.414
8.906
7.808
9.007
9.908
8.907
10.009
7.509
9.905
7.608
8.207
8.509
7.609
8.010
7.905
9.009
8.010
9.907
9.907
7.906
8.113
9.409
8.907
9.007
8.718
9.607
8.308
8.509
8.407
9.507
7.810
9.508
8.605
8.308
8.408
8.409
9.709
8.331
8.702
9.709
8.708
9.308
8.309
9.006
10.009
8.704
8.010
7.908
8.709
8.007
8.508
9.409
9.908
10.007
8.509
8.708
9.707
9.410
9.905
8.008
8.808
7.839
10.009
7.508
8.609
8.505
8.609
8.407
9.608
9.709
8.007
8.207
9.220
9.009
9.709
9.106
7.807
7.808
9.608
9.225
8.351
8.207
8.608
8.107
8.113
9.607
9.409
8.006
8.907
9.466
8.508
7.907
9.806
8.708
7.909
8.306
9.908
9.306
9.311
9.406
8.905
10.008
7.506
8.006
9.209
10.012
9.766
9.507
7.708
9.408
8.710
8.634
7.701
9.807
9.430
8.403
9.409
8.908
9.109
8.208
8.307
7.707
8.835
8.005
8.907
9.509
9.007
9.009
8.707
8.209
8.309
7.707
8.409
8.609
8.508
7.507
8.508
8.308
9.550
8.709
7.606
8.209
10.008
8.006
7.908
9.408
9.108
10.010
8.207
8.107
8.409
9.208
8.407
9.709
9.786
10.036
9.307
8.709
8.907
8.120
9.607
9.807
8.409
7.907
8.307
9.407
8.117
9.308
7.702
7.609
8.108
7.909
8.507
8.108
8.409
9.109
7.607
7.508
9.310
8.505
8.198
7.608
7.709
9.208
10.013
7.568
9.209
9.309
8.706
8.058
10.006
8.508
8.015
8.407
9.200
8.909
7.708
9.809
8.108
8.009
7.508
9.007
8.409
8.507
9.808
9.613
7.710
9.908
9.806
9.506
8.308
8.006
9.610
8.708
9.806
9.811
8.806
8.918
9.005
7.609
9.608
9.008
8.614
7.507
10.008
7.708
8.907
7.809
7.611
9.808
8.408
7.608
8.909
9.507
8.608
8.616
9.007
9.008
8.606
8.708
8.506
9.609
9.308
8.208
8.309
9.207
7.986
9.608
8.007
9.612
9.708
7.709
8.607
8.510
7.718
8.507
8.908
9.407
8.809
9.099
9.107
9.909
9.110
7.910
9.406
7.808
9.207
8.508
9.308
7.707
10.007
8.000
9.808
9.470
8.905
8.009
8.506
9.309
7.710
9.207
8.907
7.606
9.513
10.007
8.632
9.708
8.608
7.608
9.210
7.506
9.107
8.410
10.007
8.307
9.008
9.515
8.807
8.146
7.908
8.208
8.508
7.809
8.915
8.207
9.706
7.708
9.010
8.108
9.509
9.206
9.808
8.507
9.308
9.406
8.609
8.006
9.207
9.708
8.108
8.307
10.008
9.907
9.213
7.505
8.107
8.107
9.508
9.610
8.706
7.507
7.808
9.754
7.908
9.210
8.006
7.709
9.405
9.508
8.609
9.007
8.907
8.507
7.508
8.312
7.804
8.608
8.908
9.507
8.509
9.533
7.705
8.408
9.410
9.406
8.608
7.607
10.032
8.008
10.008
8.810
8.008
7.708
8.607
8.614
9.610
9.208
8.910
9.109
8.810
10.008
8.209
7.608
8.607
8.209
8.509
9.007
9.611
7.505
8.407
8.208
9.509
8.927
9.108
9.006
8.209
7.611
9.467
8.409
8.399
9.309
9.907
9.009
9.719
8.507
7.808
9.407
7.811
9.208
8.609
9.105
9.308
9.308
9.509
7.808
7.707
8.109
9.509
10.008
8.106
8.134
8.111
7.506
9.507
9.915
9.311
7.808
10.008
8.808
8.709
8.409
8.010
8.808
7.508
7.808
9.816
7.806
9.909
7.708
9.508
8.408
9.307
8.908
7.806
8.908
9.605
8.206
9.509
9.107
8.108
7.507
9.708
8.708
7.806
9.108
8.509
9.608
9.507
8.609
8.308
8.314
9.709
9.008
9.607
9.810
9.507
9.505
7.509
9.309
9.706
9.807
7.808
9.219
8.609
8.107
8.007
8.271
8.910
7.709
9.911
9.707
7.708
9.508
8.410
8.007
8.609
9.607
7.709
8.211
8.208
8.508
9.007
7.808
7.607
8.810
7.509
9.606
8.206
7.609
9.008
8.115
9.908
9.309
10.005
8.610
7.608
8.110
9.609
9.208
8.307
9.408
8.809
8.607
9.009
9.907
9.309
7.708
9.509
9.608
8.408
7.809
8.207
7.610
8.108
8.410
8.905
8.408
8.108
9.809
8.707
9.709
8.007
8.708
9.130
7.903
10.007
9.211
8.807
9.510
8.507
9.607
9.008
7.559
8.352
8.010
9.909
7.821
8.208
9.509
9.908
9.408
9.809
8.208
9.709
7.908
9.108
8.508
9.008
9.808
8.407
7.674
9.619
9.206
9.029
8.603
9.608
8.910
8.008
8.507
8.408
9.208
8.107
7.509
9.208
9.166
8.008
9.310
9.410
9.008
8.708
9.405
8.509
8.505
7.608
8.108
9.108
9.406
9.310
8.008
9.108
7.807
8.309
8.806
9.510
9.807
10.007
9.311
8.807
8.110
7.706
9.929
9.808
8.511
10.005
9.009
7.609
8.134
8.294
9.809
9.810
9.612
9.109
8.206
8.008
9.407
9.008
9.821
8.706
8.208
7.908
8.008
8.609
8.707
9.309
8.209
8.607
9.208
10.009
7.608
9.806
7.711
10.006
9.607
8.710
7.508
8.707
9.007
8.209
9.612
8.709
8.109
9.105
7.908
8.908
9.908
9.816
8.007
9.606
8.614
8.805
7.506
9.110
7.506
8.908
8.409
8.407
7.707
7.725
8.410
7.806
7.708
8.808
7.907
10.009
10.110
8.010
8.611
9.208
9.004
8.369
8.007
9.506
9.910
8.447
8.509
9.908
8.309
9.108
9.508
9.407
7.808
9.806
8.709
8.008
8.709
9.609
8.907
8.908
10.009
10.007
9.413
7.607
8.711
7.505
7.510
8.908
8.008
8.605
8.008
9.417
9.408
8.510
9.012
9.508
9.609
7.557
9.368
8.036
9.108
8.913
9.910
9.608
8.709
8.506
7.708
10.012
8.208
9.366
9.008
8.208
9.308
8.608
8.307
7.910
8.657
8.607
9.514
9.306
9.907
10.006
8.808
9.306
8.607
7.706
8.908
8.121
7.709
8.306
8.809
9.508
9.807
8.706
9.008
8.607
9.908
9.207
8.534
8.298
8.508
7.708
9.206
7.908
9.005
7.613
8.506
7.506
8.709
8.008
9.308
8.610
7.905
8.011
8.008
9.307
8.410
9.606
7.520
8.908
7.807
8.908
8.308
7.509
7.706
9.909
8.709
7.707
9.209
9.908
8.507
7.807
7.709
7.607
8.208
9.207
8.009
9.308
9.407
9.208
10.008
8.807
7.907
7.807
9.536
8.407
9.807
8.108
7.909
9.906
9.507
8.508
8.746
7.708
8.510
8.907
7.506
9.906
9.108
9.558
10.006
7.807
9.810
7.807
8.107
8.206
9.899
8.611
7.603
9.119
8.007
7.507
8.108
8.408
8.016
7.709
9.607
7.807
8.307
7.608
7.810
7.708
8.606
9.012
8.007
9.909
8.006
8.206
9.708
9.909
7.708
9.886
7.707
7.607
7.609
8.407
8.577
7.517
9.758
8.806
9.309
7.607
8.810
9.909
8.605
9.514
7.813
8.107
10.010
8.610
8.408
7.713
8.910
9.609
9.412
9.606
9.410
9.911
7.703
9.210
9.907
8.108
9.011
7.506
8.410
9.308
8.606
9.417
9.506
8.308
8.108
8.707
8.409
9.627
8.800
9.708
9.211
9.105
7.906
9.209
7.607
8.907
9.406
9.209
8.407
8.807
8.709
7.908
8.807
9.213
9.603
8.610
9.880
8.706
8.909
8.309
8.108
10.009
7.658
7.509
8.410
8.407
8.910
9.605
8.107
7.708
9.207
9.809
9.307
9.707
8.909
9.616
8.708
8.339
8.801
9.608
9.632
7.618
7.607
8.508
9.312
9.718
9.711
9.207
8.609
8.815
10.007
9.208
8.810
7.718
9.511
9.808
8.609
8.498
9.413
9.408
8.608
8.411
9.256
7.808
8.207
8.206
9.908
9.410
9.008
8.807
9.108
8.707
9.009
9.207
10.008
8.409
9.107
9.611
7.605
7.608
8.209
7.706
9.509
9.709
8.006
8.908
9.409
9.307
9.807
8.809
8.708
8.506
10.009
8.008
9.009
8.115
8.708
8.906
7.709
7.909
7.808
9.508
9.306
9.508
8.708
9.213
7.907
7.908
8.905
8.208
8.008
9.807
8.407
10.009
9.506
8.907
9.108
9.007
8.408
8.810
7.808
9.608
7.510
7.709
7.708
9.102
8.510
9.109
8.008
8.707
9.509
8.406
8.209
9.008
7.806
9.609
8.306
8.511
10.007
9.809
9.108
7.907
9.707
7.709
8.010
9.105
9.107
9.610
8.106
7.609
8.605
8.610
9.713
8.608
8.807
7.508
7.509
10.009
9.211
8.103
8.709
8.822
9.212
9.612
7.712
9.705
9.113
8.607
8.107
9.212
8.509
9.909
9.607
8.108
7.507
7.706
9.817
9.408
7.507
8.012
9.507
8.606
9.108
9.413
9.906
8.007
9.407
9.910
7.908
8.508
8.106
9.328
9.908
10.008
8.815
7.706
9.736
8.007
9.006
7.910
9.707
10.007
7.708
9.406
8.125
7.807
9.706
8.006
9.909
9.707
8.508
9.306
8.408
7.716
8.606
8.210
8.407
8.219
8.209
9.007
9.408
8.904
8.307
9.409
8.819
9.808
9.710
8.608
7.808
8.610
9.007
7.631
8.805
9.510
9.608
9.410
9.807
9.411
9.909
9.808
9.209
8.509
9.011
7.506
8.908
7.807
8.208
9.809
8.503
9.116
8.771
8.008
7.917
9.790
10.005
9.510
9.710
9.808
8.214
10.017
8.510
9.810
7.708
9.809
9.210
9.809
9.308
9.111
9.308
9.110
8.809
8.410
7.711
7.905
8.612
9.109
8.215
9.518
9.004
9.408
8.606
7.708
10.009
9.205
7.511
7.512
8.609
9.711
10.006
9.405
9.810
8.405
9.309
7.534
8.418
8.610
10.042
7.610
7.606
9.510
9.307
9.109
8.013
9.703
9.507
9.209
8.808
7.907
8.609
7.708
10.010
9.950
8.103
7.508
9.107
8.207
7.508
7.856
8.004
7.607
9.905
7.810
8.607
9.307
8.008
9.509
7.805
8.109
9.616
8.164
7.508
9.006
9.709
8.108
8.706
9.409
10.009
7.605
10.009
8.520
7.808
10.011
8.606
8.509
7.612
7.807
9.408
7.674
8.112
7.593
7.807
8.206
8.009
9.107
10.007
8.510
8.706
7.807
9.410
8.210
8.409
9.411
10.048
8.310
7.610
8.805
7.609
7.508
8.913
7.704
8.807
9.408
7.509
9.907
8.008
7.807
7.621
9.908
8.021
8.409
7.666
8.506
9.308
8.112
7.709
9.341
9.406
8.908
9.610
8.736
9.890
8.109
8.206
9.907
8.910
8.415
8.613
9.209
8.608
7.606
9.409
9.908
9.605
9.717
9.910
7.505
10.007
7.608
7.609
8.108
8.808
7.706
9.309
8.007
8.309
9.710
9.805
7.806
8.509
9.507
9.256
8.509
7.606
7.608
8.309
9.207
8.707
9.708
8.409
9.807
9.808
7.952
9.911
9.306
7.707
9.708
9.407
7.909
7.508
9.579
8.551
8.813
10.019
8.010
9.308
8.309
7.606
9.108
8.706
8.910
8.708
8.006
7.508
8.807
8.107
8.327
8.208
9.312
8.105
9.107
9.109
7.908
9.707
8.907
9.908
10.008
8.708
9.473
7.808
8.709
9.008
9.010
10.011
8.808
9.708
9.312
9.709
7.511
8.508
8.506
8.910
9.707
9.067
8.910
8.706
9.707
9.909
9.411
8.906
8.009
8.698
8.107
8.610
8.207
9.511
8.407
8.306
8.208
7.902
8.808
9.608
9.507
8.009
9.609
8.304
7.608
9.009
7.954
7.607
10.009
8.909
9.207
9.850
8.005
8.233
8.603
7.609
8.308
8.105
9.309
8.807
9.210
9.904
7.511
7.606
9.607
8.608
8.408
7.907
9.110
10.010
10.004
8.609
7.907
9.507
9.408
8.207
8.407
10.008
8.409
8.509
9.007
7.709
8.507
9.508
8.737
9.787
9.907
9.509
7.931
9.107
8.507
9.610
9.106
8.408
9.906
8.610
9.507
8.509
9.009
8.811
8.407
9.211
9.908
8.807
8.809
9.207
9.508
10.009
9.107
8.006
8.407
8.210
8.505
9.611
7.702
9.711
9.408
7.609
9.306
10.009
9.208
7.706
9.601
8.565
8.710
9.614
9.607
8.308
8.006
8.806
9.626
8.905
7.909
9.415
7.805
9.207
8.706
9.809
9.107
7.708
8.059
7.706
8.608
9.207
10.008
8.807
8.810
9.505
8.907
8.210
9.409
8.309
8.306
8.908
9.308
9.509
8.414
9.009
7.705
9.108
7.707
9.908
7.908
8.323
9.411
8.208
7.709
8.112
8.108
9.512
8.507
8.807
9.906
9.779
7.909
9.908
8.609
9.407
9.310
7.607
7.510
8.907
8.408
8.307
7.910
7.863
7.908
9.007
9.483
8.408
8.007
9.808
8.208
8.408
8.307
7.508
9.307
8.711
8.307
9.907
8.108
9.413
8.704
8.008
9.007
9.309
8.007
7.507
8.709
10.008
7.607
8.911
8.807
8.809
9.809
9.209
9.107
7.808
8.108
8.606
8.708
8.610
8.410
9.713
9.709
9.406
9.909
8.908
8.007
8.203
8.808
8.609
10.007
7.607
9.308
8.910
9.412
9.807
9.110
8.205
10.007
9.309
9.707
8.712
8.012
9.609
8.108
9.808
9.908
8.711
8.405
8.808
7.509
9.505
8.308
9.706
8.865
8.108
8.608
9.307
9.015
7.506
7.807
8.909
7.613
9.905
8.007
9.736
9.808
9.609
7.907
9.708
9.005
7.518
8.614
9.708
9.604
9.207
9.511
9.606
8.007
7.808
8.310
8.011
9.807
9.208
7.909
8.706
10.008
9.009
7.909
8.907
9.006
8.410
8.008
9.308
8.208
8.513
8.911
8.211
8.205
9.307
7.807
9.808
9.307
9.109
9.486
9.008
8.407
9.007
8.607
9.008
9.508
9.408
9.710
9.408
8.706
7.510
8.008
8.907
9.007
8.407
7.707
8.107
9.607
8.408
9.949
7.706
9.407
8.835
8.406
7.810
8.205
9.008
7.508
7.508
8.007
9.607
9.207
9.008
8.806
7.709
8.109
8.207
9.909
7.708
7.807
8.507
7.807
8.308
9.909
9.507
9.510
7.808
7.609
9.011
8.907
7.609
9.411
8.512
8.906
8.009
8.810
9.707
9.511
9.006
9.908
7.608
8.709
9.008
9.306
10.006
9.508
7.507
8.408
9.308
7.857
8.708
7.909
8.307
9.707
8.009
7.907
9.107
8.528
8.210
8.008
9.907
8.407
7.608
8.308
10.009
8.108
9.609
9.808
7.722
8.708
9.606
8.009
10.006
8.810
9.908
9.906
8.409
9.907
8.408
7.613
7.808
9.609
8.209
8.807
9.313
8.708
9.308
8.506
9.909
10.007
9.308
9.816
8.507
9.420
8.208
8.508
7.607
7.808
8.207
7.807
9.009
8.007
8.309
9.107
9.508
8.308
9.006
7.809
8.409
7.509
8.107
8.707
9.707
9.008
7.707
9.110
7.906
9.708
7.707
7.709
9.607
9.509
10.007
8.307
9.009
8.207
9.308
9.108
8.709
7.605
9.408
7.809
8.117
7.708
9.510
7.708
8.555
8.609
8.209
9.406
8.624
8.807
8.305
8.411
7.807
8.709
7.622
8.209
8.306
7.908
8.610
8.007
7.507
8.624
8.809
9.108
9.505
8.008
8.107
8.311
8.208
7.507
8.809
9.040
7.893
8.408
9.598
9.105
9.510
7.607
8.708
8.308
9.009
9.598
9.406
9.509
8.307
9.621
7.807
9.108
7.609
8.907
9.617
7.654
7.607
8.411
9.207
9.810
9.106
9.908
8.207
10.009
7.542
9.611
9.009
7.930
7.901
8.607
9.509
7.610
8.708
8.308
8.607
7.610
7.908
7.906
9.808
8.708
7.609
7.708
7.713
7.705
9.206
7.510
7.908
9.508
8.407
9.609
9.306
7.609
9.607
7.700
7.609
9.607
9.708
9.308
7.609
7.806
7.810
9.908
8.107
9.119
8.107
9.207
9.499
8.606
9.704
9.308
9.821
9.807
9.609
7.508
7.608
8.778
7.612
8.019
8.308
8.606
7.809
7.705
8.708
9.906
7.907
9.099
9.709
7.705
8.210
9.804
8.009
8.708
9.809
8.605
7.707
7.908
7.908
9.613
9.004
7.512
9.011
8.910
10.007
8.509
8.907
7.507
9.909
9.107
8.308
8.212
7.852
8.711
8.409
9.307
8.610
8.808
8.213
8.414
9.109
9.207
8.249
9.811
7.806
8.109
8.608
8.007
8.507
9.006
7.711
10.078
9.206
9.312
8.909
9.306
7.913
7.910
9.414
7.808
9.807
7.609
8.509
7.707
8.908
9.610
9.508
7.610
8.409
7.904
8.609
7.608
9.808
9.508
7.508
7.508
7.508
8.606
8.324
8.608
7.817
8.705
8.706
9.508
8.112
7.718
8.807
8.608
8.408
8.310
8.906
8.108
8.610
7.506
8.507
10.073
9.609
8.230
7.509
8.108
8.807
8.810
8.300
8.510
8.209
8.506
8.507
8.308
9.608
9.509
9.407
7.606
8.308
8.207
9.606
9.008
8.517
8.507
7.522
9.407
9.508
9.109
7.607
8.007
9.309
8.607
8.107
8.908
9.510
8.305
9.595
8.206
9.709
7.911
9.205
8.008
8.907
7.909
8.808
8.609
9.906
8.307
8.708
8.211
9.155
8.407
9.808
7.508
9.607
10.009
9.622
9.006
9.108
9.708
9.708
8.506
8.411
7.706
9.961
7.907
8.713
9.609
8.608
8.507
7.608
8.010
9.108
9.008
8.410
7.809
7.706
8.409
8.909
9.113
9.203
7.908
10.012
8.908
8.107
9.509
9.010
7.608
8.608
8.207
10.013
8.207
9.305
8.310
8.606
9.135
8.920
9.905
8.808
7.708
8.307
8.909
8.211
7.504
8.060
9.109
8.109
8.308
7.609
9.507
9.908
9.309
9.960
7.507
8.307
8.123
9.708
9.910
8.205
8.308
8.008
8.307
9.013
10.005
9.308
7.607
9.149
8.208
10.010
8.007
8.408
8.410
9.506
9.108
8.800
10.007
8.309
9.306
8.409
8.407
8.708
8.308
7.909
8.708
8.599
8.708
9.507
8.107
8.706
7.812
8.905
9.309
8.610
7.906
9.479
7.901
8.312
8.408
8.507
8.311
9.208
9.605
9.496
8.610
8.706
8.011
8.723
9.608
9.807
9.708
8.208
8.609
8.177
8.607
10.009
9.108
10.008
9.408
9.908
8.713
9.905
8.811
8.105
8.407
9.409
10.008
9.031
7.506
8.608
10.008
8.308
7.706
9.812
7.607
9.009
8.505
8.408
7.607
8.131
8.308
9.806
9.011
9.708
7.805
7.711
9.608
9.604
7.610
9.209
9.559
9.010
9.007
8.407
9.609
7.680
7.703
9.808
9.109
7.907
8.307
9.214
8.903
8.707
8.908
9.220
7.611
10.009
7.507
7.709
8.207
8.411
7.706
9.707
8.008
8.207
9.917
7.709
8.009
7.607
9.618
10.006
9.208
8.715
8.301
8.709
8.909
8.707
8.608
7.908
9.107
9.410
9.668
8.104
8.209
8.706
9.806
8.309
8.608
9.907
8.808
9.307
8.408
9.207
9.106
9.106
9.969
9.108
9.308
7.822
9.207
9.106
7.991
8.308
7.609
8.908
9.809
9.207
7.708
8.307
9.605
9.308
7.909
9.310
9.907
8.703
7.906
9.909
9.708
9.267
9.710
8.605
8.409
8.210
7.707
7.606
9.810
7.706
9.206
9.211
8.353
8.406
8.409
8.750
9.408
8.508
7.809
9.109
7.808
8.007
7.608
9.908
7.507
8.207
9.212
9.906
9.307
9.807
9.909
9.112
9.007
9.705
7.609
7.511
7.813
8.017
7.712
7.706
8.310
9.605
9.707
9.109
7.907
8.007
7.708
7.507
9.377
8.202
9.308
9.607
8.807
9.409
9.708
8.812
7.704
9.008
8.809
9.607
8.708
8.705
8.810
7.810
8.308
9.009
7.912
8.906
9.509
8.306
9.109
7.906
7.808
8.909
9.508
8.508
9.561
10.009
8.507
8.908
8.107
7.710
8.405
9.408
9.926
7.992
8.308
7.515
9.506
9.709
9.807
8.408
8.306
8.607
8.709
9.308
7.710
9.308
8.108
9.908
7.509
10.007
8.008
8.110
8.804
10.007
9.310
8.207
9.908
7.705
9.811
8.211
8.111
8.205
7.712
8.107
8.909
8.607
8.207
8.608
8.207
8.110
9.506
9.207
9.406
8.309
8.407
9.811
7.612
9.307
9.908
7.808
9.210
7.808
8.626
7.910
7.709
7.808
8.908
7.806
8.207
8.607
8.509
8.909
9.507
8.908
9.512
8.410
10.007
7.809
9.706
8.308
8.508
9.108
10.013
8.008
7.512
8.612
7.806
7.609
7.807
7.608
8.209
9.707
7.909
9.307
7.707
8.309
9.910
9.112
8.608
8.007
7.907
9.808
9.608
7.508
8.708
9.307
8.608
8.609
9.820
8.209
9.705
8.208
9.808
9.610
9.007
9.907
8.308
9.307
7.608
8.874
9.408
8.508
8.407
10.008
7.807
8.707
8.206
7.807
7.908
9.655
8.515
8.501
9.308
8.107
8.608
8.135
10.010
9.710
9.508
9.608
7.907
9.130
8.091
7.809
8.809
9.707
7.868
9.708
8.908
8.276
8.407
8.408
9.216
9.408
8.364
9.705
8.207
9.208
10.006
8.808
8.710
8.507
7.508
8.207
9.309
8.666
9.009
9.409
8.409
8.407
9.008
9.008
7.609
9.706
9.608
9.008
9.308
7.506
8.610
8.308
8.207
9.507
9.236
7.603
9.008
7.608
9.808
9.909
9.605
10.008
8.907
8.407
8.608
8.908
9.118
8.111
7.607
8.308
9.809
8.708
9.207
8.908
7.707
9.606
8.609
10.007
8.508
8.009
10.005
9.807
8.907
8.408
9.408
8.008
8.508
8.406
8.407
8.409
8.407
7.950
8.507
9.808
8.807
9.610
8.806
8.108
7.707
8.913
8.907
10.019
7.608
8.207
8.908
8.008
7.709
7.607
7.908
8.708
8.109
8.008
8.409
9.507
9.108
8.008
7.708
7.507
8.999
8.605
8.707
10.010
9.208
9.711
10.006
8.108
9.508
8.708
8.708
9.709
7.810
7.709
9.918
7.903
8.510
8.907
8.607
8.906
9.006
9.009
7.809
9.809
9.707
8.909
9.507
8.806
9.411
9.707
9.095
8.418
8.409
7.607
8.408
7.708
7.507
8.508
8.311
9.508
9.708
9.607
9.315
10.014
10.006
9.111
8.006
8.409
7.909
9.106
7.508
9.408
8.208
7.806
9.407
8.108
9.207
8.808
9.408
8.807
8.412
8.505
9.708
9.510
8.706
8.213
9.724
8.916
9.209
7.907
8.309
8.906
7.608
7.510
9.007
7.613
9.208
9.867
8.708
9.808
9.009
8.852
9.384
10.010
9.206
8.707
8.007
8.609
10.011
7.505
9.908
8.508
8.507
9.509
8.108
9.707
7.708
7.708
8.508
9.609
8.394
9.507
8.608
8.510
9.808
7.606
8.808
9.109
7.509
7.610
8.805
9.207
9.108
8.110
9.107
8.207
9.508
9.611
9.513
9.606
9.609
9.308
8.215
8.110
9.010
8.811
7.921
9.410
9.008
9.208
8.906
7.509
8.808
7.509
8.508
8.506
7.808
10.011
7.706
7.809
7.509
9.128
9.507
9.110
9.908
8.608
9.913
9.605
8.305
9.309
9.108
8.106
8.810
9.908
8.909
7.706
8.609
9.311
9.607
7.808
8.607
8.638
8.008
7.608
8.608
9.010
8.607
8.909
9.108
8.907
9.409
9.111
8.109
9.105
8.210
7.905
7.810
8.206
7.608
8.607
7.610
9.306
9.207
8.909
9.307
8.208
9.358
8.010
7.707
9.010
8.508
8.809
7.605
9.008
8.909
8.908
7.907
7.714
7.815
9.508
9.308
9.930
8.810
9.906
8.909
9.508
7.906
9.211
7.807
8.108
8.051
8.109
7.507
9.909
9.607
9.309
8.108
9.006
9.866
8.317
8.209
8.308
9.807
8.508
9.808
8.707
9.908
7.908
9.107
7.807
7.509
8.308
7.906
9.008
8.106
9.308
8.608
8.708
8.709
8.906
9.509
9.209
9.607
9.518
9.008
9.308
8.706
9.808
8.408
8.707
8.006
9.108
9.508
8.009
7.508
9.407
9.407
7.609
10.006
8.408
8.108
7.709
9.208
8.510
9.315
10.026
7.808
7.808
8.806
9.009
9.408
8.334
8.300
8.909
7.715
10.011
8.306
9.209
9.809
9.306
7.808
7.908
8.509
10.007
8.408
8.608
9.513
7.764
8.907
9.523
8.816
9.508
9.908
8.107
8.009
9.009
8.007
8.577
9.509
9.607
7.605
8.909
7.808
8.408
7.710
8.022
8.516
8.809
9.906
8.209
8.030
7.602
8.920
9.008
7.510
10.006
7.709
9.658
7.908
9.109
9.208
9.209
8.808
9.009
9.907
9.309
7.909
8.006
7.908
10.091
7.509
8.007
9.008
8.007
8.909
9.206
8.808
9.909
7.914
8.606
8.309
8.610
8.804
9.911
7.608
9.007
9.808
8.008
8.508
7.807
9.709
7.607
9.609
8.606
9.316
9.619
8.007
9.808
7.709
8.410
9.980
8.007
8.909
8.808
8.507
7.711
8.107
10.011
7.708
8.807
8.607
8.707
9.908
7.507
8.509
7.607
9.009
8.507
8.207
7.708
8.808
8.008
8.008
8.507
9.309
9.907
8.206
9.808
9.807
8.508
8.109
9.809
9.246
9.507
8.708
7.611
9.907
9.308
7.807
7.508
8.207
9.108
9.008
8.309
9.113
10.018
8.408
8.209
8.606
9.309
8.407
7.609
10.007
9.210
8.806
9.208
9.208
9.608
8.906
8.907
8.207
9.709
8.811
9.905
9.111
10.006
7.607
8.909
9.408
7.907
9.210
7.608
9.708
8.108
8.408
8.707
8.209
9.507
9.510
9.611
9.007
8.007
9.709
9.106
9.907
8.408
8.507
9.010
8.124
7.508
7.808
9.008
9.810
9.306
8.807
8.809
9.210
9.207
7.908
8.609
9.807
9.607
8.908
9.510
7.806
10.008
8.310
8.781
9.608
7.721
8.207
8.508
8.508
7.808
7.843
8.306
9.008
8.808
7.509
9.807
8.809
8.008
8.809
8.510
9.923
7.707
7.507
9.010
9.410
7.907
7.706
9.209
7.608
9.107
8.808
8.108
9.211
9.613
9.307
8.806
7.506
7.509
10.006
8.567
8.109
7.710
9.507
9.707
9.008
9.508
9.508
8.023
7.518
8.209
9.209
7.508
8.607
9.209
9.006
8.007
9.808
9.518
9.905
7.508
8.727
8.606
8.110
7.907
8.309
10.112
9.409
8.307
7.610
9.307
9.509
8.185
9.646
9.213
8.009
8.709
8.813
10.004
9.408
9.007
8.305
8.607
9.010
9.407
7.908
8.206
7.509
7.706
7.610
9.907
7.908
9.009
8.608
8.608
9.521
9.509
8.706
8.709
7.906
8.868
8.209
10.007
9.609
7.908
9.108
7.508
9.308
8.007
10.007
8.814
9.609
8.409
9.805
8.507
8.008
7.808
9.208
8.008
8.207
9.508
8.107
8.709
8.557
9.407
9.812
8.006
8.907
8.712
9.508
9.510
9.910
7.605
9.408
9.460
8.206
8.608
9.508
10.008
9.180
9.608
8.607
8.808
8.007
8.509
9.907
8.719
8.909
9.207
9.208
9.607
8.708
10.008
8.206
9.909
9.407
8.106
7.807
8.416
9.209
9.806
7.709
9.208
9.909
9.805
8.808
8.007
8.309
8.206
8.207
7.617
7.968
9.308
9.016
8.620
8.008
8.907
9.810
9.606
8.108
9.207
9.114
9.506
9.111
7.506
9.307
8.409
8.308
9.608
9.306
7.708
9.407
9.511
9.606
9.498
9.311
8.305
7.669
7.710
9.006
8.307
8.007
9.511
7.711
9.708
8.206
8.208
8.509
8.006
7.707
9.309
9.709
9.606
8.708
8.908
9.807
8.107
9.908
8.208
7.907
9.308
8.410
9.816
8.927
8.004
9.310
8.312
8.817
9.406
8.800
8.007
7.808
9.309
7.609
8.108
9.108
8.307
9.008
7.608
9.006
9.508
9.677
8.806
9.007
8.509
7.706
8.945
9.112
7.708
9.607
9.507
9.506
8.008
9.410
8.311
8.763
8.908
9.208
7.609
8.298
7.906
8.107
8.868
9.908
8.409
9.608
9.009
9.309
8.509
9.309
8.206
7.908
8.809
9.609
9.608
10.010
10.010
8.408
9.107
7.606
8.012
8.709
9.607
8.709
8.357
8.007
7.509
9.811
9.909
7.607
8.008
7.709
8.510
9.308
7.807
9.408
8.809
9.306
8.812
9.908
8.709
9.809
7.929
10.041
9.507
7.709
10.007
9.410
8.619
9.211
9.521
9.305
8.008
9.205
8.107
8.807
9.908
8.108
8.413
9.807
8.507
9.006
7.607
9.710
8.206
7.908
9.012
9.804
9.906
8.009
9.813
8.502
7.722
7.608
8.708
9.709
7.808
8.808
9.207
9.210
7.906
8.812
8.610
8.607
7.908
9.308
10.007
7.708
7.506
8.310
7.696
8.508
9.808
7.808
8.108
8.208
8.209
9.908
7.908
8.308
7.809
7.606
9.310
8.208
7.909
8.108
7.807
8.516
9.410
9.706
7.608
10.007
8.409
8.804
8.607
9.008
8.108
8.508
9.208
8.208
9.508
9.608
9.407
9.507
9.909
7.706
7.609
8.208
7.707
8.008
9.007
8.007
8.307
8.508
8.909
8.707
9.111
9.207
9.708
8.708
8.809
10.008
8.808
9.707
8.919
7.560
8.808
9.508
8.508
8.107
7.808
8.205
7.608
10.009
7.608
10.007
7.609
7.707
8.208
8.008
8.407
9.912
8.706
9.210
8.308
7.507
8.009
7.607
9.269
7.909
9.006
8.107
7.807
7.708
7.908
9.209
7.805
9.209
8.907
9.008
9.817
9.207
9.710
10.008
9.106
10.010
7.507
9.407
7.608
8.307
9.910
8.711
8.303
8.508
8.072
9.112
8.504
8.608
9.407
7.809
9.009
8.307
8.608
9.550
8.609
9.009
8.708
8.909
8.308
7.707
8.007
8.305
9.465
7.709
8.204
8.709
7.609
8.205
8.007
8.008
9.207
8.110
9.208
10.009
9.309
9.804
9.208
8.008
8.510
8.606
8.308
7.608
9.609
9.709
9.607
8.109
8.809
8.406
9.708
9.709
8.607
7.709
7.908
8.210
8.106
8.808
9.407
8.428
9.708
7.507
9.107
9.008
8.109
8.507
9.108
7.608
8.408
8.391
8.109
9.413
9.607
8.908
9.507
9.107
8.706
9.228
9.862
7.507
7.609
9.608
9.907
8.909
10.008
7.908
9.608
8.030
9.209
9.106
9.206
9.007
9.210
8.207
8.007
10.007
9.208
9.608
7.514
7.502
7.809
8.105
9.609
7.508
9.808
9.207
9.209
8.406
8.408
9.109
8.607
8.708
8.808
8.408
7.508
8.806
8.952
9.672
9.505
7.907
8.907
8.607
9.708
8.007
9.608
7.608
8.009
8.910
9.754
8.208
9.249
7.708
8.908
8.707
7.905
8.611
7.907
9.608
9.705
8.808
8.811
8.308
10.009
7.606
9.207
7.609
8.906
8.208
10.008
8.308
8.809
8.909
9.707
8.407
9.630
9.407
8.507
7.508
8.207
8.409
8.509
9.906
8.808
9.912
8.610
9.206
8.609
9.208
9.008
8.408
8.108
7.709
9.214
8.254
8.003
8.609
8.308
9.406
9.508
8.508
7.922
8.207
9.909
7.709
9.206
9.409
9.608
7.808
9.740
7.896
8.906
8.108
8.007
7.607
8.109
9.307
9.607
9.208
8.409
8.711
7.710
9.007
9.152
9.711
9.706
9.708
8.408
8.107
9.009
7.805
9.109
9.609
8.508
8.908
10.009
7.808
8.507
9.508
8.206
8.137
7.608
9.809
8.908
8.111
7.609
9.507
9.907
9.913
8.803
8.208
8.509
9.006
9.915
7.508
8.609
9.709
9.705
9.510
7.707
8.907
9.808
9.500
8.609
8.611
8.478
8.608
8.808
9.640
8.009
9.707
7.607
8.308
9.508
9.206
8.910
9.608
8.609
8.910
9.415
7.511
9.807
8.008
9.130
9.604
8.008
7.806
9.210
7.906
9.911
9.706
9.308
9.905
9.008
7.807
8.209
7.506
8.906
9.808
9.713
9.710
9.405
10.008
8.108
9.011
9.211
9.609
8.708
7.911
8.607
8.208
8.008
8.409
8.707
9.807
7.911
9.345
7.510
9.910
9.907
9.905
9.509
9.107
9.911
8.605
9.611
8.009
8.807
8.705
7.935
8.406
8.507
9.911
8.607
9.108
9.007
7.909
8.806
7.707
8.512
7.604
8.409
9.007
8.508
9.710
8.906
8.985
9.108
9.013
8.908
8.909
9.011
8.314
8.102
8.808
9.606
7.809
9.605
8.407
9.097
10.107
9.516
7.611
10.007
8.008
9.540
9.013
8.607
8.409
9.209
9.707
8.510
7.507
8.812
9.506
9.907
7.704
8.609
8.905
9.408
10.010
7.908
8.308
8.508
8.509
9.711
8.008
8.909
9.208
8.912
8.007
9.311
8.406
8.408
9.309
9.109
7.807
8.209
7.909
8.707
9.907
7.708
10.007
7.507
9.008
9.406
7.610
9.407
7.908
9.012
8.706
8.107
9.708
9.808
9.113
8.108
9.408
9.809
9.707
8.708
8.708
7.909
7.908
9.809
8.809
9.707
8.808
9.109
8.009
9.408
7.907
8.007
9.610
7.807
8.110
8.807
10.007
8.208
8.105
8.009
9.906
9.607
8.608
9.507
9.309
7.832
7.803
8.813
7.606
7.606
7.608
9.007
8.010
8.206
8.712
9.309
8.108
7.610
8.505
8.607
9.608
9.208
9.207
9.113
9.511
10.006
7.808
9.617
8.315
8.710
7.609
8.306
8.415
8.908
8.008
7.811
9.308
8.310
9.309
9.413
8.604
9.411
8.321
9.409
7.710
9.709
8.609
8.347
9.810
9.907
9.708
9.509
9.208
9.008
8.613
8.607
8.907
9.109
8.410
9.908
7.910
8.507
8.118
8.808
9.910
8.609
9.321
9.109
9.609
8.509
8.610
8.209
8.009
9.610
7.510
8.306
9.411
8.807
9.308
9.212
8.806
9.110
8.610
7.906
8.010
9.907
9.312
9.408
9.206
7.610
9.209
9.612
8.807
7.509
8.610
8.609
8.607
7.808
7.907
8.211
9.108
9.212
9.162
9.611
9.008
9.171
8.008
8.308
8.014
9.905
7.609
9.504
9.108
8.808
10.010
9.732
8.807
9.209
9.210
7.941
9.503
8.610
7.708
8.207
8.662
8.807
9.408
9.709
9.109
10.008
8.023
8.323
9.116
960.252
0.004
6.093
0.122
0.073
8.652
16.042
7.451
12.182
11.425
8.978
7.732
11.355
11.701
9.926
9.528
12.725
7.121
11.801
7.631
10.481
7.528
11.863
11.629
10.988
7.986
10.004
8.326
8.458
12.219
12.859
10.155
13.980
9.733
7.629
10.654
8.334
15.655
9.631
11.668
260.637
8.278
0.083
0.012
9.098
7.608
9.410
8.607
8.307
8.411
8.408
8.409
8.612
8.710
9.508
10.009
7.811
9.910
8.409
8.609
7.610
7.508
7.709
9.608
8.810
9.912
9.910
9.112
8.109
9.008
8.608
7.507
10.017
9.815
9.610
9.112
9.912
9.207
7.606
8.312
366.902
0.026
8.815
3.127
0.130
11.867
8.985
10.997
7.731
11.969
10.622
9.130
12.516
5.639
11.391
8.829
11.966
11.301
8.632
10.281
7.630
11.055
10.304
7.830
10.175
9.132
9.870
9.334
12.668
10.999
11.991
9.939
12.237
11.825
11.267
8.428
11.501
10.810
12.002
8.731
12.956
322.066
9.767
0.078
0.008
9.908
9.710
10.009
8.510
9.111
8.512
9.109
9.409
8.710
8.211
9.708
9.009
10.013
9.807
8.409
9.008
9.110
7.810
8.810
8.713
8.609
8.109
9.608
9.609
9.111
9.509
8.411
8.713
9.211
8.807
9.941
8.913
8.609
10.010
7.612
7.610
8.411
9.407
9.809
9.810
7.509
9.415
8.907
7.610
9.310
9.909
9.121
8.410
7.807
8.009
9.814
8.909
8.608
9.508
8.609
7.812
8.908
9.513
9.008
8.112
8.408
8.805
9.713
9.510
8.911
10.009
9.910
10.011
9.310
9.608
9.711
9.510
9.118
8.611
9.610
8.406
215.032
0.041
8.600
2.352
0.022
11.968
9.996
7.942
10.055
8.628
13.356
8.431
12.513
8.737
14.320
8.431
9.931
12.693
10.975
9.335
11.637
8.229
11.597
10.867
7.528
11.784
567.720
0.024
9.680
0.091
0.011
9.562
9.009
10.011
8.009
8.608
8.810
7.515
7.912
9.408
8.108
9.212
8.612
9.007
9.311
9.908
8.906
7.706
290.559
0.004
8.009
0.087
0.016
8.388
9.212
8.413
8.512
9.411
9.919
8.814
9.311
7.912
7.611
8.712
9.612
7.508
9.412
8.111
9.012
9.412
8.513
8.411
10.009
7.609
9.712
9.013
9.710
9.511
8.013
9.911
9.512
8.510
8.515
8.618
9.511
7.808
9.721
8.211
9.809
9.509
9.511
9.212
7.607
9.911
7.811
9.708
9.909
9.713
8.015
9.109
9.311
9.011
7.610
9.209
9.409
9.814
8.310
9.209
9.510
9.111
9.010
8.909
7.708
7.610
7.610
9.811
7.909
10.012
7.919
7.810
9.510
7.511
263.129
0.022
9.791
0.094
0.014
9.674
10.009
9.711
7.510
9.011
8.909
9.311
9.311
8.209
8.808
9.211
9.309
7.908
8.813
8.309
9.409
7.910
8.506
9.516
8.007
8.410
7.509
8.011
8.808
7.909
7.605
9.110
9.912
7.507
8.909
9.911
9.611
8.810
9.710
9.710
7.918
8.710
8.918
9.710
9.413
7.610
9.111
8.809
8.010
7.810
9.812
7.509
8.208
8.507
9.713
9.009
9.410
9.727
9.510
8.414
7.707
9.813
10.013
7.654
9.810
8.812
7.609
9.310
7.606
9.808
8.911
8.010
8.412
7.913
7.918
7.909
8.207
9.509
9.312
8.710
434.857
0.039
11.881
0.115
0.021
7.675
11.140
11.070
9.631
10.361
10.988
8.003
8.828
11.714
10.459
8.997
9.996
9.128
11.509
8.530
10.855
8.933
10.045
7.628
10.373
8.078
11.928
7.931
9.609
7.634
12.818
7.625
10.070
15.319
11.987
8.633
13.375
9.002
8.629
12.263
10.100
8.228
9.944
11.822
7.528
394.264
9.760
0.088
0.019
9.079
8.807
7.808
8.411
7.808
8.110
8.712
7.809
8.611
9.207
8.408
7.712
9.510
8.411
7.915
9.915
9.909
9.909
8.709
9.211
7.907
9.810
8.211
9.710
8.207
7.607
7.812
8.223
9.914
9.911
7.512
8.909
8.817
8.007
10.012
9.212
8.608
8.610
9.511
9.909
7.912
8.016
7.612
7.508
8.909
8.209
7.510
8.910
8.009
8.710
8.141
8.611
8.710
9.012
8.211
9.410
9.212
8.710
7.512
9.011
8.608
7.709
8.009
9.909
8.208
8.108
9.011
9.310
123.503
0.003
8.607
0.090
0.035
9.174
9.512
7.609
7.910
7.608
7.709
9.411
8.308
8.910
7.607
9.411
7.514
9.367
7.806
9.419
8.408
9.009
9.709
7.611
7.707
9.907
8.108
7.811
8.111
9.018
9.509
7.515
8.309
8.107
9.408
8.511
9.909
9.011
8.609
8.011
9.110
8.809
7.508
7.509
7.709
7.808
9.710
8.289
9.608
7.607
9.908
8.012
9.312
9.509
8.109
9.611
9.510
8.907
9.908
7.509
7.808
9.511
7.816
8.909
7.708
9.713
9.910
7.611
8.708
8.408
8.312
7.908
9.813
8.311
8.004
7.610
8.611
7.610
8.209
8.110
7.910
8.209
8.810
9.710
7.610
9.409
9.211
9.911
8.308
9.208
9.908
8.811
8.720
7.611
7.609
958.939
0.017
7.494
0.096
0.092
8.923
8.611
10.006
9.311
8.508
8.409
10.012
8.811
9.512
7.710
9.507
7.821
8.114
7.704
9.109
7.811
8.373
8.355
9.721
7.826
9.728
8.924
7.928
8.428
7.729
8.232
8.828
9.324
8.228
8.926
8.726
9.888
7.628
8.824
9.121
8.828
9.828
9.224
7.540
9.427
9.524
9.820
9.724
7.728
10.026
9.026
8.033
8.127
7.623
7.720
8.523
9.828
9.324
9.128
8.336
9.727
9.824
9.623
9.131
8.225
8.733
7.732
7.927
9.025
9.124
9.723
7.829
9.029
8.930
7.835
8.330
8.527
7.726
8.221
8.729
7.628
9.723
9.326
8.528
10.027
9.723
9.530
9.730
9.129
8.525
8.130
8.727
8.423
7.718
7.721
9.127
9.124
8.224
9.830
8.029
211.343
0.036
9.409
0.120
0.024
8.275
8.923
9.931
9.285
9.128
8.225
7.981
9.529
8.024
9.925
7.930
7.927
9.727
7.526
7.727
8.726
8.722
8.424
7.530
9.632
8.829
597.410
0.031
8.905
0.250
0.087
8.641
8.533
8.726
7.922
9.623
7.731
8.931
8.628
7.827
8.236
7.628
8.724
8.821
9.831
9.330
8.625
7.828
9.932
8.426
8.029
7.821
9.830
9.230
8.925
9.831
9.030
7.827
7.920
7.820
8.123
9.230
9.133
9.327
7.931
9.528
8.822
8.360
8.531
9.931
8.624
9.325
7.729
9.926
8.022
7.620
9.329
9.426
8.223
9.337
7.728
8.726
9.620
7.524
7.930
8.630
10.031
9.631
8.927
7.823
9.920
9.727
9.629
8.923
9.024
7.631
8.570
7.922
8.419
9.629
8.028
9.827
8.826
8.228
9.830
9.340
8.520
9.231
8.839
9.227
8.425
9.129
7.928
8.223
9.121
330.522
0.003
9.269
0.111
0.021
8.272
9.637
8.032
7.828
9.362
9.624
9.541
9.671
8.027
10.026
8.131
7.726
7.921
7.822
9.230
8.830
7.725
8.726
9.868
9.428
10.023
9.226
7.843
9.026
9.642
8.540
8.226
8.027
7.923
10.024
8.730
8.632
9.726
9.231
9.227
9.124
8.723
8.629
8.631
9.424
8.725
9.229
9.725
9.322
9.825
9.029
8.031
10.026
7.632
8.034
9.625
7.622
9.724
7.529
9.125
9.426
8.532
7.529
7.525
8.935
7.623
8.726
7.723
9.830
7.830
9.431
9.027
9.225
8.131
7.540
8.530
9.427
9.432
8.335
8.827
775.543
0.035
9.904
0.107
0.022
7.711
7.530
9.029
7.728
9.929
9.031
9.627
9.230
7.630
9.828
9.228
9.028
9.930
8.026
9.422
9.830
8.531
8.926
8.731
7.632
9.633
8.761
8.825
9.134
8.231
9.925
7.824
7.532
9.933
9.928
9.325
10.031
7.525
8.429
7.774
9.930
9.984
10.026
9.030
10.029
9.729
8.333
9.127
9.525
8.824
8.523
9.432
9.833
9.926
8.027
7.529
9.629
9.426
9.132
8.829
7.525
8.930
9.429
7.725
8.725
9.223
9.740
8.830
9.328
8.030
9.229
9.324
7.822
9.130
8.528
7.739
8.924
9.330
9.629
8.528
8.333
8.025
7.828
8.226
8.026
8.531
8.527
7.826
7.823
7.526
9.134
528.371
0.035
8.899
0.253
0.059
7.737
7.833
8.036
9.027
9.827
8.545
8.429
9.025
9.122
10.036
10.031
9.527
9.135
9.528
9.024
7.519
7.723
9.734
7.923
8.622
7.931
8.935
9.626
8.223
9.525
9.628
10.026
7.726
8.628
8.629
8.524
9.021
8.925
9.227
8.223
8.826
7.928
9.128
7.723
9.519
9.229
7.930
8.933
8.226
9.932
7.928
8.326
7.722
7.524
8.928
8.828
8.126
7.925
8.630
8.829
9.922
8.328
9.038
7.526
9.556
7.523
8.828
8.649
9.123
7.927
9.331
7.827
8.324
409.695
0.050
8.198
0.126
0.021
8.895
9.425
8.429
8.626
10.029
9.429
9.030
7.625
8.223
8.027
8.331
8.927
9.126
9.831
8.930
9.926
8.743
9.231
9.530
8.726
7.931
8.132
7.926
8.525
9.925
8.429
9.629
8.426
9.427
10.028
8.825
8.121
9.524
9.730
9.527
9.428
9.136
8.685
9.624
10.021
9.131
8.032
9.025
8.128
7.732
7.966
8.224
9.029
9.632
7.657
7.825
7.626
8.429
8.531
8.825
8.524
9.431
8.331
9.626
8.727
8.530
8.328
9.625
7.922
7.931
9.250
9.927
9.731
7.732
9.627
9.926
9.426
7.527
8.827
7.641
7.726
9.428
8.335
9.429
9.126
8.734
9.881
959.303
0.027
9.614
0.105
0.030
8.121
7.736
9.025
7.524
9.230
7.632
8.327
8.731
8.132
9.032
8.030
8.124
8.826
8.229
7.825
8.626
7.531
7.825
7.634
7.726
8.226
9.733
8.731
7.626
8.827
9.933
7.530
8.125
9.723
8.430
8.832
7.829
8.828
8.087
7.931
7.927
8.122
8.926
9.327
8.923
8.025
9.828
9.725
9.426
8.026
10.034
8.125
8.225
7.926
8.429
8.628
8.769
8.324
9.928
9.028
586.289
0.032
9.910
0.319
0.046
10.336
7.522
9.232
7.527
8.824
9.926
7.930
9.531
8.174
9.521
8.730
9.626
7.729
8.728
9.231
9.827
9.421
9.224
7.830
7.526
9.627
9.028
8.928
8.427
9.823
8.925
7.558
9.526
8.725
9.228
9.825
8.422
9.421
9.130
8.427
8.426
8.925
9.029
7.827
9.621
8.624
9.229
9.326
8.827
7.829
8.427
8.523
9.723
7.725
9.135
10.027
7.525
8.227
8.828
8.625
7.922
7.620
8.728
7.527
8.822
7.831
9.839
9.928
10.021
8.924
8.428
8.325
7.930
7.525
8.629
7.628
8.727
7.922
9.430
7.629
8.324
8.025
8.927
8.126
321.336
0.003
7.647
0.376
0.019
9.280
9.327
9.624
9.220
9.425
8.429
9.225
8.426
8.930
9.125
8.424
8.821
8.127
9.428
9.622
8.824
9.428
8.326
8.922
8.223
8.828
8.327
8.424
9.824
8.828
9.825
7.822
9.724
7.828
8.625
8.123
9.124
7.827
7.823
8.221
10.021
8.725
7.523
8.322
7.523
9.331
9.427
9.122
10.024
418.438
0.030
8.602
0.261
0.022
9.982
7.724
9.021
8.424
8.533
7.530
8.331
10.031
10.029
8.826
9.724
7.721
9.928
7.928
9.326
7.928
8.229
7.624
7.822
9.620
7.830
8.829
9.831
9.725
8.414
8.826
9.821
9.624
7.633
8.628
7.825
9.827
8.829
9.531
8.321
7.523
9.829
9.132
10.084
9.734
7.828
9.623
7.626
7.924
10.031
9.627
8.328
8.331
10.027
8.624
8.021
7.733
9.932
7.824
7.525
8.128
9.331
10.025
7.624
9.431
8.529
8.123
9.130
7.527
7.831
9.921
7.522
7.523
9.129
7.625
9.725
9.732
916.388
0.047
9.994
0.122
0.022
9.718
8.335
8.427
9.524
9.443
9.131
9.929
9.486
9.433
10.036
7.623
8.921
9.933
7.829
8.226
8.657
8.631
7.527
8.822
8.921
7.528
9.030
8.926
9.425
9.131
8.828
9.030
8.823
8.732
9.029
8.925
8.427
9.832
10.029
7.822
9.125
9.032
7.728
8.624
8.626
7.850
8.728
10.023
7.826
9.232
8.328
8.925
7.826
8.529
7.827
9.223
8.623
9.330
8.170
7.926
8.428
9.633
9.629
9.924
8.423
8.529
8.925
9.426
8.231
8.837
9.925
10.024
7.826
7.528
8.527
8.927
607.196
0.034
9.911
0.097
0.021
9.220
9.822
10.032
9.432
8.524
7.831
8.737
9.832
9.827
9.526
7.832
8.129
9.027
9.928
8.032
10.029
8.324
9.624
9.331
9.027
8.426
9.131
8.930
8.726
9.424
7.524
7.730
7.525
7.523
9.424
8.428
9.134
9.323
8.624
8.627
7.727
9.125
9.930
10.028
8.822
9.522
7.728
9.731
8.526
7.526
7.829
8.632
8.526
9.923
7.825
10.031
8.224
9.626
9.037
9.626
9.125
9.229
10.032
435.091
0.042
9.302
0.578
0.021
8.768
8.829
9.036
9.925
9.023
8.024
9.932
9.227
9.624
9.326
9.628
9.227
7.720
9.737
9.527
8.825
8.326
9.331
9.331
8.322
7.720
9.130
10.030
9.826
8.324
9.229
9.828
7.620
8.628
9.230
8.130
9.829
7.931
9.629
9.625
9.724
7.626
9.445
8.824
9.728
8.730
8.327
9.022
9.121
8.130
8.428
8.127
9.029
7.833
7.544
10.024
8.019
9.330
9.931
7.829
7.628
9.230
7.728
7.724
7.920
9.622
8.530
7.728
7.724
8.124
9.830
9.926
8.422
9.423
8.628
8.024
8.025
292.582
0.028
9.512
0.123
0.024
8.075
7.824
9.424
8.331
7.926
9.324
8.928
9.732
9.329
9.425
10.033
8.731
9.828
7.923
9.155
9.532
8.927
9.521
9.729
9.532
9.527
9.530
7.877
8.825
8.024
8.526
9.531
7.826
8.126
9.429
8.031
8.627
9.824
7.525
9.731
7.825
9.324
8.728
7.634
8.728
8.222
7.825
9.930
7.929
8.234
9.230
9.929
415.585
0.026
8.614
0.346
0.051
8.240
9.225
9.829
9.530
10.024
8.322
9.151
7.731
9.127
8.526
8.430
7.926
8.421
8.424
7.534
8.929
7.823
8.925
9.029
9.025
9.622
9.522
8.928
7.625
7.621
8.223
7.633
10.027
9.322
9.929
9.429
7.526
9.123
9.124
9.727
9.025
7.520
9.025
9.227
9.226
10.024
7.528
9.629
8.531
8.627
9.828
9.929
8.923
8.628
9.036
7.823
8.320
8.521
9.430
8.432
8.826
7.525
8.532
8.726
9.622
8.626
8.231
9.830
7.624
7.527
9.630
9.327
7.523
8.521
8.428
9.430
8.427
8.624
959.192
0.040
9.399
0.551
0.095
9.442
8.728
7.522
8.427
9.030
8.327
9.424
8.626
9.230
8.123
8.821
7.927
9.633
8.329
9.024
7.726
8.229
9.326
7.722
7.820
8.529
8.027
9.026
9.626
9.928
10.025
8.121
9.022
9.527
7.925
7.922
9.123
9.129
8.025
10.020
8.227
8.828
9.326
9.527
8.229
7.528
8.326
8.822
9.626
9.340
7.924
7.521
7.723
9.728
7.924
8.020
8.319
8.429
9.526
7.822
8.525
9.633
8.625
10.021
9.343
9.029
8.026
8.324
8.233
8.530
8.425
9.121
7.525
7.627
8.857
8.423
7.824
9.629
9.745
7.618
9.024
7.534
7.628
9.224
9.932
8.031
9.926
8.122
9.226
9.637
8.425
555.093
0.043
9.299
0.123
0.021
8.584
8.821
8.229
9.530
9.764
9.331
7.829
8.923
9.524
8.124
7.635
7.870
8.528
9.930
10.037
8.634
8.923
7.625
8.932
8.227
7.625
9.628
8.332
8.230
8.727
7.825
9.336
9.027
9.628
9.138
9.229
8.325
7.824
10.030
7.933
10.027
9.429
8.531
8.830
8.826
9.125
9.030
9.134
7.783
9.029
9.233
9.030
8.029
9.524
8.030
8.831
9.625
7.628
9.631
7.925
9.024
7.567
9.948
8.026
9.627
8.926
9.727
8.026
9.222
9.824
8.574
9.325
452.280
0.138
9.508
0.107
0.023
8.813
9.730
9.628
9.232
8.728
8.928
8.325
9.232
8.329
8.927
8.148
8.034
9.029
7.624
8.422
8.125
7.629
8.223
8.630
10.033
9.840
8.526
7.930
9.130
8.228
9.131
8.326
9.928
8.724
8.979
7.821
10.030
8.729
7.626
9.328
9.929
9.024
7.520
9.322
7.529
8.930
9.926
8.027
8.027
7.762
9.025
9.681
7.653
9.934
9.829
7.926
9.733
8.426
8.621
8.721
9.231
7.641
9.829
9.247
8.932
8.628
9.722
9.025
10.029
9.825
8.238
9.928
9.028
8.224
9.326
9.038
9.731
9.126
9.527
7.829
9.332
8.626
9.029
9.932
8.726
9.026
7.726
8.333
9.934
927.256
0.036
9.714
0.118
0.021
9.870
8.526
8.226
8.326
8.234
9.729
8.337
8.125
8.030
8.329
9.626
8.726
7.531
8.728
8.523
9.167
8.431
9.129
8.425
9.525
8.032
8.427
8.124
9.725
8.629
9.127
9.821
7.623
9.033
9.127
9.327
8.531
7.629
7.644
9.422
8.323
9.830
7.833
9.126
7.735
8.634
8.727
9.123
8.622
7.533
7.827
7.621
8.423
9.429
8.724
8.120
7.521
9.646
8.939
10.027
216.543
0.027
8.209
0.665
0.028
9.976
8.725
7.930
8.789
9.028
8.036
7.827
9.825
7.930
8.129
9.123
8.322
9.425
7.735
9.926
7.925
7.934
7.829
8.324
9.120
9.926
9.729
9.732
7.629
9.331
8.734
7.526
7.821
9.426
9.929
8.827
9.228
8.731
9.427
7.723
7.721
9.934
8.229
7.624
7.724
8.932
9.226
8.521
8.221
9.628
8.530
8.925
7.547
9.131
9.731
9.326
8.925
9.332
9.130
9.240
8.728
7.726
9.227
9.021
9.926
9.028
7.926
283.285
0.033
7.699
0.212
0.020
8.388
9.831
10.032
8.226
10.027
9.031
7.628
8.622
9.925
9.729
9.926
8.925
9.932
9.130
8.523
9.157
8.130
8.030
8.155
9.926
9.427
8.425
9.021
8.427
8.229
8.244
9.025
9.930
8.628
8.822
9.319
9.273
8.538
9.463
7.528
8.732
8.327
7.624
10.020
8.328
9.931
9.835
9.830
9.929
8.828
8.424
9.024
9.529
9.133
9.626
9.359
8.527
8.121
8.421
9.632
9.029
9.326
8.527
9.129
7.827
9.823
8.322
9.730
8.580
7.622
9.825
9.730
8.625
7.522
9.682
9.630
9.928
9.627
9.333
9.829
8.520
7.922
8.930
7.927
9.525
8.626
9.929
7.925
9.523
8.523
10.028
8.426
7.724
8.737
385.382
0.032
8.313
0.125
0.022
7.976
9.628
8.524
7.633
9.431
9.827
7.731
9.231
9.425
7.728
8.723
8.628
7.624
9.926
9.229
9.228
8.024
8.722
7.829
8.029
9.325
9.845
9.030
959.162
0.028
8.313
0.124
0.125
8.542
7.724
9.222
9.425
8.128
9.026
8.127
8.531
8.330
7.825
8.922
7.624
9.731
9.327
9.026
8.531
9.729
8.925
7.823
8.841
9.437
9.027
9.326
9.931
8.328
9.023
8.925
7.737
7.531
8.524
8.531
8.529
8.725
7.622
8.024
9.328
9.329
8.625
7.924
7.628
9.225
9.322
7.970
9.030
8.627
9.526
7.631
8.230
8.326
8.021
9.522
7.626
9.527
9.025
7.625
7.928
7.927
9.223
8.321
8.131
7.630
9.327
9.331
8.833
9.727
9.922
8.320
8.930
8.630
8.724
9.226
7.932
8.026
9.724
9.522
9.329
9.126
9.828
10.031
9.931
7.725
9.623
7.630
10.032
8.526
7.734
8.031
9.227
9.523
8.924
9.833
9.632
8.127
9.135
8.630
216.140
0.035
9.146
0.527
0.020
7.873
8.030
8.527
8.123
8.524
8.131
7.739
7.726
9.720
10.028
7.833
9.725
7.924
7.630
9.829
7.823
8.839
7.729
8.327
7.922
9.926
9.935
7.928
9.623
8.023
9.729
8.127
8.423
8.725
10.028
7.724
9.021
8.026
8.831
9.825
9.225
9.430
7.626
9.722
9.322
7.634
10.026
8.923
8.225
7.727
8.927
8.724
9.122
9.327
9.729
9.725
9.124
9.628
7.525
8.820
7.724
9.928
9.523
8.626
8.530
9.427
9.171
7.721
7.524
8.026
7.626
9.324
9.931
7.851
8.921
9.325
8.129
9.029
8.224
8.824
9.331
9.827
7.620
8.520
9.032
9.827
8.123
8.223
9.330
8.233
280.137
0.035
9.506
0.105
0.022
8.360
9.325
8.528
7.529
9.728
8.724
8.022
9.830
7.929
8.027
7.726
9.534
9.935
8.323
8.525
8.239
9.830
7.926
7.926
9.933
8.930
9.627
9.726
9.729
7.928
9.127
8.033
7.530
8.826
8.821
9.224
10.188
7.850
7.827
9.838
7.832
9.027
7.732
7.725
9.535
8.427
8.024
9.132
8.228
8.827
7.723
8.924
8.831
8.127
9.328
8.633
9.729
9.024
8.221
9.431
9.433
9.974
9.926
9.530
8.825
8.823
8.624
8.528
9.529
8.927
8.231
466.565
0.027
8.008
0.810
0.021
10.269
9.526
8.228
9.328
7.725
9.724
9.529
9.328
8.425
7.620
8.823
9.629
10.031
7.727
7.937
9.529
9.732
7.920
9.623
9.334
9.227
8.325
8.027
7.628
7.825
9.627
8.529
7.731
7.525
9.626
7.932
7.727
9.326
8.622
9.524
9.727
8.332
8.926
8.925
9.242
9.223
7.619
8.928
9.429
7.923
9.425
8.828
7.726
9.824
8.322
9.728
9.027
259.685
0.037
7.603
0.104
0.020
9.970
7.827
9.731
7.524
7.523
7.821
7.724
9.349
8.928
9.929
8.933
9.731
8.824
8.021
9.131
8.131
8.131
7.927
10.031
8.728
9.824
8.823
9.130
9.828
9.832
8.730
8.755
8.930
9.025
8.125
8.539
9.028
8.425
8.430
9.130
8.533
8.734
9.329
7.933
7.528
9.226
9.627
10.029
8.124
7.522
9.225
8.929
8.127
9.636
8.936
10.548
8.758
7.824
8.630
9.329
7.524
7.526
8.132
9.231
9.058
8.722
7.631
8.031
9.927
8.728
9.832
8.527
9.925
9.024
9.130
7.630
8.322
8.626
7.732
677.011
0.033
8.604
0.104
0.030
9.564
9.132
9.428
9.226
8.623
9.931
7.727
8.024
9.930
7.736
8.827
9.025
9.526
7.729
9.429
7.623
7.727
8.030
9.928
8.724
8.123
9.033
7.932
8.228
9.932
9.130
8.624
9.124
7.825
7.931
9.631
10.028
9.530
9.131
9.133
8.323
8.930
9.432
9.025
9.025
9.830
7.826
8.123
9.425
8.232
10.033
9.530
8.430
8.033
9.578
9.625
8.832
8.529
7.624
9.528
8.528
9.224
8.024
7.525
9.831
8.634
9.927
9.725
8.226
8.925
8.823
9.224
8.026
8.333
8.224
9.527
8.029
8.726
7.522
7.622
9.431
7.528
9.625
7.727
8.245
9.127
10.025
9.529
7.734
7.530
9.126
8.727
9.530
9.827
8.928
9.226
8.528
8.725
8.829
9.230
430.320
7.780
8.439
8.331
5.501
3.024
552.847
0.277
9.338
7.928
7.926
9.421
10.023
8.140
9.123
7.625
8.832
8.329
7.730
8.436
8.524
7.931
958.083
0.032
9.909
0.362
0.102
8.839
9.031
8.526
7.630
8.030
7.724
7.918
8.261
8.828
8.723
9.526
8.235
9.129
8.724
8.820
9.632
8.231
8.726
7.628
9.830
9.026
9.221
8.328
9.232
7.527
9.325
9.832
7.936
9.428
9.735
7.923
8.328
8.842
9.027
8.435
9.333
9.246
9.122
7.728
8.139
7.726
9.728
8.832
9.428
8.321
7.520
9.130
9.232
8.928
9.225
8.933
7.836
8.321
9.722
9.730
8.636
9.223
9.422
9.027
8.725
9.222
9.425
9.530
8.027
8.522
8.024
10.029
7.826
9.621
7.627
8.427
7.529
9.824
9.976
9.629
8.227
7.522
8.623
10.215
9.332
7.725
9.031
9.430
8.825
8.823
9.023
9.929
7.927
347.951
0.003
8.804
0.104
0.020
8.562
8.732
8.429
9.630
9.328
8.429
9.927
9.031
8.730
8.532
9.030
8.729
8.332
8.583
9.429
8.427
9.628
9.328
10.026
7.524
8.430
9.426
8.828
9.725
8.575
8.827
7.826
9.628
7.929
9.627
7.528
8.928
8.333
8.627
8.626
7.728
9.530
8.531
9.425
8.425
9.729
8.426
9.625
7.932
9.631
8.925
9.022
9.428
8.333
9.228
9.428
9.229
8.581
8.324
8.926
9.729
9.831
9.428
9.331
7.631
8.929
9.524
9.224
9.932
8.026
8.026
7.534
7.728
9.225
9.527
8.626
8.828
8.023
8.332
9.232
7.729
248.823
0.044
8.398
0.501
0.021
7.771
9.135
7.533
8.729
7.524
9.122
8.530
9.828
8.423
7.926
7.539
9.986
9.978
9.524
9.732
8.129
10.027
10.032
8.328
9.125
9.632
9.633
7.841
7.727
7.827
9.772
7.928
7.625
8.224
7.725
8.531
8.427
9.329
8.830
9.629
9.437
7.825
8.182
9.332
9.028
8.527
9.437
9.028
8.621
8.826
8.832
9.239
8.932
8.727
7.630
7.927
8.422
9.722
8.429
8.627
7.622
8.023
9.329
7.928
8.830
9.523
9.232
9.728
8.725
275.784
0.031
9.504
0.094
0.021
7.762
7.524
9.934
8.938
9.627
8.833
10.031
8.524
7.624
9.325
9.928
9.025
9.429
7.735
10.027
9.225
8.822
8.731
9.332
9.330
7.929
10.032
8.228
7.525
9.126
7.930
9.029
9.529
7.529
9.730
7.826
7.724
9.725
7.927
9.328
9.226
9.231
9.528
7.826
9.325
8.726
7.633
8.327
8.327
8.029
8.426
10.028
9.326
9.625
9.529
8.827
7.728
9.631
9.530
7.926
8.623
7.543
9.427
8.225
7.523
9.131
8.730
7.925
8.960
9.126
9.833
8.328
8.530
9.231
8.631
7.727
8.022
8.830
8.730
8.838
9.529
9.835
9.028
8.826
162.771
0.025
8.612
0.097
0.074
8.139
9.725
7.824
9.431
9.835
9.825
7.725
9.828
8.829
9.129
7.924
7.828
8.228
7.828
8.628
9.430
9.528
9.826
9.625
7.631
8.730
8.529
9.269
8.130
8.227
8.323
9.626
7.929
9.428
9.686
7.829
7.629
9.330
8.243
9.731
9.232
7.925
9.931
9.134
9.426
9.126
9.528
9.755
9.827
9.828
8.328
9.325
9.424
8.224
8.928
9.629
9.445
7.533
8.930
7.629
8.427
9.731
9.830
8.926
9.227
9.532
9.231
9.327
8.725
7.525
9.131
8.032
7.928
9.133
9.740
10.024
8.124
9.142
9.737
8.126
8.927
8.127
9.928
8.425
8.824
8.927
8.127
8.124
8.924
9.527
8.423
7.524
9.126
8.132
8.932
8.227
7.628
8.233
7.627
9.027
8.322
9.231
9.633
287.049
0.042
8.195
0.672
0.022
9.370
8.230
8.527
9.721
9.825
9.127
9.530
8.426
8.028
8.426
9.045
8.819
10.030
8.530
9.725
10.024
7.527
7.830
9.029
8.526
7.923
9.829
8.826
9.625
8.027
8.222
9.121
9.423
8.928
8.232
8.223
8.123
9.232
9.427
7.725
9.123
8.429
10.026
10.026
9.132
8.536
9.026
7.822
8.424
10.029
7.583
8.628
7.631
7.827
7.525
8.821
8.422
9.846
7.625
7.933
7.926
8.333
9.827
9.922
9.923
7.927
8.224
8.022
9.832
7.630
8.426
284.427
0.033
8.698
0.109
0.020
7.871
9.528
7.923
8.123
8.123
8.029
8.332
9.227
8.427
8.630
9.227
9.927
9.725
9.233
10.030
7.626
9.631
8.432
9.935
9.625
8.526
7.937
7.831
9.229
7.938
8.128
7.525
9.524
9.326
8.631
8.429
9.826
8.232
9.130
8.128
8.824
9.830
8.927
7.925
8.131
7.733
9.929
8.226
9.962
9.232
8.131
7.627
8.728
9.331
7.626
8.528
7.920
8.327
9.028
9.624
8.725
9.627
9.827
8.324
9.030
8.527
9.233
9.026
9.328
8.429
959.572
0.027
8.010
0.102
0.126
8.732
9.023
8.826
8.727
9.730
8.727
7.826
8.035
9.027
9.225
9.827
9.428
7.624
7.628
7.627
9.128
9.928
9.024
8.625
9.628
9.828
7.826
8.130
8.929
9.327
7.528
7.525
8.827
8.226
8.239
9.930
9.626
9.721
8.923
8.230
9.627
7.725
8.579
7.529
9.225
7.924
10.022
8.529
8.030
7.526
8.829
9.931
9.927
7.727
8.471
9.630
10.027
8.926
7.824
9.130
8.127
7.824
9.125
9.631
8.831
10.029
9.728
8.332
9.825
8.529
9.129
9.330
8.726
7.729
9.331
8.030
8.358
9.223
9.129
8.928
9.427
7.827
8.729
9.426
8.327
9.824
9.027
8.426
8.926
9.529
431.137
0.032
9.511
0.312
0.020
9.390
8.832
9.135
8.924
9.621
8.928
9.933
8.827
8.125
8.534
9.332
7.626
9.025
7.531
9.332
8.227
9.125
8.725
8.873
7.925
8.229
9.626
7.933
9.728
7.925
9.334
9.429
8.125
8.723
9.226
9.828
7.924
8.123
9.131
9.329
7.625
8.119
9.323
9.230
8.926
7.725
8.429
9.079
9.526
8.622
345.929
0.037
7.598
0.117
0.022
9.194
8.134
8.033
8.625
8.526
7.928
9.327
7.922
9.845
7.531
9.228
9.124
9.869
9.829
9.726
9.022
9.331
10.031
9.627
8.528
9.134
8.527
9.034
10.027
7.632
8.428
8.625
8.627
8.730
9.030
8.627
7.825
9.632
9.227
9.127
8.332
9.829
8.528
8.723
9.528
8.530
8.026
8.726
8.533
8.030
8.956
9.385
9.834
8.235
9.827
8.427
7.532
8.431
9.943
10.024
8.728
8.229
8.724
7.526
9.731
7.628
8.623
7.619
10.024
7.927
9.224
8.425
7.630
7.936
9.830
9.625
9.126
7.828
8.423
7.523
8.535
9.235
7.726
8.222
7.630
7.628
9.327
7.629
8.583
9.227
7.725
9.723
7.522
318.093
9.169
0.101
0.020
9.968
8.530
9.825
9.422
8.990
9.230
7.763
9.130
9.628
7.524
8.820
8.624
8.030
9.827
8.928
9.030
9.129
9.125
9.921
9.430
9.231
9.125
9.527
7.829
8.428
10.021
7.622
8.537
9.130
7.529
8.127
8.531
8.526
8.121
7.921
540.284
0.114
10.463
0.106
0.021
9.767
8.329
8.125
8.422
9.025
8.063
9.832
8.133
9.627
9.028
8.133
9.025
8.327
10.037
8.628
8.828
8.332
8.729
9.025
9.322
7.725
9.233
7.627
8.828
7.831
8.428
9.424
7.820
8.325
7.632
9.729
7.924
8.725
7.729
8.827
7.687
8.223
8.831
8.530
7.928
7.925
9.132
9.630
8.827
9.223
8.431
7.734
7.526
9.628
9.256
9.529
7.524
8.521
9.626
9.030
8.823
8.127
8.335
9.227
8.922
8.423
8.828
9.527
9.627
959.289
0.031
8.505
0.110
0.057
10.056
8.630
7.924
7.822
7.828
7.729
9.370
9.626
8.826
9.631
9.833
8.520
8.925
9.228
8.526
10.026
9.032
10.026
8.924
9.671
8.236
8.032
8.728
9.427
9.532
8.327
9.128
8.625
9.330
9.231
8.625
9.233
7.731
9.327
9.824
8.124
9.788
9.225
7.834
8.431
8.728
7.523
9.421
7.827
9.228
8.130
7.928
8.328
8.033
9.327
7.923
9.025
9.929
9.325
8.325
9.333
7.531
7.524
8.121
9.423
9.328
9.425
8.727
9.530
8.629
8.625
7.722
8.230
7.832
8.229
9.334
9.237
8.277
8.923
9.724
7.629
9.536
7.524
8.425
7.631
9.429
9.025
9.121
9.431
8.231
7.525
8.828
8.331
7.637
9.424
7.823
9.453
8.829
9.233
9.028
272.036
0.042
7.799
0.231
0.020
8.963
7.621
7.924
7.629
8.426
9.324
9.930
8.729
8.725
9.920
9.631
8.928
9.423
8.625
8.130
8.925
9.519
8.220
7.727
7.726
8.523
9.831
8.027
7.825
8.719
10.058
9.528
9.025
7.924
8.922
10.027
8.725
9.121
7.823
8.828
7.626
9.923
8.624
8.827
8.779
8.722
8.523
7.757
8.025
9.824
8.425
9.527
9.325
9.321
9.926
9.535
7.724
9.625
7.727
8.230
8.523
7.622
7.623
10.030
8.026
9.125
9.934
9.427
8.320
7.820
8.125
8.426
7.824
9.525
9.927
9.128
8.123
8.520
9.328
8.827
575.323
0.033
7.814
0.104
0.086
9.851
8.205
9.711
10.032
7.798
7.507
8.315
9.006
7.807
8.506
8.910
8.507
7.710
8.906
7.809
8.509
9.429
8.708
9.609
9.808
8.307
9.408
9.007
9.123
7.808
8.208
7.808
8.821
8.809
8.809
8.809
8.508
9.508
8.708
8.707
10.009
8.710
9.762
8.908
9.308
8.109
7.708
7.707
8.509
9.109
8.307
9.508
8.507
9.711
9.008
8.407
7.908
8.509
9.909
9.507
9.108
8.235
9.800
7.809
9.708
8.510
9.407
8.208
8.210
8.008
9.605
8.118
9.409
9.209
9.617
8.611
7.502
9.810
9.105
8.511
9.109
9.906
8.207
7.710
9.708
9.906
8.610
7.508
8.619
8.608
9.510
7.607
9.308
9.500
7.910
9.008
8.113
9.804
9.908
8.810
7.923
9.636
9.408
7.508
8.907
9.109
8.809
9.108
9.114
7.902
7.806
8.108
7.815
8.509
8.509
10.007
8.509
9.809
7.607
9.609
8.390
9.608
9.709
7.707
9.208
7.608
9.408
9.809
7.507
9.408
8.765
8.204
8.907
8.208
8.208
8.008
9.910
9.705
9.609
8.908
7.506
9.909
9.706
8.008
8.308
8.107
8.007
9.408
8.008
8.108
9.014
8.806
7.908
8.808
9.209
9.808
9.121
8.610
9.589
9.309
7.907
8.308
10.009
9.607
9.007
8.309
7.506
8.810
8.007
9.610
7.806
8.210
9.706
7.609
8.709
8.110
8.207
9.408
10.008
8.914
7.708
9.108
7.695
8.114
7.805
9.408
7.806
9.610
8.105
10.009
8.807
8.708
8.208
8.808
8.209
9.908
9.808
8.408
8.919
7.707
8.208
9.208
8.608
7.807
9.607
9.909
8.416
7.909
9.206
8.609
9.411
9.605
7.806
9.506
7.807
8.308
9.008
8.309
7.817
9.851
8.208
9.108
8.509
9.107
8.008
9.408
9.009
7.807
8.009
7.806
8.208
8.705
9.714
9.404
9.007
9.209
9.407
7.518
9.912
8.703
8.609
9.208
8.307
8.908
8.809
8.607
9.706
7.810
9.509
10.008
7.708
7.810
9.305
8.908
9.510
9.807
8.309
8.608
7.707
8.808
9.121
8.509
7.606
8.909
8.008
9.118
8.312
9.904
9.108
8.108
8.712
7.929
9.858
9.609
9.315
8.508
8.308
9.208
9.008
7.909
9.106
9.508
8.209
8.507
8.308
7.842
8.393
9.308
9.107
8.509
8.207
8.108
9.709
8.308
9.854
7.808
9.962
8.009
7.807
9.209
8.809
9.108
9.608
8.509
8.507
9.009
9.706
9.508
8.109
8.908
9.953
10.009
8.308
8.200
8.408
9.107
8.609
9.207
8.409
7.707
7.908
9.163
8.313
7.704
10.009
8.212
8.113
10.007
8.707
8.407
9.308
10.009
10.010
9.013
8.604
8.709
8.007
8.507
8.119
8.810
9.906
8.210
8.709
8.115
9.008
9.788
9.907
7.569
9.008
8.443
7.712
9.602
7.506
8.809
9.911
7.605
9.510
8.120
7.707
8.209
9.008
9.808
8.309
9.209
8.785
9.707
8.007
9.409
8.119
8.807
8.209
7.909
9.505
9.408
8.507
8.407
9.208
8.510
8.511
8.402
9.510
8.906
8.118
9.707
7.606
8.109
10.007
9.707
8.708
7.810
8.007
7.977
7.606
9.008
9.809
9.009
8.607
7.813
8.307
9.210
9.208
9.006
9.608
8.708
8.608
8.206
9.811
7.906
9.509
8.409
9.010
8.907
9.906
9.708
8.507
7.609
7.907
8.611
10.012
9.207
8.912
8.104
9.809
9.208
9.710
9.508
8.109
8.408
9.907
8.908
7.609
9.079
8.108
9.909
7.811
9.404
8.310
7.814
10.018
7.706
8.751
9.010
9.306
8.708
8.899
7.916
9.107
9.210
9.010
9.006
8.508
8.007
9.709
8.208
9.708
9.523
7.612
7.705
7.816
7.607
9.408
8.109
9.413
10.005
8.009
9.708
9.307
9.018
7.607
9.204
9.406
9.108
8.308
8.608
7.907
9.609
9.209
9.508
9.008
8.310
8.707
10.008
8.807
8.509
8.208
8.508
7.907
8.532
8.934
8.209
8.712
8.205
9.108
8.050
8.108
9.809
7.807
7.506
8.710
8.008
9.507
8.208
9.610
7.707
9.507
10.008
7.507
8.609
9.707
9.008
9.410
8.308
8.936
8.109
9.310
9.606
9.308
9.908
8.314
8.206
8.007
9.510
8.909
9.811
7.609
9.812
9.508
8.106
9.821
8.109
8.808
9.207
8.810
8.507
9.709
8.208
8.709
9.707
9.510
8.309
8.808
8.809
9.308
7.608
9.708
8.509
10.008
9.108
8.307
8.207
10.009
9.008
7.809
8.908
8.808
8.108
8.809
8.207
8.709
8.508
9.213
7.709
7.910
8.009
8.708
7.707
9.009
9.908
9.908
8.409
8.309
8.807
10.008
7.508
8.912
9.603
8.709
8.806
8.808
9.706
9.709
8.810
8.906
10.009
7.807
7.608
8.210
9.106
8.510
9.707
7.709
7.706
9.907
8.307
8.309
8.506
8.508
10.007
8.609
8.507
8.306
9.614
9.803
8.208
9.708
8.906
7.907
8.508
7.809
9.308
8.209
7.508
8.208
9.610
7.607
8.568
9.909
8.409
7.707
8.509
8.206
7.907
8.809
8.007
8.809
9.807
9.206
10.010
9.709
7.909
8.505
8.108
7.508
8.408
8.911
9.706
9.807
9.511
8.113
7.606
8.761
9.017
7.614
9.409
8.557
7.908
8.007
8.310
9.007
8.207
9.609
9.711
8.706
8.308
7.609
7.607
8.208
9.408
7.508
8.008
10.008
8.707
8.626
10.008
9.796
10.008
9.808
9.608
9.708
8.107
9.708
8.309
9.652
10.007
7.907
8.110
7.907
8.609
9.106
9.408
9.408
8.607
9.111
8.208
9.608
9.409
8.556
7.906
8.908
8.708
8.407
8.908
10.009
9.608
8.902
9.809
9.711
8.840
9.498
9.311
9.406
9.303
7.807
8.908
9.312
8.405
9.709
9.908
9.506
9.008
9.512
9.007
7.508
8.710
9.708
9.912
8.009
8.307
7.803
9.707
9.609
8.707
8.510
9.507
8.407
10.009
9.408
8.008
8.708
8.906
7.507
8.008
8.108
7.815
9.706
10.007
8.708
9.309
10.006
8.309
8.208
9.409
9.910
8.505
8.011
9.788
8.315
8.815
8.012
8.707
8.407
7.507
7.569
9.406
9.708
8.411
9.511
9.008
9.004
8.409
7.909
9.006
9.119
8.610
9.508
8.708
8.780
8.109
8.080
8.809
8.908
8.908
8.208
8.908
9.918
8.909
8.609
8.309
7.606
9.115
9.605
8.509
9.108
9.607
8.007
8.708
8.009
7.769
7.803
9.707
8.611
8.207
8.806
7.609
9.507
8.207
8.909
8.309
9.008
9.607
9.707
8.068
8.407
8.007
9.507
8.306
9.409
8.008
9.109
9.607
9.608
8.807
8.009
8.808
8.408
8.807
10.008
9.107
9.009
7.906
8.710
7.507
8.806
7.609
7.807
8.308
8.307
9.481
9.305
9.809
8.907
9.107
7.999
9.907
9.610
9.908
8.306
9.207
8.007
7.508
8.706
7.709
8.906
9.408
9.010
10.006
8.109
9.113
9.007
9.806
9.708
7.807
10.007
8.509
7.906
7.808
9.528
8.906
9.715
8.904
8.809
8.808
8.009
9.207
8.810
7.706
9.312
9.808
9.405
9.809
9.808
8.207
7.714
8.815
7.613
9.405
8.909
8.408
8.803
7.861
8.409
8.308
8.312
8.308
9.307
8.910
8.808
8.906
7.707
8.707
7.809
9.008
10.008
8.509
8.208
8.906
8.797
7.609
8.610
8.104
9.911
8.508
9.010
7.708
9.907
9.108
9.706
8.708
7.708
8.369
9.308
8.606
9.109
7.708
9.610
8.622
9.207
8.406
10.008
9.408
9.609
7.908
8.609
9.712
8.907
9.509
8.507
7.809
9.607
9.608
8.609
9.406
8.009
7.608
9.711
8.008
9.209
9.508
9.507
9.611
7.708
8.907
8.108
9.508
9.110
7.612
8.208
8.409
8.707
8.408
8.009
8.206
8.809
9.108
8.007
7.909
8.512
9.008
8.208
8.008
8.804
9.307
7.508
9.508
9.307
9.909
7.608
8.609
9.308
9.608
8.108
9.707
8.619
8.967
9.207
7.708
9.108
9.908
8.808
7.914
8.208
9.308
8.708
9.812
8.307
9.425
7.603
9.509
8.411
8.305
10.016
9.808
7.511
7.508
9.209
9.306
7.515
9.406
7.962
9.408
9.108
8.708
9.207
7.709
8.177
7.746
8.106
9.216
8.401
9.407
9.807
9.307
8.709
8.411
9.008
9.761
7.809
9.361
9.209
8.908
7.508
9.108
8.609
7.709
9.308
8.022
9.807
9.609
9.906
7.609
9.107
8.909
8.809
8.207
9.158
8.908
9.307
9.910
8.208
7.608
9.308
8.008
9.610
8.109
9.109
8.607
7.805
9.609
8.009
9.608
8.607
8.107
8.909
9.807
8.509
8.108
7.708
8.305
7.815
7.709
8.506
9.409
9.307
9.908
7.707
8.661
8.908
9.409
8.407
9.907
9.709
7.606
8.009
9.263
8.208
9.805
7.909
8.707
9.611
8.513
8.209
8.106
9.309
9.608
8.010
7.707
7.908
8.406
8.509
8.409
8.607
9.510
7.807
7.907
9.507
7.908
9.007
8.609
10.008
7.507
8.607
9.615
7.707
9.395
8.717
8.709
9.008
9.412
10.005
8.505
7.809
8.409
9.206
9.608
8.169
10.011
10.007
8.708
8.307
8.662
9.711
9.606
8.309
10.007
7.607
7.711
8.092
9.302
9.024
7.919
9.410
7.709
7.608
9.808
9.508
9.015
8.309
8.509
8.309
8.508
9.775
8.805
9.434
9.009
8.612
10.007
8.907
8.509
8.914
9.963
9.608
8.510
9.408
7.809
8.408
9.677
8.308
9.120
8.817
10.006
9.806
8.313
7.705
9.808
8.007
9.708
8.911
9.176
8.110
9.806
7.508
8.008
8.709
9.407
9.509
9.807
9.532
8.309
8.207
8.308
8.107
7.908
9.509
7.507
8.308
7.809
9.808
9.309
9.608
8.709
9.207
9.293
9.607
9.408
8.931
7.813
9.123
8.009
9.308
9.908
7.907
9.310
7.807
9.108
8.819
7.510
8.807
8.508
8.311
9.806
9.509
9.210
7.608
9.007
9.407
8.407
9.508
9.108
7.607
9.108
7.909
9.312
8.212
7.605
8.906
9.908
7.907
8.107
7.807
9.707
8.117
8.209
9.207
8.512
9.810
7.909
8.707
8.606
9.107
9.507
8.208
8.609
8.808
8.567
7.509
8.115
9.407
9.508
9.906
9.708
8.509
7.805
9.208
9.507
7.906
8.009
9.307
8.511
8.612
9.611
8.407
9.208
7.907
7.513
7.808
7.659
8.107
9.210
8.907
9.809
8.708
9.906
8.509
10.009
8.308
8.710
8.307
7.906
8.108
8.107
7.511
9.406
8.410
9.408
9.008
9.108
9.905
8.210
7.708
8.606
7.908
8.608
8.007
8.306
8.806
8.508
8.607
9.507
7.707
7.709
9.409
9.171
7.507
8.005
9.211
8.511
9.207
10.015
8.899
10.010
8.104
9.210
9.309
9.207
8.509
8.408
8.407
8.620
9.108
8.707
9.909
9.720
9.809
8.009
8.111
8.604
9.105
9.316
8.210
9.505
9.711
7.506
8.709
9.907
8.009
7.807
8.310
9.906
8.007
10.008
9.808
8.806
9.310
9.306
7.907
7.907
7.610
8.906
9.009
9.508
7.508
9.110
9.107
10.008
9.608
9.808
8.708
8.808
9.310
9.409
8.506
9.008
9.609
9.610
8.810
7.709
7.607
9.607
7.507
8.309
9.708
9.907
9.608
8.909
9.169
7.606
9.408
9.209
9.208
8.509
8.604
9.407
7.508
7.907
9.408
9.708
7.807
8.012
8.609
9.706
7.608
9.609
8.608
9.712
9.320
10.002
10.008
9.607
9.609
10.008
7.808
9.308
9.808
7.509
8.308
9.009
7.710
7.608
8.408
9.607
8.707
9.708
9.009
8.989
7.507
8.508
8.707
8.008
9.207
9.907
7.612
9.307
9.608
8.907
9.010
9.007
8.909
9.109
8.607
8.542
9.193
9.107
7.908
9.209
9.209
8.709
8.107
9.608
9.108
9.007
9.108
7.707
8.717
8.006
9.308
8.907
9.256
8.009
9.552
8.410
8.009
9.816
7.606
7.509
8.709
9.309
9.205
7.508
8.509
7.708
8.707
7.707
9.407
9.109
9.408
8.709
7.809
10.034
8.209
9.406
9.210
10.007
9.808
7.807
8.011
9.005
9.209
9.920
9.710
8.809
8.207
7.606
8.701
8.610
7.807
10.008
7.809
9.608
10.007
9.108
10.009
8.811
9.307
9.507
7.910
8.606
8.109
8.209
8.721
9.008
7.710
7.807
9.056
7.607
8.309
9.708
9.415
7.708
9.554
9.009
9.007
7.708
9.410
7.507
8.808
9.707
7.608
9.308
9.410
7.606
8.514
9.406
9.009
7.707
8.808
9.407
9.008
9.746
7.809
7.709
8.607
8.311
8.009
7.508
8.407
9.109
9.707
7.708
9.308
9.407
9.510
8.211
9.605
8.707
8.508
8.508
8.408
8.608
7.908
7.907
8.908
9.010
10.004
7.809
9.409
9.006
10.007
8.409
8.606
7.907
8.809
9.941
8.609
9.511
10.009
9.709
8.507
9.809
9.908
7.707
9.110
9.307
8.508
8.808
8.108
9.706
9.808
9.207
8.209
7.908
9.708
9.708
9.608
9.609
7.607
8.908
8.508
7.721
10.087
9.807
8.109
8.708
9.707
9.508
8.210
9.804
9.108
9.208
9.509
9.008
9.507
8.822
8.407
8.108
7.509
9.207
7.708
7.509
8.407
8.606
7.906
8.007
8.410
7.606
7.509
8.809
9.009
8.807
9.007
9.005
8.508
9.708
7.808
8.307
9.310
8.522
8.009
8.311
7.708
7.507
10.007
9.910
8.807
8.507
7.909
9.008
7.707
8.310
9.008
8.609
9.422
9.609
9.108
8.015
9.805
9.308
9.307
8.910
8.211
8.208
8.008
9.308
8.019
8.311
7.803
9.911
9.408
8.309
8.307
9.808
8.508
8.208
9.808
9.916
9.310
7.806
8.909
9.508
8.607
7.908
8.011
8.108
7.622
9.889
8.608
9.908
9.008
8.113
8.709
9.807
9.007
9.408
9.209
9.533
7.602
9.410
9.508
9.709
7.823
7.709
9.609
8.808
8.405
9.308
8.709
7.812
9.605
7.608
9.809
8.307
8.210
7.911
9.210
8.307
7.608
7.998
8.106
9.410
8.508
9.511
9.330
10.005
8.807
8.608
9.607
9.208
8.109
9.209
8.806
8.510
9.406
8.407
9.821
8.007
7.810
8.506
8.536
9.998
8.607
8.508
8.408
9.310
8.906
7.511
7.510
9.406
8.209
8.409
8.806
9.210
8.007
8.061
9.307
9.472
9.309
9.007
8.508
9.907
8.209
10.015
8.308
7.708
8.314
8.307
8.408
8.707
9.308
9.510
8.808
8.008
7.909
9.908
10.009
9.307
7.606
10.013
8.711
8.305
8.507
10.008
10.008
9.107
7.908
9.407
8.607
9.709
8.309
9.810
9.913
8.996
9.709
8.006
9.310
8.207
8.808
7.607
9.607
8.208
9.807
8.314
8.706
7.606
8.306
8.608
9.708
8.408
8.808
8.306
9.209
10.009
8.309
9.307
9.260
8.910
8.609
7.710
8.806
9.507
10.008
8.508
8.608
9.909
9.206
7.851
7.969
8.285
8.207
7.530
8.907
7.908
8.411
7.808
8.308
9.108
8.908
7.909
7.710
7.806
8.714
9.403
7.808
9.707
8.709
9.521
8.609
9.810
10.006
9.910
9.406
9.908
8.316
8.007
9.709
7.610
8.304
7.606
8.310
9.206
7.807
9.808
9.908
8.809
7.510
8.105
7.909
9.107
8.509
8.307
9.506
9.804
7.708
10.008
9.428
8.804
9.611
8.116
8.811
9.504
7.906
8.118
9.609
8.906
8.609
9.409
9.008
9.707
9.810
9.907
9.008
7.511
9.807
8.910
8.907
9.808
9.410
9.508
9.007
7.808
7.708
8.620
7.710
7.808
8.508
9.808
9.413
8.104
7.808
8.106
7.509
8.408
8.707
9.611
10.032
7.505
9.010
9.116
9.777
8.705
8.910
8.606
8.708
8.808
10.007
7.518
8.709
9.512
9.705
7.708
9.906
9.908
8.811
7.708
7.711
9.906
7.606
9.609
8.107
7.908
7.905
8.109
9.010
9.009
7.917
9.104
9.008
9.611
8.111
8.811
8.208
9.608
10.008
9.609
8.510
7.508
9.908
9.810
9.510
9.511
10.006
9.523
9.593
8.917
9.708
9.805
8.708
9.811
9.506
9.505
7.810
9.817
7.602
9.540
8.907
8.297
8.508
8.107
7.709
9.207
9.408
8.651
8.898
9.537
8.299
9.909
9.508
8.412
9.608
9.207
7.809
9.710
8.609
7.507
8.608
8.308
9.809
10.022
8.208
9.408
9.509
8.633
9.303
9.811
8.206
8.109
7.907
9.310
8.906
8.309
8.489
8.308
9.408
10.007
7.710
7.809
9.817
10.008
8.708
9.608
9.109
9.208
9.208
7.608
9.207
7.707
8.609
9.111
7.709
9.407
8.408
9.909
8.108
7.807
9.607
8.808
8.608
10.007
8.210
7.509
8.451
9.308
8.308
7.711
9.208
8.708
8.206
9.210
8.606
9.408
8.909
7.808
8.507
8.007
8.006
7.810
8.506
9.307
9.407
8.908
8.808
7.907
8.709
9.611
8.205
8.229
8.607
9.409
8.306
9.308
9.609
9.208
8.809
7.806
9.608
7.907
9.232
7.701
9.810
8.009
9.906
8.609
8.311
8.505
9.408
9.009
8.908
7.810
8.311
8.208
9.409
9.808
8.909
8.208
9.461
9.609
9.108
7.908
9.199
9.955
9.908
8.609
9.208
8.609
9.106
8.909
9.107
8.307
9.309
9.007
9.012
9.104
7.810
9.819
7.836
9.702
8.808
9.208
7.608
9.809
7.508
9.709
9.508
8.911
7.807
9.008
8.707
9.408
9.408
7.906
9.408
9.309
9.132
8.503
7.808
8.307
7.541
9.609
9.309
9.307
8.608
8.206
8.620
8.900
8.008
8.909
8.707
9.508
8.208
9.008
9.405
8.208
8.607
8.809
9.909
8.907
7.808
8.506
8.207
9.909
8.907
7.514
9.107
8.107
8.716
9.708
9.208
8.907
9.209
8.410
8.305
7.910
9.407
9.610
9.507
7.509
8.407
8.109
9.508
9.306
9.806
8.809
7.508
8.307
7.708
7.508
9.708
8.248
8.509
8.007
8.108
7.508
8.219
9.909
8.410
9.605
9.511
7.707
8.409
8.707
8.608
9.308
9.109
8.108
8.808
8.806
8.109
10.007
9.607
7.707
9.207
9.472
9.007
9.407
7.608
9.508
9.406
7.512
7.609
8.006
8.009
8.406
8.308
9.009
8.307
9.209
8.506
7.709
9.409
9.507
9.107
8.109
8.908
8.411
8.806
7.608
9.710
9.606
7.707
9.208
9.908
9.709
8.506
9.008
9.006
8.932
8.407
8.620
8.909
8.806
9.107
9.608
9.907
9.908
8.507
8.108
9.206
9.609
8.607
8.707
9.008
7.609
9.406
8.007
8.711
8.306
8.308
8.308
8.006
8.613
7.705
7.809
8.207
8.914
9.627
9.909
7.706
8.129
8.404
9.306
9.414
7.714
8.909
9.310
7.706
9.945
7.502
9.704
9.610
8.611
8.308
8.707
9.010
7.809
9.210
7.607
8.809
7.506
8.709
9.409
8.607
8.907
9.922
9.502
7.706
9.411
9.504
8.214
7.506
8.112
10.008
9.611
8.306
9.011
9.006
8.708
9.108
9.108
8.308
8.610
7.606
9.407
9.908
9.307
9.707
9.008
9.509
8.707
9.207
8.107
8.209
7.913
9.508
8.010
9.974
9.906
7.613
9.406
8.207
7.609
10.007
8.406
9.909
8.408
9.928
8.908
9.808
8.962
7.905
8.108
7.506
8.211
10.055
9.914
7.512
9.807
9.007
9.711
8.605
8.210
7.706
9.312
8.604
9.915
9.909
8.706
9.907
10.007
8.208
8.109
7.707
8.307
9.008
7.509
9.208
9.011
8.908
8.906
7.945
9.508
9.708
8.109
7.908
9.809
7.906
8.109
9.807
9.609
7.707
8.307
7.907
8.108
7.608
9.308
8.108
7.608
7.908
7.906
7.511
8.808
8.705
7.908
9.609
7.807
7.907
8.910
9.409
9.613
7.906
10.007
9.206
7.608
8.009
9.608
7.514
8.617
7.608
9.807
8.109
7.808
8.306
8.808
8.407
8.407
8.008
9.296
8.515
8.609
9.707
8.708
9.908
8.508
9.310
9.407
8.907
9.793
8.207
8.408
9.408
8.609
8.306
8.608
8.907
9.009
8.305
9.008
7.568
8.532
8.902
8.308
9.007
9.708
9.607
7.611
8.272
7.507
9.306
9.411
8.805
8.907
8.059
8.608
10.008
9.809
7.908
9.007
9.707
8.811
9.910
9.206
10.008
8.324
7.910
9.009
9.809
8.821
7.911
9.808
9.810
9.408
8.206
8.709
9.207
7.807
8.810
10.010
8.006
8.110
9.306
9.407
9.707
7.508
8.192
9.807
10.007
8.610
8.904
9.808
9.908
8.907
9.008
10.009
9.708
9.606
9.008
9.608
8.306
9.608
9.508
8.208
9.108
7.706
9.507
8.312
8.213
8.409
8.407
8.908
9.206
7.808
8.408
9.107
7.810
9.107
8.806
8.087
7.913
7.703
7.709
7.808
9.308
9.407
7.806
9.008
9.006
9.509
8.810
10.013
9.305
8.207
8.208
8.309
8.613
7.807
9.308
9.309
8.707
7.807
8.307
8.108
8.108
9.307
9.708
8.710
8.352
8.608
9.208
8.807
8.807
9.609
9.106
8.399
9.005
9.609
9.808
8.108
9.009
8.678
8.002
8.406
9.308
8.709
9.207
8.007
9.207
8.628
9.989
7.906
8.908
8.308
8.508
9.508
7.508
8.308
8.306
8.507
9.408
10.007
9.807
8.407
9.608
9.008
9.208
8.724
8.609
9.117
9.507
7.708
7.607
10.008
8.610
9.709
8.904
7.909
7.610
8.005
9.008
7.606
8.657
8.000
8.608
9.809
7.706
8.607
8.008
8.508
9.807
7.609
8.508
9.707
8.508
8.258
8.609
7.606
9.609
9.707
9.406
9.009
7.607
9.527
9.100
8.711
9.306
7.906
9.209
9.509
8.707
8.307
9.809
10.008
8.908
8.307
9.808
9.107
9.608
7.907
7.708
9.509
8.008
8.707
9.108
9.008
9.607
7.705
9.308
9.117
7.510
8.609
8.209
7.608
8.305
9.908
8.807
7.507
7.908
8.106
9.518
9.109
9.209
9.415
9.108
8.207
7.806
9.008
9.807
9.907
9.428
10.025
9.313
10.009
8.914
8.527
9.103
8.602
8.733
8.407
7.906
8.908
9.707
8.609
9.008
7.909
8.611
7.903
8.008
9.107
8.806
7.609
8.308
7.907
9.606
9.910
8.606
7.508
9.006
8.514
10.007
8.407
8.610
9.500
8.507
7.608
7.907
7.508
8.807
9.308
8.608
9.407
8.108
8.507
8.125
9.808
8.908
9.308
7.807
9.608
8.323
9.308
9.810
9.106
9.706
9.506
9.208
8.407
9.507
8.307
9.607
9.606
9.209
8.408
9.206
7.808
8.511
9.810
8.107
10.007
9.012
9.411
9.308
9.807
7.838
10.007
9.706
9.507
9.208
7.609
9.007
7.608
9.508
8.908
9.408
9.307
8.312
8.710
7.907
8.009
9.610
10.012
7.707
8.907
8.309
9.406
9.309
9.609
9.114
9.906
9.508
8.207
9.409
9.007
8.107
9.831
9.107
7.708
9.211
8.405
7.911
8.107
8.508
9.908
9.608
8.007
9.308
8.009
9.307
9.709
8.707
9.009
9.706
9.008
7.807
8.109
8.308
9.605
7.610
7.607
9.608
9.908
8.511
9.060
9.006
9.209
8.912
8.009
9.408
8.007
8.907
10.007
8.807
7.507
10.007
8.508
8.009
9.306
9.108
10.008
8.921
7.709
8.907
8.708
9.208
9.308
9.610
7.705
9.008
9.707
8.007
8.809
9.708
9.055
7.909
8.606
8.107
9.309
9.310
7.705
10.009
8.307
7.808
8.908
8.306
7.808
10.008
9.108
9.807
9.008
9.208
8.806
9.485
8.044
7.506
8.610
7.512
9.607
9.006
9.209
9.407
9.507
7.911
9.305
8.407
8.582
8.006
9.310
7.905
9.910
9.505
8.007
8.310
10.010
9.505
9.208
7.716
9.411
8.406
7.608
8.311
7.504
9.007
7.610
8.308
9.208
8.907
8.313
8.909
7.811
7.505
8.407
10.007
8.108
7.669
8.718
9.314
8.408
7.810
9.806
8.410
10.050
7.808
9.222
9.906
9.806
8.509
7.811
9.152
9.407
7.908
7.508
9.708
9.608
7.809
7.907
8.907
9.308
9.108
7.707
9.808
9.011
8.707
10.004
9.812
9.005
8.507
9.109
9.908
9.007
8.932
8.201
9.109
9.406
10.008
9.106
9.108
8.608
9.407
8.308
8.207
7.509
8.405
7.808
9.809
8.807
8.408
8.708
8.018
9.908
9.108
8.007
9.009
7.706
7.910
8.809
9.539
9.100
8.007
9.308
8.206
9.607
7.707
9.839
8.906
7.810
9.007
8.108
8.909
8.608
8.906
9.608
8.825
9.909
7.506
8.509
8.707
8.506
9.907
9.407
8.509
9.006
7.510
7.507
9.407
8.109
9.007
8.807
9.709
9.709
8.307
8.009
9.310
8.545
7.909
8.109
8.809
9.508
9.008
7.807
8.009
7.806
10.008
9.507
7.907
7.607
7.909
9.308
8.609
8.006
8.607
9.908
9.509
8.911
7.507
9.006
9.520
9.208
7.808
9.407
8.832
8.608
9.907
8.207
9.812
8.010
9.108
8.507
10.007
8.008
9.008
8.106
8.509
8.908
7.707
8.908
9.111
8.114
8.107
7.807
8.809
9.610
7.804
8.209
8.306
7.808
9.809
7.706
9.509
7.708
9.811
8.508
9.007
9.706
9.207
8.708
7.806
8.212
9.906
7.706
8.708
8.809
8.506
9.808
7.921
8.707
8.809
9.706
9.612
9.508
10.010
8.326
9.110
7.808
9.207
9.985
8.307
9.107
7.710
8.006
9.507
7.509
9.038
8.406
9.910
8.106
9.607
7.610
8.909
9.607
8.008
7.707
8.407
9.208
7.610
8.808
7.807
9.006
8.408
10.009
8.607
8.507
8.407
7.607
9.009
7.808
10.008
9.907
9.633
7.799
8.010
9.110
7.805
9.511
10.006
7.606
7.509
9.807
7.712
9.108
9.308
8.207
9.609
7.807
9.909
9.708
9.107
7.808
8.811
7.605
8.011
9.909
8.707
9.109
10.007
7.811
9.408
7.508
7.807
9.006
8.003
8.310
8.207
8.295
7.811
8.111
8.609
8.008
8.010
9.009
9.807
9.904
10.010
9.507
7.668
10.006
9.264
9.509
7.808
8.108
9.607
8.509
8.007
8.405
7.710
7.907
9.009
9.908
8.005
9.307
9.009
8.408
7.805
9.709
9.307
8.208
7.706
7.845
8.709
8.308
9.606
8.707
8.309
9.508
8.110
8.605
9.407
10.012
8.008
9.908
8.107
7.808
8.409
8.662
8.915
8.809
9.207
7.809
8.607
9.709
9.907
7.508
8.208
7.608
9.707
7.803
8.307
7.513
8.207
9.807
8.506
7.706
8.609
9.507
9.708
9.405
8.108
9.139
9.410
8.806
8.909
7.606
9.108
10.007
8.909
8.208
8.707
8.008
8.709
9.808
7.907
8.709
10.006
8.808
9.008
9.608
9.008
7.507
9.809
9.806
9.810
8.307
7.608
8.505
7.709
10.000
7.810
8.506
8.911
9.906
9.907
7.907
10.009
9.107
7.809
9.007
10.099
9.205
9.681
8.707
9.109
7.607
9.910
9.006
8.936
8.907
8.708
8.110
8.907
8.513
8.009
8.810
9.506
8.108
10.007
9.911
8.106
7.707
8.496
9.709
7.606
8.411
7.616
7.708
10.009
8.110
9.507
10.008
9.908
9.006
8.809
8.996
9.368
8.807
8.109
8.307
7.808
9.307
9.107
9.428
7.708
9.609
8.105
9.708
7.905
8.207
9.606
8.508
8.506
8.119
8.407
8.809
9.006
8.506
9.209
9.107
9.309
8.606
9.007
9.310
7.708
7.907
8.209
9.510
9.303
8.809
8.007
9.608
8.206
9.608
9.008
8.508
9.408
9.847
8.308
9.809
8.058
8.009
8.407
9.208
8.704
9.309
7.910
7.508
7.906
9.808
9.209
10.008
8.408
8.310
9.210
8.603
9.008
7.508
8.306
8.207
