0.00905991
0.0119209
0.0128746
0.015974
0.0200272
0.0200272
0.0200272
0.0219345
0.0221729
0.0240803
0.025034
0.025034
0.0269413
0.0269413
0.0271797
0.027895
0.0300407
0.0309944
0.0319481
0.0329018
0.0329018
0.0348091
0.0379086
0.038147
0.332117
0.343084
0.344038
0.348091
0.354052
0.362873
0.364065
0.369072
0.372887
0.375032
1.35493
1.36304
1.36399
2.35701
5.19204
5.30005
5.33485
5.38707
5.48697
5.57303
5.75209
5.99504
5.99504
5.99599
5.99599
5.9979
5.99813
5.99909
6.001
6.001
6.001
6.01292
6.01292
6.02221
6.03604
6.07204
6.13904
6.145
6.17003
6.19507
6.20699
6.2201
6.23178
6.26802
6.30403
6.42991
6.44302
6.47211
6.47283
6.48808
6.52289
6.54602
6.54602
6.56605
6.58512
6.598
6.62017
6.65498
6.68001
6.71721
6.72817
6.74891
6.75607
6.76107
6.76608
6.77204
6.78205
6.78802
6.79088
6.79302
6.79994
6.82497
6.83999
6.85191
6.85906
6.87599
6.8841
6.88481
6.90198
6.90389
6.92606
6.99091
6.99186
6.99615
6.99711
7.00021
7.01213
7.02
7.02095
7.02715
7.03406
7.03907
7.05099
7.05194
7.05314
7.06196
7.128
7.12895
7.12919
7.13086
7.13611
7.14016
7.14588
7.15089
7.1578
7.16186
7.18117
7.19523
7.20191
7.20501
7.21717
7.22218
7.24506
7.24602
7.25484
7.25889
7.26414
7.26604
7.26986
7.27892
7.27916
7.29012
7.30109
7.31993
7.32303
7.32899
7.32994
7.33089
7.33399
7.34806
7.35188
7.35712
7.37596
7.37691
7.37691
7.3781
7.38907
7.39384
7.43294
7.44319
7.447
7.44796
7.44796
7.45106
7.45296
7.45392
7.45606
7.45678
7.45702
7.45702
7.45797
7.45893
7.45893
7.45988
7.46012
7.46083
7.46107
7.46179
7.46202
7.46298
7.46298
7.46298
7.46298
7.46322
7.46322
7.46393
7.46512
7.46584
7.46608
7.46608
7.46703
7.46703
7.46703
7.46703
7.46703
7.46703
7.46703
7.46703
7.46799
7.46799
7.46799
7.46799
7.46822
7.46894
7.46894
7.46894
7.46894
7.46918
7.46918
7.46989
7.46989
7.46989
7.46989
7.46989
7.47013
7.47013
7.47013
7.47013
7.47013
7.47013
7.47085
7.47085
7.47108
7.47108
7.47108
7.47108
7.47108
7.47108
7.47108
7.47108
7.47108
7.4718
7.47204
7.47204
7.47204
7.47204
7.47204
7.47204
7.47204
7.47204
7.47299
7.47299
7.47299
7.47299
7.47299
7.47299
7.47299
7.47299
7.47299
7.47299
7.47395
7.47395
7.47395
7.47395
7.47395
7.47395
7.47395
7.47395
7.47395
7.47418
7.47418
7.47418
7.47418
7.4749
7.4749
7.4749
7.4749
7.4749
7.4749
7.47514
7.47514
7.47514
7.47514
7.47514
7.47585
7.47585
7.47609
7.47609
7.47609
7.47609
7.47609
7.47609
7.47609
7.47609
7.47609
7.47609
7.47609
7.47609
7.47681
7.47705
7.47705
7.47705
7.47705
7.47705
7.47705
7.47705
7.47705
7.478
7.478
7.478
7.478
7.478
7.478
7.478
7.47895
7.47895
7.47895
7.47895
7.47895
7.47895
7.47895
7.47895
7.47895
7.47991
7.48014
7.48014
7.48086
7.4811
7.4811
7.4811
7.4811
7.4811
7.4811
7.4811
7.48181
7.48181
7.48205
7.48205
7.48205
7.48205
7.48205
7.48301
7.48301
7.48301
7.48301
7.48301
7.48301
7.48301
7.48396
7.48396
7.4842
7.4842
7.48491
7.48491
7.48491
7.48515
7.48515
7.48515
7.48587
7.4861
7.4861
7.4861
7.4861
7.48706
7.48706
7.48801
7.48801
7.48801
7.48801
7.48801
7.48801
7.48801
7.48801
7.48801
7.48897
7.48897
7.48897
7.48897
7.48897
7.48897
7.48992
7.48992
7.48992
7.48992
7.49087
7.49087
7.49111
7.49111
7.49111
7.49183
7.49183
7.49183
7.49183
7.49207
7.49207
7.49207
7.49207
7.49278
7.49302
7.49302
7.49302
7.49302
7.49302
7.49302
7.49302
7.49302
7.49397
7.49397
7.49397
7.49397
7.49397
7.49397
7.49397
7.49397
7.49493
7.49493
7.49493
7.49493
7.49493
7.49516
7.49588
7.49588
7.49588
7.49588
7.49588
7.49612
7.49612
7.49612
7.49612
7.49612
7.49612
7.49612
7.49683
7.49683
7.49707
7.49707
7.49707
7.49707
7.49707
7.49707
7.49707
7.49707
7.49707
7.49707
7.49779
7.49779
7.49779
7.49779
7.49803
7.49803
7.49803
7.49803
7.49803
7.49803
7.49803
7.49803
7.49803
7.49803
7.49803
7.49803
7.49803
7.49803
7.49803
7.49803
7.49803
7.49803
7.49803
7.49803
7.49898
7.49898
7.49898
7.49898
7.49898
7.49898
7.49898
7.49898
7.49898
7.49898
7.49898
7.49898
7.49898
7.49898
7.49898
7.49898
7.49898
7.49898
7.49898
7.49898
7.49922
7.49922
7.49993
7.49993
7.49993
7.49993
7.49993
7.49993
7.49993
7.49993
7.49993
7.49993
7.49993
7.49993
7.49993
7.49993
7.49993
7.49993
7.50017
7.50017
7.50017
7.50017
7.50017
7.50017
7.50089
7.50089
7.50089
7.50089
7.50089
7.50089
7.50089
7.50089
7.50089
7.50113
7.50113
7.50113
7.50113
7.50113
7.50113
7.50113
7.50113
7.50113
7.50113
7.50113
7.50113
7.50184
7.50184
7.50184
7.50184
7.50184
7.50184
7.50184
7.50184
7.50184
7.50184
7.50184
7.50184
7.50208
7.50208
7.50208
7.50208
7.50208
7.50208
7.50208
7.50208
7.50208
7.50208
7.50208
7.50208
7.50208
7.50208
7.50208
7.50208
7.50208
7.50208
7.50208
7.50208
7.50279
7.50279
7.50279
7.50279
7.50303
7.50303
7.50303
7.50303
7.50303
7.50303
7.50303
7.50303
7.50303
7.50303
7.50303
7.50303
7.50303
7.50303
7.50303
7.50303
7.50303
7.50303
7.50303
7.50303
7.50303
7.50303
7.50303
7.50303
7.50303
7.50303
7.50303
7.50303
7.50303
7.50303
7.50303
7.50303
7.50399
7.50399
7.50399
7.50399
7.50399
7.50399
7.50399
7.50399
7.50399
7.50399
7.50399
7.50399
7.50399
7.50399
7.50399
7.50399
7.50399
7.50399
7.50399
7.50399
7.50399
7.50399
7.50399
7.50399
7.50399
7.50399
7.50399
7.50399
7.50399
7.50399
7.50399
7.50399
7.50399
7.50399
7.50399
7.50399
7.50399
7.50399
7.50399
7.50399
7.50422
7.50422
7.50422
7.50422
7.50494
7.50494
7.50494
7.50494
7.50494
7.50494
7.50494
7.50494
7.50494
7.50494
7.50494
7.50494
7.50494
7.50494
7.50494
7.50494
7.50494
7.50494
7.50494
7.50494
7.50494
7.50494
7.50494
7.50494
7.50494
7.50494
7.50494
7.50494
7.50494
7.50494
7.50494
7.50494
7.50494
7.50494
7.50494
7.50494
7.50494
7.50494
7.50494
7.50518
7.50518
7.50518
7.50518
7.50518
7.50518
7.50518
7.50518
7.50518
7.50518
7.50518
7.50518
7.50518
7.50518
7.50518
7.50518
7.50589
7.50589
7.50589
7.50589
7.50589
7.50589
7.50589
7.50589
7.50589
7.50589
7.50589
7.50589
7.50589
7.50589
7.50589
7.50589
7.50589
7.50589
7.50589
7.50589
7.50589
7.50589
7.50589
7.50589
7.50589
7.50589
7.50589
7.50589
7.50589
7.50589
7.50589
7.50589
7.50589
7.50589
7.50589
7.50589
7.50589
7.50589
7.50589
7.50589
7.50589
7.50589
7.50613
7.50613
7.50613
7.50613
7.50613
7.50613
7.50613
7.50613
7.50613
7.50613
7.50613
7.50613
7.50613
7.50613
7.50613
7.50613
7.50613
7.50613
7.50613
7.50613
7.50613
7.50613
7.50613
7.50613
7.50613
7.50613
7.50613
7.50613
7.50613
7.50613
7.50613
7.50613
7.50613
7.50613
7.50613
7.50613
7.50613
7.50613
7.50613
7.50613
7.50613
7.50685
7.50685
7.50685
7.50685
7.50685
7.50685
7.50685
7.50685
7.50685
7.50685
7.50685
7.50685
7.50685
7.50685
7.50685
7.50685
7.50685
7.50685
7.50685
7.50685
7.50685
7.50685
7.50685
7.50685
7.50685
7.50685
7.50685
7.50685
7.50685
7.50685
7.50685
7.50685
7.50685
7.50685
7.50685
7.50685
7.50685
7.50685
7.50685
7.50685
7.50685
7.50685
7.50709
7.50709
7.50709
7.50709
7.50709
7.50709
7.50709
7.50709
7.50709
7.50709
7.50709
7.50709
7.50709
7.50709
7.50709
7.50709
7.50709
7.50709
7.50709
7.50709
7.50709
7.50709
7.50709
7.50709
7.50709
7.50709
7.50709
7.50709
7.50709
7.50709
7.50709
7.50709
7.50709
7.50709
7.50709
7.50709
7.50709
7.50709
7.50709
7.50709
7.50709
7.50709
7.50709
7.50709
7.50709
7.50709
7.50709
7.50709
7.50709
7.50709
7.50709
7.50709
7.50709
7.50709
7.50709
7.50709
7.5078
7.5078
7.5078
7.5078
7.5078
7.5078
7.5078
7.5078
7.5078
7.5078
7.50804
7.50804
7.50804
7.50804
7.50804
7.50804
7.50804
7.50804
7.50804
7.50804
7.50804
7.50804
7.50804
7.50804
7.50804
7.50804
7.50804
7.50804
7.50804
7.50804
7.50804
7.50804
7.50804
7.50804
7.50804
7.50804
7.50804
7.50804
7.50804
7.50804
7.50804
7.50804
7.50804
7.50804
7.50804
7.50804
7.50804
7.50804
7.50804
7.50804
7.50804
7.50804
7.50804
7.50804
7.50804
7.50804
7.50804
7.50804
7.50804
7.50804
7.50804
7.50804
7.50804
7.50804
7.50804
7.50804
7.50804
7.50804
7.50804
7.50804
7.50804
7.50804
7.50804
7.50804
7.50804
7.50804
7.50804
7.50804
7.50804
7.50804
7.50804
7.50804
7.50804
7.50804
7.50899
7.50899
7.50899
7.50899
7.50899
7.50899
7.50899
7.50899
7.50899
7.50899
7.50899
7.50899
7.50899
7.50899
7.50899
7.50899
7.50899
7.50899
7.50899
7.50899
7.50899
7.50899
7.50899
7.50899
7.50899
7.50899
7.50899
7.50899
7.50899
7.50899
7.50899
7.50899
7.50899
7.50899
7.50899
7.50899
7.50899
7.50899
7.50899
7.50899
7.50899
7.50899
7.50899
7.50899
7.50899
7.50899
7.50899
7.50899
7.50899
7.50899
7.50899
7.50899
7.50899
7.50899
7.50899
7.50899
7.50899
7.50899
7.50899
7.50899
7.50923
7.50923
7.50995
7.50995
7.50995
7.50995
7.50995
7.50995
7.50995
7.50995
7.50995
7.50995
7.50995
7.50995
7.50995
7.50995
7.50995
7.50995
7.50995
7.50995
7.50995
7.50995
7.50995
7.50995
7.50995
7.50995
7.50995
7.50995
7.50995
7.50995
7.50995
7.50995
7.50995
7.50995
7.50995
7.50995
7.50995
7.50995
7.50995
7.50995
7.50995
7.50995
7.50995
7.50995
7.50995
7.50995
7.50995
7.50995
7.51019
7.51019
7.51019
7.51019
7.51019
7.51019
7.51019
7.51019
7.51019
7.51019
7.5109
7.5109
7.5109
7.5109
7.5109
7.5109
7.5109
7.5109
7.5109
7.5109
7.5109
7.5109
7.5109
7.5109
7.5109
7.5109
7.5109
7.5109
7.5109
7.5109
7.5109
7.5109
7.5109
7.5109
7.5109
7.5109
7.5109
7.5109
7.5109
7.5109
7.51114
7.51114
7.51114
7.51114
7.51114
7.51114
7.51114
7.51114
7.51114
7.51114
7.51114
7.51114
7.51114
7.51114
7.51114
7.51114
7.51114
7.51114
7.51114
7.51185
7.51185
7.51185
7.51185
7.51185
7.51185
7.51185
7.51185
7.51185
7.51185
7.51185
7.51185
7.51185
7.51185
7.51185
7.51185
7.51209
7.51209
7.51209
7.51209
7.51209
7.51209
7.51209
7.51209
7.51209
7.51209
7.51209
7.51209
7.51209
7.51209
7.51209
7.51209
7.51209
7.51209
7.51209
7.51209
7.51281
7.51281
7.51281
7.51281
7.51281
7.51281
7.51281
7.51281
7.51305
7.51305
7.51305
7.51305
7.51305
7.51305
7.51305
7.51305
7.51305
7.51305
7.51305
7.51305
7.51305
7.51305
7.51305
7.51305
7.51305
7.51305
7.51305
7.51305
7.51305
7.51305
7.51305
7.51305
7.51305
7.51305
7.51305
7.51305
7.51305
7.51305
7.51305
7.514
7.514
7.514
7.514
7.514
7.514
7.514
7.514
7.514
7.514
7.514
7.514
7.514
7.514
7.514
7.514
7.514
7.514
7.51495
7.51495
7.51495
7.51495
7.51495
7.51495
7.51495
7.51495
7.51495
7.51495
7.51495
7.51495
7.51495
7.51495
7.51495
7.51495
7.51495
7.51495
7.51495
7.51495
7.51519
7.51591
7.51591
7.51591
7.51591
7.51591
7.51591
7.51591
7.51591
7.51591
7.51591
7.51591
7.51591
7.51591
7.51591
7.51591
7.51591
7.51591
7.51591
7.51615
7.51615
7.51615
7.51615
7.51686
7.51686
7.51686
7.51686
7.51686
7.51686
7.51686
7.51686
7.51686
7.51686
7.5171
7.5171
7.5171
7.5171
7.5171
7.5171
7.5171
7.51781
7.51781
7.51781
7.51781
7.51781
7.51781
7.51805
7.51805
7.51805
7.51805
7.51805
7.51805
7.51805
7.51805
7.51805
7.51805
7.51901
7.51901
7.51901
7.51901
7.51901
7.51901
7.51901
7.51901
7.51996
7.51996
7.51996
7.51996
7.51996
7.51996
7.51996
7.51996
7.51996
7.51996
7.51996
7.51996
7.5202
7.5202
7.5202
7.5202
7.52091
7.52091
7.52091
7.52091
7.52091
7.52115
7.52115
7.52187
7.52187
7.52187
7.52211
7.52211
7.52211
7.52211
7.52211
7.52282
7.52282
7.52306
7.52306
7.52306
7.52306
7.52401
7.52401
7.52401
7.52401
7.52401
7.52401
7.52401
7.52497
7.52497
7.52497
7.52497
7.52497
7.52497
7.52592
7.52592
7.52616
7.52616
7.52616
7.52616
7.52616
7.52687
7.52687
7.52687
7.52711
7.52711
7.52783
7.52783
7.52783
7.52807
7.52807
7.52807
7.52807
7.52807
7.52807
7.52902
7.52902
7.52902
7.52902
7.52902
7.52902
7.52997
7.52997
7.53093
7.53093
7.53117
7.53117
7.53188
7.53188
7.53188
7.53284
7.53284
7.53307
7.53307
7.53307
7.53403
7.53403
7.53403
7.53403
7.53403
7.53498
7.53498
7.53498
7.53498
7.53498
7.53498
7.53498
7.53498
7.53498
7.53522
7.53593
7.53593
7.53593
7.53593
7.53593
7.53593
7.53593
7.53617
7.53617
7.53617
7.53617
7.53689
7.53689
7.53689
7.53689
7.53689
7.53689
7.53713
7.53713
7.53713
7.53713
7.53713
7.53713
7.53713
7.53784
7.53784
7.53784
7.53808
7.53808
7.53808
7.53808
7.53808
7.53808
7.53808
7.5388
7.5388
7.53903
7.53903
7.53903
7.53903
7.53903
7.53903
7.53903
7.53903
7.53903
7.53903
7.53903
7.53903
7.53903
7.53903
7.53903
7.53999
7.53999
7.53999
7.53999
7.53999
7.53999
7.53999
7.54094
7.54094
7.54094
7.54094
7.54094
7.54094
7.54094
7.54094
7.54094
7.54118
7.54118
7.54118
7.54118
7.54118
7.54118
7.54118
7.54189
7.54189
7.54189
7.54189
7.54189
7.54189
7.54189
7.54213
7.54213
7.54213
7.54213
7.54285
7.54285
7.54285
7.54309
7.54309
7.54309
7.54309
7.54309
7.54309
7.54309
7.54309
7.5438
7.54404
7.54404
7.54404
7.54404
7.54404
7.54404
7.54404
7.54404
7.54499
7.54499
7.54499
7.54499
7.54499
7.54499
7.54499
7.54499
7.54499
7.54499
7.54499
7.54499
7.54595
7.54595
7.54619
7.5469
7.5469
7.54714
7.54786
7.54786
7.54809
7.54809
7.54809
7.54809
7.54881
7.54881
7.54881
7.54905
7.54905
7.54905
7.54905
7.54905
7.55
7.55
7.55095
7.55119
7.55191
7.55215
7.55215
7.5531
7.5531
7.55405
7.55405
7.55405
7.55501
7.55501
7.55596
7.55596
7.55692
7.55692
7.55715
7.55787
7.55787
7.55882
7.55882
7.55906
7.55906
7.56001
7.56001
7.56001
7.56097
7.56216
7.56216
7.56288
7.56288
7.56288
7.56311
7.56407
7.56407
7.56407
7.56478
7.56502
7.56502
7.56502
7.56502
7.56502
7.56502
7.56598
7.56598
7.56598
7.56598
7.56598
7.56598
7.56598
7.56693
7.56693
7.56693
7.56693
7.56717
7.56788
7.56788
7.56788
7.56788
7.56788
7.56788
7.56812
7.56812
7.56812
7.56812
7.56812
7.56812
7.56812
7.56812
7.56812
7.56884
7.56884
7.56884
7.56907
7.56907
7.56907
7.56907
7.56979
7.56979
7.57003
7.57003
7.57003
7.57003
7.57003
7.57003
7.57003
7.57003
7.57003
7.57003
7.57098
7.57098
7.57098
7.57098
7.57098
7.57098
7.57098
7.57098
7.57098
7.57098
7.57122
7.57194
7.57194
7.57194
7.57217
7.57217
7.57217
7.57289
7.57289
7.57289
7.57289
7.57313
7.57313
7.57313
7.57313
7.57384
7.57384
7.57384
7.57408
7.57408
7.57408
7.57408
7.57408
7.57408
7.5748
7.57504
7.57504
7.57504
7.57504
7.57504
7.57504
7.57504
7.57504
7.57504
7.57504
7.57599
7.57599
7.57599
7.57599
7.57599
7.57599
7.57599
7.57599
7.57599
7.57694
7.57694
7.57694
7.57694
7.57694
7.57694
7.57694
7.57718
7.57718
7.57718
7.57718
7.5779
7.5779
7.5779
7.5779
7.5779
7.5779
7.57813
7.57813
7.57885
7.57885
7.57885
7.57885
7.57885
7.57885
7.57909
7.57909
7.57909
7.57909
7.57909
7.58004
7.58004
7.58004
7.58004
7.58004
7.58004
7.58004
7.58004
7.58004
7.581
7.581
7.581
7.581
7.58195
7.58195
7.58195
7.58195
7.58195
7.58219
7.5829
7.58314
7.58386
7.58386
7.5841
7.5841
7.5841
7.58481
7.58481
7.58505
7.58505
7.58505
7.58505
7.586
7.586
7.586
7.586
7.586
7.58696
7.58696
7.58696
7.58696
7.58791
7.58791
7.58791
7.58815
7.58886
7.5891
7.5891
7.58982
7.59006
7.59006
7.59006
7.59006
7.59101
7.59101
7.59101
7.59101
7.59101
7.59101
7.59101
7.59196
7.59196
7.59196
7.59196
7.59196
7.59196
7.59196
7.59196
7.59196
7.5922
7.5922
7.59315
7.59315
7.59315
7.59387
7.59387
7.59387
7.59411
7.59411
7.59411
7.59482
7.59482
7.59482
7.59482
7.59482
7.59506
7.59506
7.59506
7.59506
7.59578
7.59602
7.59602
7.59602
7.59602
7.59602
7.59602
7.59602
7.59602
7.59602
7.59602
7.59602
7.59602
7.59602
7.59602
7.59602
7.59602
7.59697
7.59697
7.59697
7.59697
7.59697
7.59697
7.59697
7.59697
7.59697
7.59697
7.59697
7.59697
7.59697
7.59697
7.59721
7.59721
7.59721
7.59792
7.59792
7.59792
7.59792
7.59792
7.59792
7.59792
7.59792
7.59792
7.59792
7.59816
7.59816
7.59816
7.59816
7.59888
7.59888
7.59888
7.59888
7.59888
7.59888
7.59888
7.59888
7.59888
7.59888
7.59912
7.59912
7.59912
7.59912
7.59912
7.59912
7.59912
7.59983
7.59983
7.59983
7.59983
7.60007
7.60007
7.60007
7.60007
7.60007
7.60007
7.60007
7.60007
7.60007
7.60007
7.60007
7.60007
7.60007
7.60007
7.60007
7.60007
7.60007
7.60007
7.60007
7.60007
7.60007
7.60007
7.60078
7.60078
7.60078
7.60078
7.60078
7.60102
7.60102
7.60102
7.60102
7.60102
7.60102
7.60102
7.60102
7.60102
7.60102
7.60102
7.60102
7.60102
7.60102
7.60102
7.60102
7.60102
7.60102
7.60102
7.60102
7.60102
7.60102
7.60102
7.60102
7.60102
7.60198
7.60198
7.60198
7.60198
7.60198
7.60198
7.60198
7.60198
7.60198
7.60198
7.60198
7.60198
7.60198
7.60198
7.60198
7.60198
7.60198
7.60198
7.60198
7.60198
7.60198
7.60198
7.60198
7.60198
7.60198
7.60198
7.60198
7.60198
7.60198
7.60198
7.60198
7.60198
7.60198
7.60198
7.60198
7.60198
7.60198
7.60221
7.60221
7.60221
7.60221
7.60221
7.60221
7.60293
7.60293
7.60293
7.60293
7.60293
7.60293
7.60293
7.60293
7.60293
7.60293
7.60293
7.60293
7.60293
7.60293
7.60293
7.60293
7.60293
7.60293
7.60293
7.60293
7.60293
7.60293
7.60293
7.60293
7.60293
7.60293
7.60293
7.60293
7.60293
7.60317
7.60317
7.60317
7.60317
7.60317
7.60317
7.60317
7.60317
7.60317
7.60388
7.60388
7.60388
7.60388
7.60388
7.60388
7.60388
7.60388
7.60388
7.60388
7.60388
7.60388
7.60388
7.60388
7.60388
7.60388
7.60388
7.60388
7.60388
7.60388
7.60388
7.60388
7.60388
7.60388
7.60412
7.60412
7.60412
7.60412
7.60412
7.60412
7.60412
7.60412
7.60412
7.60412
7.60412
7.60412
7.60412
7.60412
7.60412
7.60412
7.60412
7.60412
7.60412
7.60412
7.60412
7.60412
7.60412
7.60412
7.60484
7.60484
7.60484
7.60484
7.60484
7.60484
7.60484
7.60484
7.60484
7.60484
7.60484
7.60484
7.60484
7.60484
7.60484
7.60484
7.60484
7.60508
7.60508
7.60508
7.60508
7.60508
7.60508
7.60508
7.60508
7.60508
7.60508
7.60508
7.60508
7.60508
7.60508
7.60508
7.60508
7.60508
7.60508
7.60508
7.60508
7.60508
7.60508
7.60508
7.60508
7.60508
7.60508
7.60508
7.60508
7.60508
7.60508
7.60508
7.60508
7.60508
7.60508
7.60508
7.60508
7.60508
7.60508
7.60508
7.60508
7.60508
7.60508
7.60508
7.60508
7.60508
7.60579
7.60579
7.60579
7.60579
7.60579
7.60579
7.60579
7.60603
7.60603
7.60603
7.60603
7.60603
7.60603
7.60603
7.60603
7.60603
7.60603
7.60603
7.60603
7.60603
7.60603
7.60603
7.60603
7.60603
7.60603
7.60603
7.60603
7.60603
7.60603
7.60603
7.60603
7.60603
7.60603
7.60603
7.60603
7.60603
7.60603
7.60603
7.60603
7.60603
7.60603
7.60603
7.60603
7.60603
7.60603
7.60603
7.60603
7.60603
7.60603
7.60603
7.60603
7.60603
7.60603
7.60603
7.60603
7.60603
7.60603
7.60603
7.60603
7.60603
7.60603
7.60603
7.60603
7.60603
7.60603
7.60698
7.60698
7.60698
7.60698
7.60698
7.60698
7.60698
7.60698
7.60698
7.60698
7.60698
7.60698
7.60698
7.60698
7.60698
7.60698
7.60698
7.60698
7.60698
7.60698
7.60698
7.60698
7.60698
7.60698
7.60698
7.60698
7.60698
7.60698
7.60698
7.60698
7.60698
7.60698
7.60698
7.60698
7.60698
7.60698
7.60698
7.60698
7.60698
7.60698
7.60698
7.60698
7.60698
7.60698
7.60698
7.60698
7.60698
7.60698
7.60698
7.60698
7.60698
7.60698
7.60698
7.60698
7.60698
7.60698
7.60698
7.60698
7.60698
7.60698
7.60698
7.60698
7.60698
7.60698
7.60698
7.60698
7.60698
7.60698
7.60698
7.60698
7.60698
7.60698
7.60698
7.60698
7.60698
7.60698
7.60698
7.60698
7.60698
7.60698
7.60698
7.60698
7.60698
7.60722
7.60722
7.60722
7.60722
7.60722
7.60722
7.60794
7.60794
7.60794
7.60794
7.60794
7.60794
7.60794
7.60794
7.60794
7.60794
7.60794
7.60794
7.60794
7.60794
7.60794
7.60794
7.60794
7.60794
7.60794
7.60794
7.60794
7.60794
7.60794
7.60794
7.60794
7.60794
7.60794
7.60794
7.60794
7.60794
7.60794
7.60794
7.60794
7.60794
7.60794
7.60794
7.60794
7.60794
7.60794
7.60794
7.60794
7.60794
7.60794
7.60794
7.60794
7.60794
7.60794
7.60794
7.60794
7.60794
7.60794
7.60794
7.60794
7.60794
7.60794
7.60794
7.60794
7.60794
7.60794
7.60794
7.60794
7.60794
7.60794
7.60794
7.60794
7.60794
7.60794
7.60794
7.60794
7.60794
7.60794
7.60794
7.60818
7.60818
7.60818
7.60818
7.60818
7.60818
7.60818
7.60818
7.60818
7.60818
7.60818
7.60818
7.60818
7.60818
7.60818
7.60818
7.60818
7.60818
7.60818
7.60818
7.60818
7.60889
7.60889
7.60889
7.60889
7.60889
7.60889
7.60889
7.60889
7.60889
7.60889
7.60889
7.60889
7.60889
7.60889
7.60889
7.60889
7.60889
7.60889
7.60889
7.60889
7.60889
7.60889
7.60889
7.60889
7.60889
7.60889
7.60889
7.60889
7.60889
7.60889
7.60889
7.60889
7.60889
7.60889
7.60889
7.60889
7.60889
7.60889
7.60889
7.60889
7.60889
7.60889
7.60889
7.60913
7.60913
7.60913
7.60913
7.60913
7.60913
7.60913
7.60913
7.60913
7.60913
7.60913
7.60913
7.60913
7.60913
7.60913
7.60913
7.60913
7.60913
7.60913
7.60913
7.60913
7.60913
7.60913
7.60913
7.60913
7.60913
7.60913
7.60913
7.60913
7.60913
7.60913
7.60913
7.60984
7.60984
7.60984
7.60984
7.60984
7.60984
7.60984
7.60984
7.60984
7.60984
7.60984
7.60984
7.60984
7.60984
7.60984
7.60984
7.60984
7.60984
7.60984
7.60984
7.60984
7.61008
7.61008
7.61008
7.61008
7.61008
7.61008
7.61008
7.61008
7.61008
7.61008
7.61008
7.61008
7.61008
7.61008
7.61008
7.61008
7.61008
7.61008
7.61008
7.61008
7.61008
7.61008
7.61008
7.61008
7.61008
7.6108
7.6108
7.6108
7.6108
7.6108
7.6108
7.6108
7.6108
7.6108
7.6108
7.6108
7.6108
7.61104
7.61104
7.61104
7.61104
7.61104
7.61104
7.61104
7.61104
7.61104
7.61104
7.61104
7.61104
7.61104
7.61104
7.61104
7.61104
7.61104
7.61104
7.61104
7.61104
7.61104
7.61104
7.61104
7.61104
7.61104
7.61104
7.61104
7.61104
7.61104
7.61104
7.61104
7.61104
7.61104
7.61104
7.61104
7.61104
7.61104
7.61104
7.61104
7.61104
7.61199
7.61199
7.61199
7.61199
7.61199
7.61199
7.61199
7.61199
7.61199
7.61199
7.61199
7.61199
7.61199
7.61199
7.61199
7.61199
7.61199
7.61199
7.61199
7.61199
7.61199
7.61199
7.61199
7.61199
7.61199
7.61199
7.61199
7.61199
7.61199
7.61199
7.61199
7.61199
7.61199
7.61199
7.61199
7.61199
7.61199
7.61223
7.61294
7.61294
7.61294
7.61294
7.61294
7.61294
7.61294
7.61294
7.61294
7.61294
7.61294
7.61294
7.61294
7.61294
7.61294
7.61294
7.61294
7.61294
7.61294
7.61318
7.61318
7.61318
7.61318
7.61318
7.61318
7.61318
7.61318
7.61318
7.61318
7.6139
7.6139
7.6139
7.6139
7.6139
7.6139
7.6139
7.6139
7.6139
7.6139
7.6139
7.6139
7.6139
7.6139
7.6139
7.6139
7.6139
7.6139
7.6139
7.6139
7.6139
7.61414
7.61414
7.61414
7.61414
7.61414
7.61414
7.61414
7.61414
7.61414
7.61414
7.61414
7.61414
7.61414
7.61414
7.61414
7.61414
7.61485
7.61485
7.61485
7.61485
7.61485
7.61485
7.61485
7.61509
7.61509
7.61509
7.61509
7.61509
7.61509
7.61509
7.61509
7.61509
7.61509
7.61509
7.61509
7.61509
7.61509
7.6158
7.6158
7.6158
7.61604
7.61604
7.61604
7.61604
7.61604
7.61604
7.61604
7.61604
7.61604
7.61604
7.61604
7.617
7.617
7.617
7.617
7.617
7.617
7.617
7.617
7.617
7.617
7.617
7.61795
7.61795
7.61795
7.61795
7.61795
7.61795
7.61795
7.61795
7.61795
7.61795
7.61795
7.61795
7.61795
7.61795
7.61795
7.61819
7.61819
7.6189
7.6189
7.6189
7.6189
7.6189
7.61914
7.61914
7.61914
7.61914
7.61914
7.61986
7.61986
7.61986
7.61986
7.6201
7.6201
7.6201
7.6201
7.6201
7.6201
7.6201
7.62081
7.62105
7.622
7.622
7.622
7.622
7.622
7.622
7.622
7.622
7.62296
7.62296
7.62296
7.62296
7.62296
7.6232
7.6232
7.62391
7.62391
7.62415
7.62415
7.62415
7.62415
7.62486
7.62486
7.6251
7.6251
7.6251
7.62582
7.62582
7.62606
7.62606
7.62606
7.62606
7.62606
7.62701
7.62701
7.62701
7.62796
7.62796
7.62796
7.62892
7.62916
7.62987
7.62987
7.63011
7.63011
7.63011
7.63011
7.63011
7.63011
7.63011
7.63011
7.63083
7.63202
7.63202
7.63297
7.63297
7.63297
7.63321
7.63392
7.63392
7.63392
7.63392
7.63392
7.63416
7.63416
7.63416
7.63416
7.63488
7.63488
7.63488
7.63512
7.63512
7.63512
7.63583
7.63583
7.63583
7.63607
7.63607
7.63607
7.63607
7.63607
7.63679
7.63702
7.63702
7.63702
7.63702
7.63702
7.63702
7.63702
7.63798
7.63798
7.63798
7.63798
7.63798
7.63798
7.63798
7.63798
7.63798
7.63798
7.63798
7.63893
7.63893
7.63893
7.63893
7.63893
7.63893
7.63893
7.63893
7.63917
7.63988
7.63988
7.63988
7.63988
7.64012
7.64012
7.64012
7.64012
7.64084
7.64084
7.64084
7.64084
7.64084
7.64084
7.64108
7.64108
7.64108
7.64108
7.64108
7.64108
7.64203
7.64203
7.64203
7.64203
7.64203
7.64203
7.64203
7.64203
7.64203
7.64203
7.64203
7.64203
7.64203
7.64298
7.64298
7.64298
7.64298
7.64298
7.64298
7.64298
7.64298
7.64298
7.64298
7.64298
7.64298
7.64298
7.64322
7.64394
7.64394
7.64394
7.64394
7.64394
7.64418
7.64418
7.64418
7.64418
7.64489
7.64489
7.64489
7.64489
7.64489
7.64513
7.64585
7.64585
7.64608
7.64608
7.64608
7.6468
7.64704
7.64704
7.64704
7.64704
7.64704
7.64799
7.64799
7.64799
7.64799
7.64799
7.64799
7.64894
7.64894
7.64894
7.64894
7.64894
7.64894
7.64894
7.6499
7.6499
7.6499
7.6499
7.6499
7.6499
7.6499
7.65014
7.65085
7.65085
7.65109
7.65109
7.65109
7.65204
7.653
7.65395
7.65395
7.65395
7.65395
7.65419
7.65491
7.65491
7.65514
7.65681
7.65681
7.65705
7.658
7.658
7.658
7.65896
7.65896
7.65991
7.66015
7.66015
7.66206
7.66277
7.66277
7.66301
7.66301
7.66397
7.66397
7.6642
7.66492
7.66492
7.66492
7.66492
7.66492
7.66492
7.66516
7.66587
7.66611
7.66611
7.66611
7.66683
7.66706
7.66706
7.66706
7.66706
7.66778
7.66802
7.66802
7.66897
7.66897
7.66897
7.66897
7.66897
7.66897
7.66897
7.66897
7.66897
7.66897
7.66897
7.66993
7.66993
7.66993
7.66993
7.66993
7.66993
7.66993
7.66993
7.66993
7.67016
7.67088
7.67088
7.67088
7.67088
7.67112
7.67112
7.67112
7.67112
7.67112
7.67112
7.67112
7.67112
7.67183
7.67183
7.67183
7.67183
7.67183
7.67207
7.67207
7.67207
7.67207
7.67207
7.67207
7.67207
7.67207
7.67207
7.67207
7.67207
7.67207
7.67279
7.67303
7.67303
7.67303
7.67303
7.67303
7.67303
7.67303
7.67303
7.67303
7.67398
7.67398
7.67398
7.67398
7.67398
7.67398
7.67422
7.67422
7.67422
7.67493
7.67493
7.67493
7.67517
7.67517
7.67517
7.67517
7.67517
7.67589
7.67589
7.67589
7.67612
7.67612
7.67612
7.67612
7.67612
7.67612
7.67684
7.67684
7.67684
7.67684
7.67708
7.67708
7.67708
7.67708
7.67708
7.67708
7.67803
7.67803
7.67803
7.67803
7.67803
7.67803
7.67803
7.67899
7.67899
7.67899
7.67994
7.67994
7.67994
7.67994
7.68018
7.68089
7.68089
7.68113
7.68113
7.68113
7.68209
7.68304
7.68304
7.68399
7.68399
7.68399
7.68399
7.68399
7.68399
7.68399
7.68495
7.68495
7.68495
7.68495
7.68495
7.68495
7.6859
7.6859
7.6859
7.6859
7.6859
7.6859
7.68685
7.68709
7.68709
7.68781
7.68805
7.689
7.689
7.689
7.689
7.689
7.689
7.68995
7.68995
7.68995
7.68995
7.68995
7.68995
7.68995
7.68995
7.69019
7.69019
7.69019
7.69091
7.69091
7.69091
7.69091
7.69114
7.69114
7.69114
7.69186
7.69186
7.69186
7.6921
7.6921
7.6921
7.69281
7.69305
7.69305
7.69305
7.69305
7.69305
7.69401
7.69401
7.69401
7.69496
7.69496
7.69496
7.69496
7.69496
7.69496
7.69496
7.69496
7.69496
7.69496
7.69496
7.6952
7.69591
7.69591
7.69591
7.69615
7.69615
7.69615
7.69615
7.69615
7.69615
7.69687
7.69687
7.69687
7.69687
7.69711
7.69711
7.69711
7.69711
7.69711
7.69711
7.69711
7.69711
7.69711
7.69782
7.69782
7.69806
7.69806
7.69806
7.69806
7.69806
7.69806
7.69806
7.69806
7.69806
7.69806
7.69806
7.69901
7.69901
7.69901
7.69901
7.69901
7.69901
7.69901
7.69901
7.69901
7.69901
7.69901
7.69901
7.69901
7.69901
7.69901
7.69901
7.69901
7.69901
7.69901
7.69997
7.69997
7.69997
7.69997
7.69997
7.69997
7.69997
7.69997
7.69997
7.69997
7.69997
7.69997
7.69997
7.69997
7.69997
7.69997
7.69997
7.69997
7.69997
7.69997
7.7002
7.7002
7.70092
7.70092
7.70092
7.70092
7.70092
7.70092
7.70092
7.70092
7.70092
7.70092
7.70092
7.70092
7.70116
7.70116
7.70116
7.70116
7.70116
7.70116
7.70116
7.70116
7.70116
7.70187
7.70187
7.70187
7.70187
7.70187
7.70187
7.70187
7.70187
7.70187
7.70187
7.70187
7.70187
7.70187
7.70211
7.70211
7.70211
7.70211
7.70211
7.70211
7.70211
7.70211
7.70211
7.70211
7.70211
7.70211
7.70283
7.70283
7.70283
7.70283
7.70283
7.70283
7.70283
7.70283
7.70283
7.70283
7.70307
7.70307
7.70307
7.70307
7.70307
7.70307
7.70307
7.70307
7.70307
7.70307
7.70307
7.70307
7.70307
7.70307
7.70307
7.70307
7.70307
7.70307
7.70307
7.70307
7.70307
7.70307
7.70307
7.70307
7.70307
7.70307
7.70307
7.70307
7.70307
7.70307
7.70307
7.70307
7.70307
7.70378
7.70378
7.70378
7.70378
7.70378
7.70378
7.70378
7.70378
7.70378
7.70402
7.70402
7.70402
7.70402
7.70402
7.70402
7.70402
7.70402
7.70402
7.70402
7.70402
7.70402
7.70402
7.70402
7.70402
7.70402
7.70402
7.70402
7.70402
7.70402
7.70402
7.70402
7.70402
7.70402
7.70402
7.70402
7.70402
7.70402
7.70402
7.70402
7.70402
7.70402
7.70402
7.70402
7.70402
7.70402
7.70402
7.70402
7.70402
7.70402
7.70402
7.70497
7.70497
7.70497
7.70497
7.70497
7.70497
7.70497
7.70497
7.70497
7.70497
7.70497
7.70497
7.70497
7.70497
7.70497
7.70497
7.70497
7.70497
7.70497
7.70497
7.70497
7.70497
7.70497
7.70497
7.70497
7.70497
7.70497
7.70497
7.70497
7.70497
7.70497
7.70497
7.70497
7.70497
7.70497
7.70497
7.70497
7.70497
7.70497
7.70497
7.70521
7.70521
7.70521
7.70593
7.70593
7.70593
7.70593
7.70593
7.70593
7.70593
7.70593
7.70593
7.70593
7.70593
7.70593
7.70593
7.70593
7.70593
7.70593
7.70593
7.70593
7.70593
7.70593
7.70593
7.70593
7.70593
7.70593
7.70593
7.70593
7.70593
7.70593
7.70593
7.70593
7.70593
7.70593
7.70593
7.70593
7.70593
7.70593
7.70593
7.70593
7.70593
7.70593
7.70593
7.70593
7.70593
7.70593
7.70593
7.70593
7.70593
7.70593
7.70593
7.70593
7.70593
7.70593
7.70593
7.70593
7.70593
7.70593
7.70593
7.70593
7.70593
7.70593
7.70593
7.70593
7.70593
7.70593
7.70593
7.70593
7.70593
7.70593
7.70593
7.70593
7.70593
7.70593
7.70593
7.70593
7.70593
7.70593
7.70593
7.70593
7.70617
7.70617
7.70617
7.70617
7.70617
7.70617
7.70617
7.70617
7.70617
7.70617
7.70617
7.70617
7.70617
7.70617
7.70617
7.70617
7.70617
7.70617
7.70617
7.70617
7.70617
7.70617
7.70617
7.70617
7.70617
7.70617
7.70617
7.70617
7.70617
7.70688
7.70688
7.70688
7.70688
7.70688
7.70688
7.70688
7.70688
7.70688
7.70688
7.70688
7.70688
7.70688
7.70688
7.70688
7.70688
7.70688
7.70688
7.70688
7.70688
7.70688
7.70688
7.70688
7.70688
7.70688
7.70688
7.70688
7.70688
7.70688
7.70688
7.70688
7.70688
7.70688
7.70688
7.70688
7.70688
7.70688
7.70688
7.70688
7.70688
7.70688
7.70688
7.70688
7.70688
7.70688
7.70712
7.70712
7.70712
7.70712
7.70712
7.70712
7.70712
7.70712
7.70712
7.70712
7.70712
7.70712
7.70712
7.70712
7.70712
7.70712
7.70712
7.70712
7.70712
7.70712
7.70712
7.70712
7.70712
7.70712
7.70712
7.70712
7.70712
7.70712
7.70712
7.70712
7.70712
7.70712
7.70712
7.70712
7.70712
7.70712
7.70712
7.70712
7.70712
7.70712
7.70712
7.70712
7.70712
7.70712
7.70712
7.70783
7.70783
7.70783
7.70783
7.70783
7.70783
7.70783
7.70783
7.70783
7.70783
7.70783
7.70783
7.70783
7.70783
7.70783
7.70783
7.70783
7.70783
7.70783
7.70783
7.70783
7.70783
7.70807
7.70807
7.70807
7.70807
7.70807
7.70807
7.70807
7.70807
7.70807
7.70807
7.70807
7.70807
7.70807
7.70807
7.70807
7.70807
7.70807
7.70807
7.70807
7.70807
7.70807
7.70807
7.70807
7.70807
7.70807
7.70807
7.70807
7.70807
7.70807
7.70807
7.70807
7.70807
7.70807
7.70807
7.70807
7.70807
7.70807
7.70807
7.70807
7.70807
7.70807
7.70807
7.70807
7.70807
7.70807
7.70807
7.70807
7.70807
7.70807
7.70879
7.70879
7.70879
7.70879
7.70879
7.70879
7.70879
7.70879
7.70879
7.70879
7.70903
7.70903
7.70903
7.70903
7.70903
7.70903
7.70903
7.70903
7.70903
7.70903
7.70903
7.70903
7.70903
7.70903
7.70903
7.70903
7.70903
7.70903
7.70903
7.70903
7.70903
7.70903
7.70903
7.70903
7.70903
7.70903
7.70903
7.70903
7.70903
7.70903
7.70903
7.70903
7.70903
7.70903
7.70903
7.70903
7.70903
7.70903
7.70903
7.70903
7.70903
7.70903
7.70903
7.70903
7.70903
7.70903
7.70903
7.70903
7.70903
7.70903
7.70903
7.70903
7.70903
7.70903
7.70903
7.70903
7.70903
7.70903
7.70998
7.70998
7.70998
7.70998
7.70998
7.70998
7.70998
7.70998
7.70998
7.70998
7.70998
7.70998
7.70998
7.70998
7.70998
7.70998
7.70998
7.70998
7.70998
7.70998
7.70998
7.70998
7.70998
7.70998
7.70998
7.70998
7.70998
7.70998
7.70998
7.70998
7.70998
7.70998
7.70998
7.70998
7.70998
7.70998
7.70998
7.70998
7.70998
7.70998
7.70998
7.70998
7.70998
7.70998
7.70998
7.70998
7.70998
7.70998
7.70998
7.70998
7.70998
7.70998
7.70998
7.70998
7.70998
7.70998
7.70998
7.70998
7.70998
7.70998
7.70998
7.70998
7.71022
7.71022
7.71022
7.71022
7.71022
7.71022
7.71093
7.71093
7.71093
7.71093
7.71093
7.71093
7.71093
7.71093
7.71093
7.71093
7.71093
7.71093
7.71093
7.71093
7.71093
7.71093
7.71093
7.71093
7.71093
7.71093
7.71093
7.71093
7.71093
7.71093
7.71093
7.71093
7.71093
7.71093
7.71093
7.71093
7.71093
7.71093
7.71093
7.71093
7.71117
7.71117
7.71117
7.71117
7.71117
7.71117
7.71117
7.71117
7.71117
7.71117
7.71117
7.71117
7.71117
7.71117
7.71117
7.71117
7.71117
7.71117
7.71117
7.71117
7.71189
7.71189
7.71189
7.71189
7.71189
7.71189
7.71189
7.71189
7.71189
7.71189
7.71189
7.71189
7.71189
7.71189
7.71189
7.71189
7.71189
7.71189
7.71189
7.71189
7.71189
7.71189
7.71189
7.71213
7.71213
7.71213
7.71213
7.71213
7.71213
7.71213
7.71213
7.71213
7.71213
7.71213
7.71213
7.71213
7.71284
7.71284
7.71284
7.71284
7.71284
7.71284
7.71284
7.71284
7.71284
7.71284
7.71284
7.71308
7.71308
7.71308
7.71308
7.71308
7.71308
7.71308
7.71308
7.71308
7.71308
7.71308
7.71308
7.71308
7.71308
7.71308
7.71308
7.71308
7.71308
7.71308
7.71308
7.71308
7.71308
7.71308
7.71308
7.71308
7.71379
7.71379
7.71379
7.71379
7.71379
7.71403
7.71403
7.71403
7.71403
7.71403
7.71403
7.71403
7.71403
7.71403
7.71403
7.71403
7.71403
7.71403
7.71403
7.71403
7.71499
7.71499
7.71499
7.71499
7.71499
7.71499
7.71499
7.71499
7.71499
7.71499
7.71499
7.71499
7.71594
7.71594
7.71594
7.71594
7.71594
7.71594
7.71594
7.71594
7.71594
7.71594
7.71594
7.71594
7.71594
7.71594
7.71594
7.71594
7.71594
7.71594
7.71594
7.71594
7.71594
7.71594
7.71594
7.71618
7.71618
7.71689
7.71689
7.71689
7.71689
7.71689
7.71689
7.71689
7.71689
7.71689
7.71689
7.71713
7.71713
7.71713
7.71713
7.71713
7.71713
7.71713
7.71785
7.71785
7.71809
7.71809
7.71809
7.71809
7.71809
7.7188
7.71904
7.71904
7.71904
7.71904
7.71904
7.71904
7.71904
7.71999
7.71999
7.71999
7.71999
7.71999
7.71999
7.71999
7.71999
7.71999
7.71999
7.71999
7.71999
7.71999
7.71999
7.71999
7.71999
7.71999
7.72023
7.72095
7.72095
7.72095
7.72095
7.72095
7.72095
7.72119
7.72119
7.7219
7.7219
7.7219
7.7219
7.7219
7.7219
7.72214
7.72214
7.72285
7.72285
7.72285
7.72309
7.72309
7.72309
7.72381
7.72405
7.72405
7.72405
7.72405
7.72405
7.725
7.725
7.725
7.725
7.72595
7.72595
7.72595
7.72691
7.72691
7.72691
7.72691
7.7281
7.7281
7.7281
7.72882
7.72905
7.72905
7.73001
7.73001
7.73096
7.73096
7.73096
7.73096
7.73096
7.73096
7.73096
7.7312
7.73191
7.73191
7.73191
7.73191
7.73215
7.73287
7.73287
7.73287
7.73287
7.73287
7.73311
7.73311
7.73382
7.73406
7.73406
7.73406
7.73501
7.73501
7.73597
7.73597
7.73597
7.73597
7.73597
7.73597
7.73692
7.73716
7.73716
7.73716
7.73716
7.73716
7.73787
7.73787
7.73811
7.73811
7.73811
7.73811
7.73883
7.73883
7.73883
7.73883
7.73883
7.73907
7.73907
7.73907
7.73907
7.73907
7.73907
7.73907
7.73907
7.73907
7.73907
7.73907
7.73907
7.73907
7.73978
7.74002
7.74002
7.74002
7.74002
7.74002
7.74002
7.74002
7.74002
7.74002
7.74002
7.74002
7.74002
7.74002
7.74002
7.74002
7.74002
7.74097
7.74097
7.74097
7.74097
7.74097
7.74097
7.74097
7.74121
7.74193
7.74193
7.74193
7.74193
7.74193
7.74193
7.74193
7.74193
7.74193
7.74288
7.74288
7.74288
7.74288
7.74288
7.74288
7.74312
7.74312
7.74312
7.74312
7.74312
7.74312
7.74312
7.74312
7.74384
7.74384
7.74384
7.74407
7.74407
7.74407
7.74407
7.74407
7.74407
7.74407
7.74407
7.74407
7.74407
7.74503
7.74503
7.74503
7.74503
7.74503
7.74503
7.74503
7.74503
7.74503
7.74503
7.74503
7.74598
7.74598
7.74598
7.74598
7.74598
7.74598
7.74598
7.74622
7.74693
7.74693
7.74789
7.74789
7.74789
7.74789
7.74813
7.74813
7.74813
7.74813
7.74813
7.74884
7.74884
7.74908
7.74908
7.74908
7.74908
7.74908
7.75003
7.75003
7.75003
7.75003
7.75003
7.75003
7.75003
7.75099
7.75099
7.75099
7.75194
7.7529
7.75313
7.75385
7.75409
7.75409
7.7548
7.7548
7.75504
7.75504
7.75504
7.75599
7.75599
7.75599
7.75599
7.75599
7.7579
7.7579
7.7579
7.75814
7.75814
7.75814
7.75886
7.75909
7.75909
7.76005
7.761
7.761
7.761
7.761
7.76196
7.76196
7.76196
7.76196
7.76291
7.76291
7.76386
7.76386
7.76386
7.76386
7.76386
7.76386
7.76386
7.7641
7.7641
7.76505
7.76505
7.76505
7.76505
7.76505
7.76505
7.76505
7.76601
7.76601
7.76601
7.76601
7.76601
7.76601
7.76696
7.76696
7.76696
7.76696
7.7672
7.76792
7.76792
7.76792
7.76815
7.76815
7.76815
7.76887
7.76887
7.76887
7.76887
7.76911
7.76911
7.76911
7.76982
7.77006
7.77006
7.77006
7.77006
7.77006
7.77006
7.77006
7.77078
7.77102
7.77102
7.77102
7.77102
7.77102
7.77197
7.77197
7.77197
7.77197
7.77197
7.77197
7.77197
7.77197
7.77197
7.77197
7.77197
7.77197
7.77197
7.77221
7.77292
7.77292
7.77292
7.77292
7.77292
7.77316
7.77316
7.77316
7.77316
7.77316
7.77316
7.77316
7.77316
7.77388
7.77388
7.77388
7.77388
7.77388
7.77411
7.77411
7.77411
7.77411
7.77411
7.77411
7.77411
7.77483
7.77483
7.77483
7.77483
7.77507
7.77507
7.77507
7.77507
7.77507
7.77507
7.77507
7.77507
7.77578
7.77602
7.77602
7.77602
7.77602
7.77602
7.77602
7.77602
7.77602
7.77602
7.77602
7.77602
7.77698
7.77698
7.77698
7.77698
7.77698
7.77698
7.77698
7.77721
7.77793
7.77793
7.77793
7.77793
7.77793
7.77817
7.77817
7.77888
7.77888
7.78008
7.78008
7.78008
7.78008
7.78008
7.78008
7.78079
7.78103
7.78103
7.78198
7.78198
7.78198
7.78198
7.78198
7.78198
7.78198
7.78294
7.78317
7.78389
7.78389
7.78389
7.78389
7.78389
7.78413
7.78413
7.78413
7.78413
7.78484
7.78484
7.78508
7.78508
7.78508
7.78508
7.78508
7.78508
7.78508
7.7858
7.78604
7.78604
7.78604
7.78604
7.78699
7.78699
7.78794
7.78794
7.78794
7.78794
7.78794
7.78794
7.78794
7.78794
7.78913
7.78913
7.78985
7.78985
7.78985
7.79009
7.79009
7.7908
7.7908
7.79104
7.79104
7.79104
7.79104
7.79104
7.792
7.792
7.792
7.792
7.792
7.792
7.79295
7.79295
7.79295
7.79295
7.79295
7.79295
7.79295
7.79319
7.79319
7.79319
7.79319
7.7939
7.79414
7.79414
7.79414
7.79414
7.79414
7.79486
7.79486
7.7951
7.7951
7.7951
7.7951
7.7951
7.7951
7.7951
7.79605
7.79605
7.79605
7.79605
7.79605
7.79605
7.79605
7.79605
7.79605
7.79605
7.79605
7.79605
7.79605
7.79605
7.797
7.797
7.797
7.797
7.797
7.797
7.797
7.797
7.797
7.797
7.797
7.79796
7.79796
7.79796
7.79796
7.79796
7.79796
7.79796
7.79796
7.79796
7.79796
7.79796
7.79796
7.79796
7.79819
7.79891
7.79891
7.79891
7.79891
7.79891
7.79891
7.79891
7.79891
7.79891
7.79891
7.79891
7.79891
7.79891
7.79891
7.79891
7.79891
7.79915
7.79915
7.79915
7.79915
7.79915
7.79915
7.79915
7.79986
7.79986
7.79986
7.79986
7.79986
7.79986
7.79986
7.79986
7.79986
7.8001
7.8001
7.8001
7.8001
7.8001
7.8001
7.8001
7.8001
7.8001
7.8001
7.8001
7.8001
7.8001
7.8001
7.8001
7.80082
7.80082
7.80082
7.80082
7.80082
7.80082
7.80082
7.80082
7.80082
7.80106
7.80106
7.80106
7.80106
7.80106
7.80106
7.80106
7.80106
7.80106
7.80106
7.80106
7.80106
7.80106
7.80106
7.80106
7.80106
7.80106
7.80106
7.80106
7.80177
7.80201
7.80201
7.80201
7.80201
7.80201
7.80201
7.80201
7.80201
7.80201
7.80201
7.80201
7.80201
7.80201
7.80201
7.80201
7.80201
7.80201
7.80201
7.80201
7.80201
7.80201
7.80201
7.80201
7.80201
7.80201
7.80296
7.80296
7.80296
7.80296
7.80296
7.80296
7.80296
7.80296
7.80296
7.80296
7.80296
7.80296
7.80296
7.80296
7.80296
7.80296
7.80296
7.80296
7.80296
7.80296
7.80296
7.80296
7.80296
7.80296
7.80296
7.80296
7.80296
7.80296
7.80296
7.80296
7.80296
7.80296
7.80296
7.80296
7.80296
7.8032
7.8032
7.8032
7.8032
7.8032
7.8032
7.8032
7.80392
7.80392
7.80392
7.80392
7.80392
7.80392
7.80392
7.80392
7.80392
7.80392
7.80392
7.80392
7.80392
7.80392
7.80392
7.80392
7.80392
7.80392
7.80392
7.80392
7.80392
7.80392
7.80392
7.80392
7.80392
7.80392
7.80392
7.80392
7.80392
7.80392
7.80392
7.80392
7.80392
7.80416
7.80416
7.80416
7.80416
7.80416
7.80416
7.80416
7.80416
7.80416
7.80416
7.80416
7.80416
7.80416
7.80416
7.80487
7.80487
7.80487
7.80487
7.80487
7.80487
7.80487
7.80487
7.80487
7.80487
7.80487
7.80487
7.80487
7.80487
7.80487
7.80487
7.80487
7.80487
7.80487
7.80487
7.80487
7.80487
7.80487
7.80487
7.80487
7.80487
7.80487
7.80511
7.80511
7.80511
7.80511
7.80511
7.80511
7.80511
7.80511
7.80511
7.80511
7.80511
7.80511
7.80511
7.80511
7.80511
7.80511
7.80511
7.80511
7.80511
7.80511
7.80511
7.80511
7.80511
7.80511
7.80511
7.80511
7.80511
7.80511
7.80511
7.80511
7.80511
7.80511
7.80511
7.80511
7.80511
7.80511
7.80511
7.80511
7.80582
7.80582
7.80582
7.80582
7.80582
7.80582
7.80582
7.80582
7.80582
7.80582
7.80582
7.80582
7.80582
7.80582
7.80582
7.80582
7.80606
7.80606
7.80606
7.80606
7.80606
7.80606
7.80606
7.80606
7.80606
7.80606
7.80606
7.80606
7.80606
7.80606
7.80606
7.80606
7.80606
7.80606
7.80606
7.80606
7.80606
7.80606
7.80606
7.80606
7.80606
7.80606
7.80606
7.80606
7.80606
7.80606
7.80606
7.80606
7.80606
7.80606
7.80606
7.80606
7.80606
7.80606
7.80606
7.80606
7.80606
7.80606
7.80606
7.80606
7.80678
7.80678
7.80678
7.80678
7.80678
7.80678
7.80702
7.80702
7.80702
7.80702
7.80702
7.80702
7.80702
7.80702
7.80702
7.80702
7.80702
7.80702
7.80702
7.80702
7.80702
7.80702
7.80702
7.80702
7.80702
7.80702
7.80702
7.80702
7.80702
7.80702
7.80702
7.80702
7.80702
7.80702
7.80702
7.80702
7.80702
7.80702
7.80702
7.80702
7.80702
7.80702
7.80702
7.80702
7.80702
7.80702
7.80702
7.80702
7.80702
7.80702
7.80702
7.80702
7.80702
7.80702
7.80702
7.80702
7.80702
7.80702
7.80702
7.80702
7.80702
7.80702
7.80702
7.80702
7.80702
7.80702
7.80702
7.80702
7.80702
7.80702
7.80702
7.80702
7.80702
7.80702
7.80702
7.80702
7.80702
7.80702
7.80702
7.80702
7.80702
7.80702
7.80702
7.80702
7.80702
7.80702
7.80702
7.80702
7.80702
7.80702
7.80702
7.80702
7.80702
7.80702
7.80702
7.80702
7.80702
7.80702
7.80702
7.80702
7.80702
7.80702
7.80702
7.80797
7.80797
7.80797
7.80797
7.80797
7.80797
7.80797
7.80797
7.80797
7.80797
7.80797
7.80797
7.80797
7.80797
7.80797
7.80797
7.80797
7.80797
7.80797
7.80797
7.80797
7.80797
7.80797
7.80797
7.80797
7.80797
7.80797
7.80797
7.80797
7.80797
7.80797
7.80797
7.80797
7.80797
7.80797
7.80797
7.80797
7.80797
7.80797
7.80797
7.80797
7.80797
7.80797
7.80797
7.80797
7.80797
7.80797
7.80797
7.80797
7.80797
7.80797
7.80797
7.80797
7.80797
7.80797
7.80797
7.80797
7.80797
7.80797
7.80797
7.80797
7.80797
7.80797
7.80797
7.80797
7.80797
7.80797
7.80797
7.80797
7.80797
7.80797
7.80797
7.80797
7.80797
7.80797
7.80797
7.80797
7.80797
7.80797
7.80797
7.80797
7.80797
7.80821
7.80821
7.80821
7.80821
7.80821
7.80892
7.80892
7.80892
7.80892
7.80892
7.80892
7.80892
7.80892
7.80892
7.80892
7.80892
7.80892
7.80892
7.80892
7.80892
7.80892
7.80892
7.80892
7.80892
7.80892
7.80892
7.80892
7.80892
7.80892
7.80892
7.80892
7.80892
7.80892
7.80892
7.80892
7.80892
7.80892
7.80892
7.80892
7.80892
7.80892
7.80892
7.80892
7.80892
7.80916
7.80916
7.80916
7.80916
7.80916
7.80916
7.80916
7.80916
7.80916
7.80916
7.80916
7.80916
7.80916
7.80916
7.80916
7.80916
7.80916
7.80916
7.80916
7.80916
7.80916
7.80916
7.80916
7.80916
7.80916
7.80916
7.80988
7.80988
7.80988
7.80988
7.80988
7.80988
7.80988
7.80988
7.80988
7.80988
7.80988
7.80988
7.80988
7.80988
7.80988
7.80988
7.80988
7.80988
7.80988
7.80988
7.80988
7.80988
7.80988
7.80988
7.80988
7.80988
7.80988
7.80988
7.80988
7.80988
7.80988
7.81012
7.81012
7.81012
7.81012
7.81012
7.81012
7.81012
7.81012
7.81012
7.81012
7.81012
7.81012
7.81012
7.81012
7.81012
7.81012
7.81012
7.81012
7.81012
7.81012
7.81012
7.81012
7.81012
7.81012
7.81012
7.81012
7.81012
7.81083
7.81083
7.81083
7.81083
7.81083
7.81083
7.81083
7.81107
7.81107
7.81107
7.81107
7.81107
7.81107
7.81107
7.81107
7.81107
7.81107
7.81107
7.81107
7.81107
7.81107
7.81107
7.81107
7.81107
7.81107
7.81107
7.81107
7.81107
7.81107
7.81107
7.81107
7.81107
7.81107
7.81107
7.81107
7.81107
7.81107
7.81107
7.81107
7.81107
7.81107
7.81107
7.81107
7.81107
7.81107
7.81178
7.81178
7.81178
7.81178
7.81178
7.81202
7.81202
7.81202
7.81202
7.81202
7.81202
7.81202
7.81202
7.81202
7.81202
7.81202
7.81202
7.81202
7.81202
7.81202
7.81202
7.81202
7.81202
7.81202
7.81202
7.81202
7.81202
7.81202
7.81202
7.81202
7.81202
7.81202
7.81202
7.81202
7.81202
7.81202
7.81202
7.81202
7.81202
7.81202
7.81202
7.81298
7.81298
7.81298
7.81298
7.81298
7.81298
7.81298
7.81298
7.81298
7.81298
7.81298
7.81298
7.81298
7.81298
7.81298
7.81298
7.81298
7.81298
7.81298
7.81298
7.81298
7.81298
7.81298
7.81298
7.81322
7.81322
7.81322
7.81322
7.81393
7.81393
7.81393
7.81393
7.81393
7.81393
7.81393
7.81393
7.81393
7.81393
7.81393
7.81393
7.81393
7.81393
7.81393
7.81417
7.81417
7.81417
7.81417
7.81417
7.81417
7.81417
7.81417
7.81488
7.81488
7.81488
7.81488
7.81488
7.81488
7.81488
7.81488
7.81488
7.81488
7.81512
7.81512
7.81512
7.81512
7.81512
7.81512
7.81512
7.81512
7.81584
7.81584
7.81584
7.81584
7.81584
7.81584
7.81584
7.81584
7.81584
7.81608
7.81608
7.81608
7.81608
7.81608
7.81608
7.81608
7.81608
7.81608
7.81679
7.81679
7.81703
7.81703
7.81703
7.81703
7.81703
7.81703
7.81703
7.81703
7.81703
7.81703
7.81703
7.81703
7.81703
7.81703
7.81703
7.81798
7.81798
7.81798
7.81798
7.81798
7.81798
7.81798
7.81798
7.81798
7.81798
7.81894
7.81894
7.81894
7.81894
7.81894
7.81894
7.81894
7.81894
7.81894
7.81894
7.81894
7.81894
7.81918
7.81918
7.81918
7.81918
7.81918
7.81918
7.81918
7.81989
7.81989
7.81989
7.81989
7.81989
7.81989
7.81989
7.81989
7.81989
7.81989
7.81989
7.81989
7.82013
7.82013
7.82013
7.82084
7.82108
7.82108
7.82108
7.8218
7.82204
7.82204
7.82204
7.82204
7.82204
7.82204
7.82204
7.82204
7.82204
7.82204
7.82204
7.82204
7.82204
7.82204
7.82204
7.82299
7.82299
7.82299
7.82299
7.82299
7.82299
7.82299
7.82299
7.82299
7.82394
7.82394
7.82394
7.82394
7.82394
7.82394
7.82418
7.82418
7.8249
7.8249
7.82514
7.82585
7.82585
7.82609
7.82609
7.82609
7.82609
7.82609
7.82681
7.82704
7.82704
7.82704
7.82704
7.82704
7.82704
7.82704
7.828
7.828
7.828
7.828
7.82895
7.82895
7.82919
7.82919
7.8299
7.8299
7.8299
7.83014
7.83014
7.83086
7.83086
7.8311
7.8311
7.8311
7.83205
7.83205
7.83205
7.83205
7.83205
7.833
7.833
7.833
7.833
7.833
7.833
7.83396
7.83396
7.83396
7.83396
7.83396
7.83491
7.83491
7.83515
7.83587
7.83587
7.8361
7.8361
7.83682
7.83682
7.83682
7.83706
7.83706
7.83706
7.83706
7.83706
7.83706
7.83801
7.83801
7.83801
7.83801
7.83801
7.83801
7.83801
7.83896
7.83896
7.83896
7.83896
7.83896
7.83896
7.83896
7.83992
7.83992
7.83992
7.83992
7.83992
7.83992
7.83992
7.83992
7.83992
7.83992
7.83992
7.84016
7.84016
7.84016
7.84016
7.84016
7.84087
7.84087
7.84087
7.84087
7.84087
7.84087
7.84087
7.84087
7.84111
7.84111
7.84111
7.84111
7.84111
7.84111
7.84183
7.84206
7.84206
7.84206
7.84206
7.84206
7.84206
7.84206
7.84206
7.84206
7.84206
7.84206
7.84206
7.84206
7.84278
7.84302
7.84302
7.84302
7.84302
7.84302
7.84302
7.84302
7.84302
7.84302
7.84302
7.84302
7.84302
7.84302
7.84302
7.84397
7.84397
7.84397
7.84397
7.84397
7.84397
7.84397
7.84421
7.84492
7.84492
7.84492
7.84516
7.84516
7.84588
7.84588
7.84588
7.84588
7.84588
7.84588
7.84588
7.84588
7.84612
7.84683
7.84683
7.84683
7.84707
7.84707
7.84707
7.84707
7.84707
7.84707
7.84707
7.84779
7.84802
7.84802
7.84802
7.84802
7.84802
7.84802
7.84898
7.84898
7.84898
7.84898
7.84993
7.84993
7.84993
7.84993
7.84993
7.84993
7.85089
7.85208
7.85208
7.85208
7.85208
7.85208
7.85303
7.85303
7.85398
7.85398
7.85494
7.85518
7.85518
7.85685
7.85685
7.85708
7.85708
7.85708
7.85708
7.8578
7.85804
7.85804
7.85804
7.85899
7.85899
7.85899
7.85995
7.85995
7.8609
7.86114
7.86114
7.86185
7.86209
7.86281
7.86281
7.86281
7.86281
7.86304
7.86304
7.86304
7.86304
7.86304
7.864
7.864
7.86495
7.86591
7.86614
7.86614
7.86686
7.8671
7.8671
7.8671
7.8671
7.8671
7.86781
7.86781
7.86805
7.86805
7.86805
7.86805
7.86877
7.86901
7.86901
7.86901
7.86901
7.86901
7.86901
7.86996
7.86996
7.86996
7.86996
7.86996
7.86996
7.86996
7.86996
7.8702
7.87091
7.87091
7.87091
7.87091
7.87091
7.87091
7.87115
7.87115
7.87115
7.87187
7.87187
7.87187
7.8721
7.8721
7.8721
7.8721
7.87282
7.87282
7.87282
7.87282
7.87282
7.87306
7.87306
7.87306
7.87306
7.87306
7.87306
7.87306
7.87306
7.87306
7.87306
7.87306
7.87377
7.87401
7.87401
7.87401
7.87401
7.87401
7.87401
7.87401
7.87401
7.87401
7.87401
7.87401
7.87401
7.87401
7.87401
7.87497
7.87497
7.87497
7.87497
7.87497
7.87497
7.87497
7.87497
7.87497
7.87497
7.8752
7.8752
7.87592
7.87592
7.87592
7.87592
7.87592
7.87592
7.87592
7.87616
7.87616
7.87616
7.87616
7.87687
7.87687
7.87687
7.87687
7.87687
7.87687
7.87687
7.87711
7.87783
7.87783
7.87783
7.87783
7.87807
7.87807
7.87807
7.87807
7.87807
7.87807
7.87902
7.87902
7.87997
7.87997
7.87997
7.87997
7.87997
7.87997
7.88093
7.88188
7.88188
7.88188
7.88212
7.88212
7.88212
7.88283
7.88307
7.88307
7.88307
7.88307
7.88307
7.88307
7.88403
7.88403
7.88498
7.88498
7.88522
7.88593
7.88593
7.88617
7.88617
7.88617
7.88617
7.88617
7.88617
7.88689
7.88689
7.88689
7.88713
7.88713
7.88713
7.88713
7.88784
7.88784
7.88808
7.88808
7.88808
7.88808
7.88879
7.88879
7.88903
7.88903
7.88903
7.88999
7.88999
7.88999
7.88999
7.88999
7.89022
7.89094
7.89094
7.89118
7.89189
7.89189
7.89189
7.89189
7.89189
7.89189
7.89213
7.89213
7.89213
7.89285
7.89285
7.89285
7.89309
7.89309
7.89309
7.89309
7.89404
7.89404
7.89404
7.89404
7.89404
7.89404
7.89404
7.89404
7.89499
7.89499
7.89499
7.89499
7.89499
7.89523
7.89523
7.89523
7.89523
7.89595
7.89595
7.89595
7.89595
7.89595
7.89595
7.89595
7.89595
7.8969
7.8969
7.8969
7.8969
7.8969
7.8969
7.8969
7.8969
7.8969
7.89714
7.89714
7.89785
7.89785
7.89785
7.89785
7.89785
7.89785
7.89785
7.89785
7.89785
7.89785
7.89785
7.89809
7.89809
7.89809
7.89809
7.89809
7.89809
7.89881
7.89881
7.89905
7.89905
7.89905
7.89905
7.89905
7.89905
7.89905
7.89905
7.89905
7.89905
7.89905
7.89905
7.89905
7.89905
7.89905
7.89905
7.89905
7.9
7.9
7.9
7.9
7.9
7.9
7.9
7.9
7.9
7.9
7.9
7.9
7.9
7.9
7.9
7.9
7.9
7.9
7.9
7.9
7.9
7.9
7.9
7.90095
7.90095
7.90095
7.90095
7.90095
7.90095
7.90095
7.90095
7.90095
7.90095
7.90095
7.90095
7.90095
7.90095
7.90095
7.90095
7.90095
7.90095
7.90095
7.90095
7.90095
7.90095
7.90119
7.90119
7.90119
7.90119
7.90191
7.90191
7.90191
7.90191
7.90191
7.90191
7.90191
7.90191
7.90191
7.90191
7.90191
7.90191
7.90191
7.90191
7.90191
7.90191
7.90191
7.90191
7.90191
7.90191
7.90191
7.90191
7.90191
7.90191
7.90191
7.90215
7.90215
7.90215
7.90215
7.90215
7.90215
7.90215
7.90215
7.90215
7.90215
7.90215
7.90215
7.90286
7.90286
7.90286
7.90286
7.90286
7.90286
7.90286
7.90286
7.90286
7.90286
7.90286
7.90286
7.90286
7.90286
7.90286
7.90286
7.90286
7.90286
7.90286
7.90286
7.90286
7.90286
7.90286
7.90286
7.90286
7.90286
7.9031
7.9031
7.9031
7.9031
7.9031
7.9031
7.9031
7.9031
7.9031
7.9031
7.9031
7.9031
7.9031
7.9031
7.9031
7.9031
7.9031
7.9031
7.9031
7.9031
7.9031
7.9031
7.9031
7.9031
7.9031
7.9031
7.9031
7.9031
7.9031
7.9031
7.90381
7.90381
7.90381
7.90381
7.90381
7.90381
7.90381
7.90381
7.90381
7.90381
7.90381
7.90381
7.90381
7.90381
7.90405
7.90405
7.90405
7.90405
7.90405
7.90405
7.90405
7.90405
7.90405
7.90405
7.90405
7.90405
7.90405
7.90405
7.90405
7.90405
7.90405
7.90405
7.90405
7.90405
7.90405
7.90405
7.90405
7.90405
7.90405
7.90405
7.90405
7.90405
7.90405
7.90405
7.90405
7.90405
7.90405
7.90405
7.90405
7.90405
7.90405
7.90405
7.90477
7.90477
7.90501
7.90501
7.90501
7.90501
7.90501
7.90501
7.90501
7.90501
7.90501
7.90501
7.90501
7.90501
7.90501
7.90501
7.90501
7.90501
7.90501
7.90501
7.90501
7.90501
7.90501
7.90501
7.90501
7.90501
7.90501
7.90501
7.90501
7.90501
7.90501
7.90501
7.90501
7.90501
7.90501
7.90501
7.90501
7.90501
7.90501
7.90501
7.90501
7.90501
7.90501
7.90501
7.90501
7.90501
7.90501
7.90501
7.90501
7.90501
7.90501
7.90501
7.90501
7.90501
7.90501
7.90501
7.90596
7.90596
7.90596
7.90596
7.90596
7.90596
7.90596
7.90596
7.90596
7.90596
7.90596
7.90596
7.90596
7.90596
7.90596
7.90596
7.90596
7.90596
7.90596
7.90596
7.90596
7.90596
7.90596
7.90596
7.90596
7.90596
7.90596
7.90596
7.90596
7.90596
7.90596
7.90596
7.90596
7.90596
7.90596
7.90596
7.90596
7.90596
7.90596
7.90596
7.90596
7.90596
7.90596
7.90596
7.90596
7.90596
7.90596
7.90596
7.90596
7.90596
7.90596
7.90596
7.90596
7.90596
7.90596
7.90596
7.90596
7.90596
7.90596
7.90596
7.90596
7.90596
7.90596
7.90596
7.90596
7.90596
7.90596
7.90596
7.90596
7.90596
7.90596
7.90596
7.90596
7.90596
7.90596
7.9062
7.9062
7.9062
7.9062
7.9062
7.9062
7.9062
7.9062
7.9062
7.9062
7.9062
7.9062
7.90691
7.90691
7.90691
7.90691
7.90691
7.90691
7.90691
7.90691
7.90691
7.90691
7.90691
7.90691
7.90691
7.90691
7.90691
7.90691
7.90691
7.90691
7.90691
7.90691
7.90691
7.90691
7.90691
7.90691
7.90691
7.90691
7.90691
7.90691
7.90691
7.90691
7.90691
7.90691
7.90691
7.90691
7.90691
7.90691
7.90691
7.90691
7.90691
7.90691
7.90691
7.90691
7.90691
7.90691
7.90691
7.90691
7.90691
7.90691
7.90691
7.90691
7.90691
7.90691
7.90691
7.90691
7.90691
7.90715
7.90715
7.90715
7.90715
7.90715
7.90715
7.90715
7.90715
7.90715
7.90715
7.90715
7.90715
7.90715
7.90715
7.90715
7.90715
7.90715
7.90715
7.90715
7.90715
7.90715
7.90715
7.90715
7.90715
7.90715
7.90715
7.90715
7.90715
7.90715
7.90715
7.90715
7.90715
7.90715
7.90715
7.90715
7.90787
7.90787
7.90787
7.90787
7.90787
7.90787
7.90787
7.90787
7.90787
7.90787
7.90787
7.90787
7.90787
7.90787
7.90787
7.90787
7.90787
7.90787
7.90787
7.90787
7.90787
7.90787
7.90787
7.90787
7.90787
7.90787
7.90787
7.90787
7.90787
7.90787
7.90787
7.90787
7.90787
7.90787
7.90787
7.90787
7.90787
7.90787
7.90787
7.90787
7.90787
7.90787
7.90787
7.90787
7.90787
7.90787
7.90787
7.90811
7.90811
7.90811
7.90811
7.90811
7.90811
7.90811
7.90811
7.90811
7.90811
7.90811
7.90811
7.90811
7.90811
7.90811
7.90811
7.90811
7.90811
7.90811
7.90811
7.90811
7.90811
7.90811
7.90811
7.90811
7.90811
7.90811
7.90811
7.90811
7.90811
7.90811
7.90811
7.90811
7.90811
7.90811
7.90811
7.90811
7.90811
7.90811
7.90811
7.90811
7.90811
7.90811
7.90811
7.90811
7.90811
7.90811
7.90811
7.90811
7.90811
7.90811
7.90811
7.90811
7.90811
7.90811
7.90811
7.90811
7.90811
7.90882
7.90882
7.90882
7.90882
7.90882
7.90882
7.90882
7.90882
7.90882
7.90882
7.90882
7.90882
7.90882
7.90882
7.90882
7.90882
7.90882
7.90882
7.90882
7.90882
7.90882
7.90882
7.90882
7.90882
7.90882
7.90882
7.90882
7.90906
7.90906
7.90906
7.90906
7.90906
7.90906
7.90906
7.90906
7.90906
7.90906
7.90906
7.90906
7.90906
7.90906
7.90906
7.90906
7.90906
7.90906
7.90906
7.90906
7.90906
7.90906
7.90906
7.90906
7.90906
7.90906
7.90906
7.90906
7.90906
7.90906
7.90906
7.90906
7.90906
7.90906
7.90906
7.90906
7.90906
7.90906
7.90906
7.90906
7.90906
7.90906
7.90906
7.90906
7.90906
7.90906
7.90906
7.90977
7.90977
7.90977
7.91001
7.91001
7.91001
7.91001
7.91001
7.91001
7.91001
7.91001
7.91001
7.91001
7.91001
7.91001
7.91001
7.91001
7.91001
7.91001
7.91001
7.91001
7.91001
7.91001
7.91001
7.91001
7.91001
7.91001
7.91001
7.91001
7.91001
7.91001
7.91001
7.91001
7.91001
7.91001
7.91001
7.91001
7.91001
7.91001
7.91001
7.91001
7.91001
7.91001
7.91001
7.91001
7.91001
7.91001
7.91001
7.91001
7.91001
7.91001
7.91001
7.91001
7.91001
7.91001
7.91001
7.91001
7.91001
7.91001
7.91001
7.91001
7.91001
7.91001
7.91001
7.91001
7.91001
7.91001
7.91001
7.91001
7.91001
7.91001
7.91097
7.91097
7.91097
7.91097
7.91097
7.91097
7.91097
7.91097
7.91097
7.91097
7.91097
7.91097
7.91097
7.91097
7.91097
7.91097
7.91097
7.91097
7.91097
7.91097
7.91097
7.91097
7.91097
7.91097
7.91097
7.91097
7.91097
7.91097
7.91097
7.91097
7.91097
7.91097
7.91097
7.91097
7.91097
7.91097
7.91097
7.91097
7.91097
7.91097
7.91097
7.91097
7.91097
7.91121
7.91121
7.91121
7.91121
7.91192
7.91192
7.91192
7.91192
7.91192
7.91192
7.91192
7.91192
7.91192
7.91192
7.91192
7.91192
7.91192
7.91192
7.91192
7.91192
7.91192
7.91192
7.91192
7.91192
7.91192
7.91192
7.91192
7.91192
7.91192
7.91192
7.91192
7.91192
7.91192
7.91216
7.91216
7.91216
7.91216
7.91216
7.91216
7.91216
7.91216
7.91216
7.91216
7.91216
7.91216
7.91216
7.91287
7.91287
7.91287
7.91287
7.91287
7.91287
7.91287
7.91287
7.91287
7.91287
7.91311
7.91311
7.91311
7.91311
7.91311
7.91311
7.91311
7.91311
7.91311
7.91311
7.91311
7.91311
7.91383
7.91383
7.91383
7.91383
7.91383
7.91383
7.91407
7.91407
7.91407
7.91407
7.91407
7.91407
7.91407
7.91407
7.91407
7.91407
7.91478
7.91502
7.91502
7.91502
7.91502
7.91502
7.91502
7.91502
7.91502
7.91502
7.91502
7.91502
7.91502
7.91502
7.91502
7.91502
7.91502
7.91502
7.91502
7.91502
7.91597
7.91597
7.91597
7.91597
7.91597
7.91597
7.91597
7.91597
7.91597
7.91597
7.91597
7.91597
7.91597
7.91597
7.91597
7.91597
7.91597
7.91597
7.91597
7.91621
7.91693
7.91693
7.91693
7.91693
7.91693
7.91717
7.91717
7.91788
7.91788
7.91788
7.91788
7.91788
7.91788
7.91788
7.91812
7.91812
7.91812
7.91812
7.91812
7.91883
7.91883
7.91883
7.91883
7.91883
7.91907
7.91907
7.91907
7.91907
7.91907
7.91907
7.91907
7.91907
7.91907
7.92003
7.92003
7.92003
7.92003
7.92003
7.92003
7.92003
7.92003
7.92098
7.92098
7.92098
7.92098
7.92098
7.92098
7.92098
7.92098
7.92098
7.92098
7.92193
7.92193
7.92193
7.92193
7.92193
7.92193
7.92217
7.92217
7.92217
7.92289
7.92289
7.92313
7.92313
7.92384
7.92408
7.92408
7.92408
7.92408
7.92503
7.92503
7.92503
7.92503
7.92503
7.92503
7.92503
7.92599
7.92599
7.92623
7.92694
7.92694
7.92718
7.92789
7.92789
7.92789
7.92813
7.92813
7.92813
7.92885
7.92885
7.92909
7.92909
7.92909
7.92909
7.93004
7.93004
7.93004
7.93004
7.93004
7.93099
7.93099
7.93099
7.93099
7.93123
7.93219
7.93314
7.93386
7.93386
7.93409
7.93409
7.93409
7.93481
7.93505
7.93505
7.93505
7.93505
7.93505
7.93505
7.93505
7.936
7.936
7.936
7.936
7.936
7.936
7.936
7.936
7.93695
7.93695
7.93719
7.93791
7.93791
7.93791
7.93815
7.93815
7.93815
7.93815
7.93886
7.93886
7.93886
7.9391
7.9391
7.9391
7.9391
7.9391
7.93982
7.94005
7.94005
7.94005
7.94005
7.94005
7.94101
7.94101
7.94101
7.94101
7.94101
7.94101
7.94101
7.94101
7.94101
7.94101
7.94101
7.94196
7.94196
7.94196
7.94196
7.94196
7.94196
7.94196
7.9422
7.94291
7.94291
7.94291
7.94291
7.94315
7.94315
7.94315
7.94387
7.94387
7.94387
7.94387
7.94411
7.94411
7.94411
7.94506
7.94506
7.94506
7.94506
7.94506
7.94506
7.94506
7.94506
7.94506
7.94601
7.94601
7.94601
7.94601
7.94601
7.94601
7.94601
7.94601
7.94601
7.94601
7.94697
7.94697
7.94697
7.94697
7.94697
7.94697
7.94697
7.94697
7.94792
7.94792
7.94792
7.94792
7.94816
7.94888
7.94888
7.94888
7.94911
7.94983
7.95007
7.95007
7.95007
7.95102
7.95102
7.95197
7.95197
7.95197
7.95197
7.95293
7.95293
7.95293
7.95293
7.95412
7.95507
7.95603
7.95603
7.95603
7.95603
7.95817
7.95913
7.95984
7.96008
7.96103
7.96103
7.96199
7.96199
7.96294
7.96318
7.96318
7.9639
7.9639
7.96485
7.96604
7.967
7.967
7.96795
7.96795
7.96819
7.96819
7.9689
7.9689
7.9689
7.9689
7.9689
7.97009
7.97009
7.97009
7.97009
7.97105
7.97105
7.97105
7.97105
7.97105
7.97176
7.972
7.972
7.972
7.972
7.972
7.972
7.972
7.972
7.97296
7.97296
7.97296
7.97296
7.97296
7.97296
7.97319
7.97319
7.97319
7.97319
7.97391
7.97391
7.97391
7.97415
7.97415
7.97486
7.97486
7.97486
7.9751
7.9751
7.9751
7.9751
7.97582
7.97606
7.97606
7.97606
7.97677
7.97677
7.97701
7.97701
7.97701
7.97701
7.97701
7.97701
7.97701
7.97796
7.97796
7.97796
7.9782
7.97892
7.97892
7.97892
7.97915
7.97987
7.97987
7.98082
7.98106
7.98106
7.98178
7.98178
7.98178
7.98202
7.98202
7.98202
7.98297
7.98297
7.98297
7.98297
7.98321
7.98392
7.98392
7.98392
7.98392
7.98392
7.98416
7.98488
7.98512
7.98583
7.98583
7.98607
7.98607
7.98607
7.98607
7.98607
7.98607
7.98678
7.98702
7.98702
7.98702
7.98702
7.98798
7.98893
7.98893
7.98893
7.98917
7.98917
7.98988
7.99012
7.99012
7.99108
7.99179
7.99179
7.99203
7.99203
7.99203
7.99298
7.99298
7.99298
7.99298
7.99298
7.99298
7.99394
7.99394
7.99394
7.99394
7.99394
7.99394
7.99417
7.99417
7.99417
7.99489
7.99489
7.99489
7.99489
7.99489
7.99489
7.99489
7.99513
7.99513
7.99584
7.99584
7.99584
7.99584
7.99608
7.99608
7.99608
7.99608
7.9968
7.9968
7.99704
7.99704
7.99704
7.99704
7.99704
7.99704
7.99704
7.99704
7.99704
7.99704
7.99704
7.99799
7.99799
7.99799
7.99799
7.99799
7.99799
7.99799
7.99799
7.99799
7.99799
7.99799
7.99799
7.99799
7.99799
7.99799
7.99799
7.99823
7.99894
7.99894
7.99894
7.99894
7.99894
7.99894
7.99894
7.99894
7.99894
7.99894
7.99894
7.99894
7.99894
7.99894
7.99894
7.99894
7.99918
7.99918
7.9999
7.9999
7.9999
7.9999
7.9999
7.9999
7.9999
7.9999
7.9999
7.9999
7.9999
7.9999
7.9999
7.9999
7.9999
7.9999
7.9999
7.9999
7.9999
8.00014
8.00014
8.00014
8.00014
8.00014
8.00014
8.00014
8.00014
8.00014
8.00014
8.00085
8.00085
8.00085
8.00085
8.00085
8.00085
8.00085
8.00109
8.00109
8.00109
8.00109
8.00109
8.00109
8.00109
8.00109
8.00109
8.00109
8.00109
8.00109
8.00109
8.00109
8.00109
8.00109
8.00109
8.00109
8.00109
8.00109
8.0018
8.0018
8.0018
8.0018
8.0018
8.0018
8.0018
8.00204
8.00204
8.00204
8.00204
8.00204
8.00204
8.00204
8.00204
8.00204
8.00204
8.00204
8.00204
8.00204
8.00204
8.00204
8.00204
8.00204
8.00204
8.00204
8.00204
8.00204
8.00204
8.00204
8.00204
8.00204
8.00204
8.00204
8.00204
8.00204
8.003
8.003
8.003
8.003
8.003
8.003
8.003
8.003
8.003
8.003
8.003
8.003
8.003
8.003
8.003
8.003
8.003
8.003
8.003
8.003
8.003
8.003
8.003
8.003
8.003
8.003
8.003
8.003
8.003
8.003
8.003
8.003
8.003
8.003
8.003
8.003
8.003
8.003
8.003
8.003
8.003
8.003
8.00323
8.00323
8.00395
8.00395
8.00395
8.00395
8.00395
8.00395
8.00395
8.00395
8.00395
8.00395
8.00395
8.00395
8.00395
8.00395
8.00395
8.00395
8.00395
8.00395
8.00395
8.00395
8.00395
8.00395
8.00395
8.00395
8.00395
8.00395
8.00395
8.00395
8.00395
8.00395
8.00395
8.00395
8.00395
8.00419
8.00419
8.00419
8.00419
8.00419
8.00419
8.00419
8.00419
8.00419
8.0049
8.0049
8.0049
8.0049
8.0049
8.0049
8.0049
8.0049
8.0049
8.0049
8.0049
8.0049
8.0049
8.0049
8.0049
8.0049
8.0049
8.0049
8.0049
8.0049
8.0049
8.0049
8.0049
8.0049
8.0049
8.0049
8.0049
8.0049
8.00514
8.00514
8.00514
8.00514
8.00514
8.00514
8.00514
8.00514
8.00514
8.00514
8.00514
8.00514
8.00514
8.00514
8.00514
8.00514
8.00514
8.00514
8.00514
8.00514
8.00514
8.00514
8.00586
8.00586
8.00586
8.00586
8.00586
8.00586
8.00586
8.00586
8.00586
8.00586
8.00586
8.00586
8.00586
8.00586
8.00586
8.00586
8.00586
8.00586
8.00586
8.00586
8.00586
8.00586
8.00586
8.00586
8.00586
8.00586
8.00586
8.00586
8.00586
8.00586
8.00586
8.00586
8.00586
8.00586
8.0061
8.0061
8.0061
8.0061
8.0061
8.0061
8.0061
8.0061
8.0061
8.0061
8.0061
8.0061
8.0061
8.0061
8.0061
8.0061
8.0061
8.0061
8.0061
8.0061
8.0061
8.0061
8.0061
8.0061
8.0061
8.0061
8.0061
8.0061
8.0061
8.0061
8.0061
8.0061
8.0061
8.0061
8.0061
8.0061
8.0061
8.0061
8.0061
8.0061
8.0061
8.0061
8.0061
8.0061
8.0061
8.0061
8.0061
8.0061
8.0061
8.0061
8.0061
8.0061
8.0061
8.0061
8.0061
8.0061
8.0061
8.0061
8.0061
8.0061
8.0061
8.0061
8.0061
8.0061
8.0061
8.0061
8.0061
8.00681
8.00681
8.00681
8.00681
8.00681
8.00681
8.00681
8.00681
8.00681
8.00681
8.00681
8.00681
8.00681
8.00681
8.00681
8.00681
8.00681
8.00681
8.00681
8.00681
8.00681
8.00681
8.00681
8.00681
8.00681
8.00681
8.00681
8.00681
8.00681
8.00681
8.00681
8.00681
8.00681
8.00705
8.00705
8.00705
8.00705
8.00705
8.00705
8.00705
8.00705
8.00705
8.00705
8.00705
8.00705
8.00705
8.00705
8.00705
8.00705
8.00705
8.00705
8.00705
8.00705
8.00705
8.00705
8.00705
8.00705
8.00705
8.00705
8.00705
8.00705
8.00705
8.00705
8.00705
8.00705
8.00705
8.00705
8.00705
8.00705
8.00705
8.00705
8.00705
8.00705
8.00705
8.00705
8.00705
8.00705
8.00705
8.00705
8.00705
8.00705
8.00705
8.00705
8.00705
8.00705
8.00705
8.00705
8.00705
8.00705
8.00705
8.00705
8.00705
8.00705
8.00705
8.00705
8.00705
8.00705
8.00705
8.00705
8.00705
8.00705
8.00705
8.00705
8.00705
8.00705
8.00705
8.00705
8.00705
8.00705
8.00705
8.00705
8.00705
8.00705
8.00705
8.00705
8.00705
8.00705
8.00705
8.00705
8.00705
8.00776
8.00776
8.008
8.008
8.008
8.008
8.008
8.008
8.008
8.008
8.008
8.008
8.008
8.008
8.008
8.008
8.008
8.008
8.008
8.008
8.008
8.008
8.008
8.008
8.008
8.008
8.008
8.008
8.008
8.008
8.008
8.008
8.008
8.008
8.008
8.008
8.008
8.008
8.008
8.008
8.008
8.008
8.008
8.008
8.008
8.008
8.008
8.008
8.008
8.008
8.008
8.008
8.008
8.008
8.008
8.008
8.008
8.008
8.008
8.008
8.008
8.008
8.008
8.008
8.008
8.008
8.008
8.008
8.008
8.008
8.008
8.008
8.008
8.008
8.008
8.008
8.008
8.008
8.008
8.008
8.008
8.008
8.008
8.008
8.008
8.008
8.008
8.008
8.008
8.008
8.008
8.008
8.008
8.008
8.008
8.008
8.008
8.008
8.008
8.008
8.008
8.008
8.008
8.008
8.008
8.008
8.008
8.008
8.008
8.008
8.008
8.008
8.008
8.008
8.008
8.008
8.008
8.008
8.008
8.008
8.008
8.008
8.008
8.008
8.00896
8.00896
8.00896
8.00896
8.00896
8.00896
8.00896
8.00896
8.00896
8.00896
8.00896
8.00896
8.00896
8.00896
8.00896
8.00896
8.00896
8.00896
8.00896
8.00896
8.00896
8.00896
8.00896
8.00896
8.00896
8.00896
8.00896
8.00896
8.00896
8.00896
8.00896
8.00896
8.00896
8.00896
8.00896
8.00896
8.00896
8.00896
8.00896
8.00896
8.00896
8.00896
8.00896
8.00896
8.00896
8.00896
8.00896
8.00896
8.00896
8.00896
8.00896
8.00896
8.00896
8.00896
8.00896
8.00896
8.00896
8.00896
8.00896
8.00896
8.00896
8.00896
8.0092
8.0092
8.0092
8.0092
8.0092
8.0092
8.0092
8.0092
8.0092
8.0092
8.0092
8.0092
8.0092
8.0092
8.0092
8.0092
8.00991
8.00991
8.00991
8.00991
8.00991
8.00991
8.00991
8.00991
8.00991
8.00991
8.00991
8.00991
8.00991
8.00991
8.00991
8.00991
8.00991
8.00991
8.00991
8.00991
8.00991
8.00991
8.00991
8.00991
8.00991
8.00991
8.00991
8.00991
8.00991
8.00991
8.00991
8.00991
8.00991
8.00991
8.00991
8.00991
8.00991
8.00991
8.00991
8.00991
8.00991
8.00991
8.00991
8.00991
8.00991
8.01015
8.01015
8.01015
8.01015
8.01015
8.01015
8.01015
8.01015
8.01015
8.01015
8.01015
8.01015
8.01015
8.01015
8.01015
8.01015
8.01015
8.01015
8.01015
8.01015
8.01015
8.01015
8.01015
8.01015
8.01015
8.01015
8.01015
8.01015
8.01015
8.01086
8.01086
8.01086
8.01086
8.01086
8.01086
8.01086
8.01086
8.01086
8.01086
8.01086
8.01086
8.01086
8.01086
8.01086
8.01086
8.01086
8.01086
8.01086
8.01086
8.01086
8.01086
8.01086
8.01086
8.01086
8.01086
8.01086
8.01086
8.01086
8.01086
8.01086
8.01086
8.01086
8.01086
8.0111
8.0111
8.0111
8.0111
8.0111
8.0111
8.0111
8.0111
8.0111
8.0111
8.0111
8.0111
8.0111
8.0111
8.0111
8.0111
8.0111
8.0111
8.0111
8.0111
8.0111
8.0111
8.0111
8.0111
8.0111
8.0111
8.0111
8.01182
8.01182
8.01182
8.01182
8.01182
8.01182
8.01182
8.01206
8.01206
8.01206
8.01206
8.01206
8.01206
8.01206
8.01206
8.01206
8.01206
8.01206
8.01206
8.01206
8.01206
8.01206
8.01206
8.01206
8.01206
8.01206
8.01206
8.01206
8.01206
8.01206
8.01206
8.01206
8.01206
8.01206
8.01206
8.01206
8.01206
8.01277
8.01301
8.01301
8.01301
8.01301
8.01301
8.01301
8.01301
8.01301
8.01301
8.01301
8.01301
8.01301
8.01301
8.01301
8.01301
8.01301
8.01301
8.01301
8.01301
8.01301
8.01301
8.01301
8.01301
8.01301
8.01301
8.01301
8.01301
8.01301
8.01301
8.01301
8.01301
8.01301
8.01301
8.01301
8.01396
8.01396
8.01396
8.01396
8.01396
8.01396
8.01396
8.01396
8.01396
8.01396
8.01396
8.01396
8.01396
8.01396
8.01396
8.01396
8.01396
8.01396
8.01396
8.0142
8.0142
8.0142
8.0142
8.01492
8.01492
8.01492
8.01492
8.01492
8.01492
8.01492
8.01492
8.01492
8.01492
8.01492
8.01492
8.01492
8.01492
8.01516
8.01516
8.01516
8.01516
8.01516
8.01516
8.01516
8.01516
8.01516
8.01516
8.01516
8.01587
8.01587
8.01587
8.01587
8.01587
8.01587
8.01587
8.01587
8.01587
8.01587
8.01587
8.01587
8.01587
8.01611
8.01611
8.01611
8.01611
8.01611
8.01611
8.01611
8.01611
8.01611
8.01611
8.01611
8.01611
8.01611
8.01611
8.01682
8.01682
8.01682
8.01682
8.01706
8.01706
8.01706
8.01706
8.01706
8.01706
8.01706
8.01706
8.01706
8.01706
8.01706
8.01706
8.01706
8.01706
8.01706
8.01706
8.01706
8.01706
8.01706
8.01706
8.01778
8.01802
8.01802
8.01802
8.01802
8.01802
8.01802
8.01802
8.01802
8.01802
8.01802
8.01802
8.01802
8.01802
8.01802
8.01802
8.01802
8.01802
8.01802
8.01802
8.01802
8.01897
8.01897
8.01897
8.01897
8.01897
8.01897
8.01897
8.01897
8.01921
8.01992
8.01992
8.01992
8.01992
8.01992
8.02016
8.02016
8.02088
8.02088
8.02112
8.02112
8.02183
8.02207
8.02207
8.02207
8.02207
8.02207
8.02207
8.02207
8.02207
8.02207
8.02207
8.02207
8.02207
8.02207
8.02207
8.02279
8.02302
8.02302
8.02302
8.02398
8.02398
8.02422
8.02493
8.02493
8.02493
8.02493
8.02493
8.02517
8.02588
8.02612
8.02612
8.02612
8.02612
8.02708
8.02708
8.02803
8.02803
8.02803
8.02898
8.02898
8.02994
8.03018
8.03089
8.03113
8.03113
8.03113
8.03185
8.03185
8.03208
8.03208
8.03208
8.03208
8.03304
8.03304
8.03304
8.03399
8.03399
8.03399
8.03399
8.03494
8.03494
8.03518
8.03518
8.0359
8.03614
8.03614
8.03685
8.03709
8.03804
8.03804
8.03804
8.03804
8.03804
8.03804
8.039
8.039
8.039
8.039
8.039
8.03995
8.03995
8.03995
8.03995
8.03995
8.03995
8.03995
8.03995
8.03995
8.04019
8.0409
8.0409
8.0409
8.0409
8.04114
8.04114
8.04186
8.04186
8.04186
8.04186
8.04186
8.04186
8.04186
8.0421
8.0421
8.0421
8.04281
8.04281
8.04305
8.04305
8.04305
8.04305
8.04305
8.04305
8.044
8.044
8.044
8.044
8.044
8.044
8.044
8.044
8.044
8.04496
8.04496
8.04496
8.0452
8.0452
8.04591
8.04591
8.04591
8.04615
8.04687
8.04687
8.0471
8.0471
8.0471
8.04901
8.04901
8.04901
8.04901
8.04996
8.04996
8.04996
8.0502
8.0502
8.0502
8.05092
8.05116
8.05116
8.05211
8.05306
8.05306
8.05402
8.05402
8.05402
8.05402
8.05402
8.05497
8.05497
8.05593
8.05593
8.05688
8.05902
8.05902
8.06022
8.06093
8.06093
8.06093
8.06189
8.06212
8.06308
8.06308
8.06403
8.06403
8.06403
8.06403
8.06594
8.06594
8.06689
8.06689
8.06713
8.06713
8.06713
8.06785
8.06785
8.06808
8.06808
8.06904
8.06904
8.06904
8.06904
8.06904
8.06999
8.06999
8.06999
8.06999
8.07095
8.0719
8.0719
8.0719
8.07214
8.07214
8.07285
8.07309
8.07309
8.07405
8.075
8.075
8.075
8.07595
8.07691
8.07786
8.07786
8.07905
8.08001
8.08001
8.08096
8.08096
8.08287
8.08406
8.08501
8.08597
8.08716
8.08811
8.08907
8.09002
8.09002
8.09097
8.09288
8.09407
8.09598
8.09598
8.09693
8.09693
8.09813
8.09908
8.09908
8.09979
8.10003
8.10099
8.10194
8.10194
8.10194
8.10194
8.10194
8.10218
8.10218
8.10289
8.10313
8.10313
8.10385
8.10385
8.1048
8.10504
8.10504
8.10504
8.10599
8.10599
8.10599
8.10599
8.10599
8.10719
8.1079
8.1079
8.1079
8.1079
8.10814
8.10814
8.10814
8.10909
8.10909
8.10981
8.11005
8.11005
8.11005
8.111
8.111
8.111
8.111
8.111
8.111
8.11195
8.11195
8.11195
8.11291
8.11315
8.11386
8.11601
8.11601
8.11696
8.11887
8.11911
8.12101
8.12197
8.12197
8.12197
8.12197
8.12197
8.12221
8.12292
8.12292
8.12292
8.12292
8.12292
8.12292
8.12292
8.12316
8.12316
8.12387
8.12387
8.12387
8.12387
8.12387
8.12387
8.12387
8.12411
8.12411
8.12411
8.12411
8.12411
8.12483
8.12483
8.12483
8.12483
8.12507
8.12507
8.12507
8.12507
8.12507
8.12507
8.12507
8.12507
8.12507
8.12507
8.12507
8.12507
8.12507
8.12507
8.12507
8.12507
8.12507
8.12507
8.12507
8.12507
8.12578
8.12578
8.12602
8.12602
8.12602
8.12602
8.12602
8.12602
8.12602
8.12602
8.12602
8.12602
8.12602
8.12602
8.12602
8.12602
8.12602
8.12602
8.12602
8.12602
8.12602
8.12602
8.12602
8.12602
8.12602
8.12697
8.12697
8.12697
8.12697
8.12697
8.12697
8.12697
8.12697
8.12697
8.12697
8.12697
8.12697
8.12697
8.12697
8.12697
8.12697
8.12697
8.12697
8.12697
8.12697
8.12697
8.12697
8.12697
8.12697
8.12697
8.12697
8.12697
8.12697
8.12697
8.12697
8.12697
8.12697
8.12697
8.12697
8.12697
8.12697
8.12793
8.12793
8.12793
8.12793
8.12793
8.12793
8.12793
8.12793
8.12793
8.12793
8.12793
8.12793
8.12793
8.12793
8.12793
8.12793
8.12793
8.12793
8.12793
8.12793
8.12793
8.12793
8.12793
8.12793
8.12793
8.12793
8.12793
8.12793
8.12793
8.12793
8.12793
8.12793
8.12793
8.12817
8.12817
8.12817
8.12817
8.12817
8.12817
8.12817
8.12817
8.12817
8.12817
8.12817
8.12817
8.12817
8.12888
8.12888
8.12888
8.12888
8.12888
8.12888
8.12888
8.12888
8.12888
8.12888
8.12888
8.12888
8.12888
8.12888
8.12888
8.12888
8.12888
8.12888
8.12888
8.12888
8.12888
8.12912
8.12912
8.12912
8.12912
8.12912
8.12912
8.12912
8.12912
8.12912
8.12912
8.12912
8.12912
8.12912
8.12912
8.12912
8.12984
8.12984
8.12984
8.12984
8.12984
8.12984
8.12984
8.12984
8.12984
8.12984
8.12984
8.12984
8.13007
8.13007
8.13007
8.13007
8.13007
8.13007
8.13007
8.13007
8.13007
8.13007
8.13007
8.13007
8.13007
8.13007
8.13007
8.13007
8.13007
8.13007
8.13007
8.13007
8.13007
8.13007
8.13007
8.13007
8.13007
8.13007
8.13007
8.13007
8.13079
8.13079
8.13079
8.13103
8.13103
8.13103
8.13103
8.13103
8.13103
8.13103
8.13103
8.13103
8.13103
8.13103
8.13103
8.13103
8.13103
8.13103
8.13103
8.13103
8.13103
8.13103
8.13103
8.13103
8.13103
8.13103
8.13103
8.13103
8.13103
8.13103
8.13103
8.13103
8.13103
8.13103
8.13103
8.13103
8.13103
8.13103
8.13103
8.13103
8.13103
8.13103
8.13103
8.13103
8.13103
8.13103
8.13103
8.13103
8.13103
8.13103
8.13103
8.13198
8.13198
8.13198
8.13198
8.13198
8.13198
8.13198
8.13198
8.13198
8.13198
8.13198
8.13198
8.13198
8.13198
8.13198
8.13198
8.13198
8.13198
8.13198
8.13198
8.13198
8.13198
8.13198
8.13198
8.13198
8.13198
8.13198
8.13198
8.13198
8.13198
8.13198
8.13198
8.13198
8.13198
8.13198
8.13222
8.13222
8.13293
8.13293
8.13293
8.13293
8.13293
8.13293
8.13293
8.13293
8.13293
8.13293
8.13293
8.13293
8.13293
8.13293
8.13293
8.13293
8.13293
8.13293
8.13293
8.13293
8.13293
8.13293
8.13293
8.13293
8.13293
8.13293
8.13293
8.13293
8.13293
8.13293
8.13317
8.13317
8.13317
8.13317
8.13317
8.13317
8.13317
8.13317
8.13317
8.13317
8.13317
8.13317
8.13317
8.13317
8.13389
8.13389
8.13389
8.13389
8.13389
8.13389
8.13389
8.13389
8.13389
8.13389
8.13389
8.13413
8.13413
8.13413
8.13413
8.13413
8.13413
8.13413
8.13413
8.13413
8.13413
8.13413
8.13413
8.13413
8.13413
8.13413
8.13413
8.13484
8.13484
8.13484
8.13484
8.13484
8.13484
8.13484
8.13484
8.13484
8.13484
8.13484
8.13484
8.13484
8.13484
8.13484
8.13508
8.13508
8.13508
8.13508
8.13508
8.13508
8.13508
8.13508
8.13508
8.13508
8.13508
8.13508
8.13508
8.13508
8.13508
8.13508
8.13508
8.13508
8.13508
8.13508
8.1358
8.1358
8.1358
8.13603
8.13603
8.13603
8.13603
8.13603
8.13603
8.13603
8.13603
8.13603
8.13603
8.13603
8.13603
8.13603
8.13603
8.13603
8.13603
8.13603
8.13603
8.13603
8.13603
8.13603
8.13603
8.13603
8.13603
8.13699
8.13699
8.13699
8.13699
8.13699
8.13699
8.13699
8.13699
8.13699
8.13699
8.13699
8.13699
8.13699
8.13699
8.13699
8.13699
8.13699
8.13699
8.13699
8.13699
8.13699
8.13699
8.13699
8.13699
8.13699
8.13723
8.13794
8.13794
8.13794
8.13794
8.13794
8.13794
8.13794
8.13794
8.13794
8.13794
8.13794
8.13794
8.13794
8.13794
8.13794
8.13794
8.13794
8.13794
8.13794
8.13794
8.13794
8.13794
8.13794
8.13818
8.13818
8.13818
8.13818
8.13818
8.13818
8.13818
8.1389
8.1389
8.1389
8.1389
8.1389
8.1389
8.1389
8.13913
8.13913
8.13913
8.13913
8.13913
8.13913
8.13913
8.13913
8.13913
8.13985
8.13985
8.13985
8.13985
8.13985
8.13985
8.13985
8.13985
8.13985
8.14009
8.14009
8.14009
8.14009
8.14009
8.14009
8.14009
8.14009
8.14009
8.14009
8.14009
8.14009
8.14009
8.14009
8.1408
8.1408
8.1408
8.14104
8.14104
8.14104
8.14104
8.14104
8.14104
8.14104
8.14104
8.14104
8.14104
8.14104
8.14104
8.14199
8.14199
8.14199
8.14199
8.14199
8.14199
8.14199
8.14199
8.14199
8.14199
8.14199
8.14199
8.14295
8.14295
8.14295
8.14295
8.14295
8.14295
8.14295
8.14295
8.14295
8.14295
8.14295
8.14295
8.14295
8.14295
8.14295
8.14295
8.14295
8.14319
8.14319
8.14319
8.14319
8.1439
8.1439
8.1439
8.1439
8.14414
8.14414
8.14414
8.14414
8.14414
8.14414
8.14486
8.14486
8.14486
8.14509
8.14509
8.14509
8.14509
8.14509
8.14581
8.14581
8.14605
8.14605
8.14605
8.14605
8.14605
8.147
8.147
8.147
8.147
8.147
8.147
8.147
8.147
8.147
8.147
8.14795
8.14795
8.14795
8.14795
8.14795
8.14795
8.14819
8.14819
8.14891
8.14915
8.14915
8.14986
8.14986
8.1501
8.1501
8.1501
8.1501
8.1501
8.15082
8.15082
8.15105
8.15105
8.15105
8.15201
8.15296
8.15296
8.15296
8.15296
8.15296
8.15392
8.15392
8.15392
8.15392
8.15415
8.15487
8.15487
8.15511
8.15511
8.15511
8.15511
8.15511
8.15606
8.15606
8.15606
8.15606
8.15606
8.15606
8.15606
8.15678
8.15701
8.15701
8.15701
8.15701
8.15701
8.15797
8.15797
8.15797
8.15797
8.15797
8.15797
8.15797
8.15892
8.15892
8.15892
8.15892
8.15916
8.15916
8.15916
8.15916
8.15916
8.15988
8.15988
8.16011
8.16011
8.16011
8.16011
8.16011
8.16083
8.16083
8.16107
8.16107
8.16107
8.16107
8.16107
8.16107
8.16107
8.16107
8.16107
8.16178
8.16202
8.16202
8.16202
8.16202
8.16202
8.16202
8.16202
8.16202
8.16202
8.16202
8.16202
8.16202
8.16202
8.16202
8.16202
8.16298
8.16298
8.16298
8.16298
8.16298
8.16298
8.16298
8.16298
8.16298
8.16298
8.16321
8.16321
8.16393
8.16393
8.16393
8.16393
8.16393
8.16393
8.16393
8.16393
8.16393
8.16417
8.16417
8.16417
8.16417
8.16488
8.16488
8.16512
8.16512
8.16512
8.16584
8.16584
8.16584
8.16584
8.16607
8.16607
8.16607
8.16607
8.16607
8.16607
8.16679
8.16679
8.16679
8.16703
8.16703
8.16703
8.16703
8.16703
8.16703
8.16703
8.16703
8.16703
8.16798
8.16798
8.16798
8.16798
8.16798
8.16798
8.16798
8.16798
8.16798
8.16798
8.16798
8.16798
8.16798
8.16798
8.16798
8.16894
8.16894
8.16894
8.16894
8.16894
8.16894
8.16894
8.16894
8.16894
8.16894
8.16894
8.16894
8.16894
8.16894
8.16894
8.16894
8.16917
8.16917
8.16917
8.16917
8.16917
8.16917
8.16917
8.16917
8.16917
8.16917
8.16917
8.16917
8.16989
8.16989
8.16989
8.16989
8.16989
8.16989
8.16989
8.16989
8.16989
8.16989
8.17013
8.17013
8.17013
8.17013
8.17013
8.17013
8.17013
8.17013
8.17013
8.17084
8.17084
8.17084
8.17084
8.17108
8.17108
8.17108
8.17108
8.17108
8.17108
8.17108
8.17108
8.17108
8.17108
8.17108
8.17108
8.17108
8.1718
8.1718
8.1718
8.17204
8.17204
8.17204
8.17204
8.17204
8.17204
8.17204
8.17204
8.17204
8.17204
8.17204
8.17204
8.17204
8.17204
8.17204
8.17299
8.17299
8.17299
8.17299
8.17299
8.17299
8.17299
8.17299
8.17299
8.17299
8.17299
8.17299
8.17299
8.17299
8.17299
8.17299
8.17299
8.17299
8.17299
8.17299
8.17299
8.17299
8.17299
8.17299
8.17299
8.17299
8.17299
8.17323
8.17394
8.17394
8.17394
8.17394
8.17394
8.17394
8.17394
8.17394
8.17394
8.17394
8.17394
8.17418
8.17418
8.1749
8.1749
8.1749
8.1749
8.1749
8.1749
8.1749
8.1749
8.1749
8.1749
8.1749
8.1749
8.1749
8.1749
8.17513
8.17513
8.17513
8.17513
8.17513
8.17513
8.17513
8.17513
8.17513
8.17513
8.17513
8.17513
8.17585
8.17585
8.17585
8.17585
8.17609
8.17609
8.17609
8.17609
8.17609
8.17609
8.17609
8.17609
8.17609
8.17609
8.17609
8.17609
8.17609
8.17609
8.17609
8.17609
8.17609
8.17609
8.17609
8.17609
8.17609
8.17609
8.17609
8.1768
8.1768
8.17704
8.17704
8.17704
8.17704
8.17704
8.17704
8.17704
8.17704
8.17704
8.17704
8.17704
8.17704
8.17704
8.17704
8.17704
8.17704
8.17704
8.17704
8.178
8.178
8.178
8.178
8.178
8.178
8.178
8.178
8.178
8.178
8.178
8.178
8.178
8.178
8.178
8.178
8.178
8.178
8.178
8.178
8.178
8.178
8.17895
8.17895
8.17895
8.17895
8.17895
8.17895
8.17895
8.17895
8.17895
8.17895
8.17895
8.17895
8.17895
8.17895
8.17895
8.1799
8.1799
8.1799
8.1799
8.1799
8.1799
8.1799
8.1799
8.1799
8.1799
8.1799
8.1799
8.1799
8.18014
8.18014
8.18014
8.18014
8.18014
8.18014
8.18014
8.18086
8.18086
8.18086
8.18086
8.18086
8.18086
8.1811
8.1811
8.1811
8.1811
8.1811
8.18181
8.18181
8.18205
8.18205
8.18205
8.18205
8.18205
8.18205
8.18276
8.183
8.183
8.183
8.183
8.183
8.183
8.183
8.183
8.183
8.183
8.183
8.183
8.183
8.183
8.183
8.183
8.183
8.18396
8.18396
8.18396
8.18396
8.18396
8.18396
8.18396
8.18396
8.18396
8.18396
8.18396
8.18491
8.18491
8.18515
8.18515
8.18515
8.18586
8.18586
8.18586
8.18586
8.18586
8.1861
8.1861
8.1861
8.1861
8.1861
8.18682
8.18682
8.18682
8.18706
8.18706
8.18706
8.18706
8.18706
8.18706
8.18706
8.18706
8.18706
8.18706
8.18706
8.18777
8.18801
8.18801
8.18801
8.18801
8.18801
8.18801
8.18801
8.18896
8.18896
8.18896
8.18896
8.18896
8.18896
8.18896
8.18896
8.1892
8.1892
8.18992
8.18992
8.18992
8.18992
8.19016
8.19016
8.19016
8.19016
8.19016
8.19016
8.19087
8.19087
8.19111
8.19111
8.19111
8.19111
8.19111
8.19182
8.19182
8.19182
8.19182
8.19182
8.19182
8.19182
8.19182
8.19182
8.19206
8.19206
8.19206
8.19206
8.19206
8.19206
8.19206
8.19206
8.19278
8.19302
8.19302
8.19302
8.19302
8.19302
8.19302
8.19302
8.19302
8.19302
8.19302
8.19397
8.19397
8.19397
8.19397
8.19397
8.19397
8.19397
8.19397
8.19397
8.19397
8.19421
8.19492
8.19492
8.19492
8.19492
8.19492
8.19492
8.19492
8.19492
8.19492
8.19492
8.19516
8.19516
8.19516
8.19516
8.19588
8.19588
8.19588
8.19612
8.19612
8.19612
8.19612
8.19612
8.19612
8.19612
8.19683
8.19683
8.19683
8.19683
8.19707
8.19707
8.19707
8.19707
8.19707
8.19707
8.19707
8.19707
8.19707
8.19707
8.19707
8.19707
8.19707
8.19707
8.19707
8.19707
8.19707
8.19778
8.19778
8.19802
8.19802
8.19802
8.19802
8.19802
8.19802
8.19802
8.19802
8.19802
8.19802
8.19802
8.19802
8.19802
8.19802
8.19802
8.19802
8.19802
8.19802
8.19802
8.19898
8.19898
8.19898
8.19898
8.19898
8.19898
8.19898
8.19898
8.19898
8.19898
8.19898
8.19898
8.19898
8.19898
8.19898
8.19898
8.19898
8.19921
8.19921
8.19993
8.19993
8.19993
8.19993
8.19993
8.19993
8.19993
8.19993
8.19993
8.19993
8.19993
8.19993
8.19993
8.19993
8.19993
8.19993
8.19993
8.19993
8.19993
8.19993
8.19993
8.20017
8.20017
8.20017
8.20017
8.20017
8.20017
8.20017
8.20088
8.20088
8.20088
8.20088
8.20088
8.20088
8.20088
8.20088
8.20088
8.20088
8.20088
8.20088
8.20088
8.20088
8.20088
8.20088
8.20088
8.20088
8.20088
8.20112
8.20112
8.20112
8.20112
8.20112
8.20112
8.20112
8.20112
8.20112
8.20112
8.20112
8.20112
8.20112
8.20112
8.20112
8.20112
8.20184
8.20184
8.20184
8.20184
8.20184
8.20184
8.20184
8.20184
8.20184
8.20184
8.20184
8.20208
8.20208
8.20208
8.20208
8.20208
8.20208
8.20208
8.20208
8.20208
8.20208
8.20208
8.20208
8.20208
8.20208
8.20208
8.20208
8.20208
8.20208
8.20208
8.20208
8.20208
8.20303
8.20303
8.20303
8.20303
8.20303
8.20303
8.20303
8.20303
8.20303
8.20303
8.20303
8.20303
8.20303
8.20303
8.20303
8.20303
8.20303
8.20303
8.20303
8.20303
8.20303
8.20303
8.20303
8.20303
8.20303
8.20303
8.20303
8.20303
8.20303
8.20303
8.20303
8.20303
8.20303
8.20303
8.20303
8.20303
8.20303
8.20303
8.20303
8.20303
8.20398
8.20398
8.20398
8.20398
8.20398
8.20398
8.20398
8.20398
8.20398
8.20398
8.20398
8.20398
8.20398
8.20398
8.20398
8.20398
8.20398
8.20398
8.20398
8.20398
8.20398
8.20398
8.20398
8.20398
8.20398
8.20398
8.20398
8.20398
8.20398
8.20398
8.20398
8.20398
8.20398
8.20398
8.20398
8.20398
8.20398
8.20398
8.20398
8.20398
8.20398
8.20398
8.20398
8.20398
8.20398
8.20398
8.20398
8.20398
8.20398
8.20422
8.20494
8.20494
8.20494
8.20494
8.20494
8.20494
8.20494
8.20494
8.20494
8.20494
8.20494
8.20494
8.20494
8.20494
8.20494
8.20494
8.20494
8.20494
8.20494
8.20494
8.20494
8.20494
8.20494
8.20494
8.20494
8.20494
8.20494
8.20494
8.20494
8.20494
8.20494
8.20494
8.20494
8.20494
8.20494
8.20494
8.20494
8.20494
8.20494
8.20494
8.20494
8.20494
8.20494
8.20494
8.20494
8.20494
8.20518
8.20518
8.20518
8.20518
8.20518
8.20518
8.20518
8.20518
8.20518
8.20518
8.20518
8.20518
8.20518
8.20589
8.20589
8.20589
8.20589
8.20589
8.20589
8.20589
8.20589
8.20589
8.20589
8.20589
8.20589
8.20589
8.20589
8.20589
8.20589
8.20589
8.20589
8.20589
8.20589
8.20589
8.20589
8.20589
8.20589
8.20589
8.20589
8.20589
8.20589
8.20589
8.20589
8.20589
8.20589
8.20589
8.20589
8.20589
8.20589
8.20589
8.20589
8.20589
8.20589
8.20589
8.20589
8.20589
8.20613
8.20613
8.20613
8.20613
8.20613
8.20613
8.20613
8.20613
8.20613
8.20613
8.20613
8.20613
8.20613
8.20613
8.20613
8.20613
8.20613
8.20613
8.20613
8.20613
8.20613
8.20613
8.20613
8.20613
8.20613
8.20613
8.20613
8.20613
8.20613
8.20613
8.20613
8.20613
8.20613
8.20613
8.20613
8.20613
8.20613
8.20613
8.20613
8.20613
8.20613
8.20613
8.20613
8.20613
8.20613
8.20684
8.20684
8.20684
8.20684
8.20684
8.20684
8.20684
8.20684
8.20684
8.20684
8.20684
8.20684
8.20684
8.20684
8.20684
8.20684
8.20684
8.20684
8.20684
8.20684
8.20684
8.20684
8.20684
8.20684
8.20684
8.20684
8.20684
8.20684
8.20684
8.20684
8.20684
8.20684
8.20684
8.20684
8.20684
8.20684
8.20684
8.20684
8.20708
8.20708
8.20708
8.20708
8.20708
8.20708
8.20708
8.20708
8.20708
8.20708
8.20708
8.20708
8.20708
8.20708
8.20708
8.20708
8.20708
8.20708
8.20708
8.20708
8.20708
8.20708
8.20708
8.20708
8.20708
8.20708
8.20708
8.20708
8.20708
8.20708
8.20708
8.20708
8.20708
8.20708
8.20708
8.20708
8.20708
8.20708
8.2078
8.2078
8.2078
8.2078
8.2078
8.2078
8.2078
8.2078
8.2078
8.2078
8.2078
8.20804
8.20804
8.20804
8.20804
8.20804
8.20804
8.20804
8.20804
8.20804
8.20804
8.20804
8.20804
8.20804
8.20804
8.20804
8.20804
8.20804
8.20804
8.20804
8.20804
8.20804
8.20804
8.20804
8.20804
8.20804
8.20804
8.20804
8.20804
8.20804
8.20804
8.20804
8.20804
8.20804
8.20804
8.20804
8.20804
8.20804
8.20804
8.20804
8.20804
8.20804
8.20804
8.20804
8.20804
8.20804
8.20804
8.20804
8.20804
8.20804
8.20804
8.20804
8.20804
8.20804
8.20804
8.20804
8.20804
8.20804
8.20804
8.20804
8.20804
8.20804
8.20804
8.20804
8.20804
8.20804
8.20804
8.20804
8.20804
8.20804
8.20899
8.20899
8.20899
8.20899
8.20899
8.20899
8.20899
8.20899
8.20899
8.20899
8.20899
8.20899
8.20899
8.20899
8.20899
8.20899
8.20899
8.20899
8.20899
8.20899
8.20899
8.20899
8.20899
8.20899
8.20899
8.20899
8.20899
8.20899
8.20899
8.20899
8.20899
8.20899
8.20899
8.20899
8.20899
8.20899
8.20899
8.20899
8.20899
8.20899
8.20899
8.20899
8.20899
8.20899
8.20899
8.20899
8.20899
8.20899
8.20899
8.20899
8.20899
8.20899
8.20899
8.20899
8.20899
8.20899
8.20899
8.20899
8.20899
8.20899
8.20899
8.20899
8.20899
8.20899
8.20899
8.20899
8.20899
8.20899
8.20923
8.20923
8.20994
8.20994
8.20994
8.20994
8.20994
8.20994
8.20994
8.20994
8.20994
8.20994
8.20994
8.20994
8.20994
8.20994
8.20994
8.20994
8.20994
8.20994
8.20994
8.20994
8.20994
8.20994
8.20994
8.20994
8.20994
8.20994
8.20994
8.20994
8.20994
8.20994
8.20994
8.20994
8.20994
8.20994
8.20994
8.20994
8.20994
8.20994
8.20994
8.20994
8.20994
8.20994
8.20994
8.20994
8.20994
8.20994
8.20994
8.20994
8.20994
8.21018
8.21018
8.21018
8.21018
8.21018
8.21018
8.21018
8.21018
8.21018
8.21018
8.21018
8.21018
8.21018
8.2109
8.2109
8.2109
8.2109
8.2109
8.2109
8.2109
8.2109
8.2109
8.2109
8.2109
8.2109
8.2109
8.2109
8.2109
8.2109
8.2109
8.2109
8.2109
8.2109
8.2109
8.2109
8.2109
8.2109
8.2109
8.2109
8.21114
8.21114
8.21114
8.21114
8.21114
8.21114
8.21114
8.21114
8.21114
8.21114
8.21114
8.21114
8.21114
8.21114
8.21114
8.21114
8.21114
8.21114
8.21114
8.21185
8.21185
8.21185
8.21185
8.21185
8.21185
8.21185
8.21185
8.21185
8.21185
8.21185
8.21185
8.21185
8.21185
8.21185
8.21185
8.21185
8.21185
8.21185
8.21209
8.21209
8.21209
8.21209
8.21209
8.21209
8.21209
8.21209
8.21209
8.21209
8.21209
8.21209
8.21209
8.21209
8.21209
8.21209
8.21209
8.21209
8.21209
8.21209
8.21209
8.21209
8.21209
8.21209
8.21209
8.21209
8.2128
8.2128
8.2128
8.2128
8.2128
8.2128
8.2128
8.2128
8.2128
8.21304
8.21304
8.21304
8.21304
8.21304
8.21304
8.21304
8.21304
8.21304
8.21304
8.21304
8.21304
8.21304
8.21304
8.21304
8.21304
8.21304
8.21304
8.21304
8.21304
8.21304
8.21304
8.21304
8.21304
8.21304
8.21304
8.21304
8.21304
8.21304
8.21304
8.21304
8.21304
8.21304
8.21304
8.21304
8.214
8.214
8.214
8.214
8.214
8.214
8.214
8.214
8.214
8.214
8.214
8.214
8.214
8.214
8.214
8.214
8.214
8.214
8.214
8.214
8.214
8.214
8.214
8.214
8.214
8.21495
8.21495
8.21495
8.21495
8.21495
8.21495
8.21495
8.21495
8.21495
8.21495
8.21495
8.21495
8.21495
8.21495
8.21495
8.21495
8.21495
8.21495
8.21495
8.21495
8.21495
8.21495
8.21495
8.21495
8.21519
8.21519
8.21519
8.21519
8.21519
8.21519
8.21519
8.2159
8.2159
8.2159
8.2159
8.2159
8.2159
8.2159
8.2159
8.2159
8.2159
8.2159
8.2159
8.2159
8.2159
8.2159
8.21614
8.21614
8.21614
8.21614
8.21614
8.21686
8.21686
8.21686
8.21686
8.21686
8.21686
8.21686
8.21686
8.21686
8.2171
8.2171
8.2171
8.2171
8.2171
8.2171
8.2171
8.2171
8.2171
8.2171
8.2171
8.2171
8.2171
8.2171
8.2171
8.2171
8.21781
8.21781
8.21781
8.21781
8.21781
8.21781
8.21781
8.21805
8.21805
8.21805
8.21805
8.21805
8.21805
8.21805
8.21805
8.21805
8.21805
8.21805
8.21805
8.219
8.219
8.219
8.219
8.219
8.219
8.219
8.219
8.219
8.219
8.219
8.219
8.219
8.219
8.219
8.219
8.219
8.219
8.219
8.219
8.219
8.219
8.219
8.21996
8.21996
8.21996
8.21996
8.21996
8.21996
8.2202
8.2202
8.2202
8.2202
8.2202
8.22091
8.22091
8.22091
8.22091
8.22091
8.22091
8.22091
8.22115
8.22115
8.22115
8.22186
8.22186
8.22186
8.22186
8.22186
8.22186
8.22186
8.22186
8.2221
8.2221
8.2221
8.2221
8.2221
8.22282
8.22282
8.22306
8.22306
8.22306
8.22306
8.22306
8.22306
8.22306
8.22306
8.22306
8.22306
8.22401
8.22401
8.22401
8.22401
8.22401
8.22401
8.22401
8.22401
8.22496
8.22496
8.22496
8.22496
8.22496
8.2252
8.22592
8.22592
8.22592
8.22592
8.22592
8.22592
8.22592
8.22616
8.22616
8.22687
8.22687
8.22687
8.22711
8.22711
8.22711
8.22711
8.22783
8.22783
8.22806
8.22806
8.22806
8.22806
8.22806
8.22806
8.22902
8.22902
8.22902
8.22902
8.22902
8.22902
8.22902
8.22997
8.22997
8.22997
8.22997
8.22997
8.23021
8.23092
8.23092
8.23092
8.23092
8.23116
8.23188
8.23212
8.23212
8.23212
8.23212
8.23283
8.23283
8.23283
8.23283
8.23307
8.23307
8.23307
8.23307
8.23307
8.23307
8.23379
8.23402
8.23402
8.23402
8.23402
8.23498
8.23498
8.23498
8.23498
8.23498
8.23498
8.23498
8.23522
8.23593
8.23593
8.23593
8.23593
8.23593
8.23593
8.23617
8.23617
8.23689
8.23689
8.23689
8.23689
8.23689
8.23689
8.23712
8.23712
8.23784
8.23784
8.23808
8.23808
8.23808
8.23808
8.23808
8.23879
8.23879
8.23903
8.23903
8.23903
8.23903
8.23903
8.23903
8.23903
8.23903
8.23903
8.23998
8.23998
8.23998
8.23998
8.23998
8.23998
8.23998
8.23998
8.23998
8.23998
8.23998
8.23998
8.23998
8.24094
8.24094
8.24094
8.24094
8.24094
8.24094
8.24094
8.24094
8.24094
8.24094
8.24094
8.24094
8.24094
8.24094
8.24094
8.24118
8.24118
8.24118
8.24118
8.24118
8.24189
8.24189
8.24189
8.24189
8.24189
8.24189
8.24213
8.24213
8.24213
8.24213
8.24213
8.24285
8.24285
8.24285
8.24308
8.24308
8.24308
8.24308
8.24308
8.24308
8.24308
8.24308
8.24308
8.24308
8.24308
8.24308
8.24308
8.24404
8.24404
8.24404
8.24404
8.24404
8.24404
8.24404
8.24404
8.24404
8.24404
8.24404
8.24404
8.24404
8.24404
8.24404
8.24404
8.24499
8.24499
8.24499
8.24499
8.24499
8.24499
8.24499
8.24499
8.24499
8.24594
8.24594
8.24594
8.24594
8.24594
8.24594
8.24618
8.24618
8.24618
8.2469
8.2469
8.2469
8.2469
8.24714
8.24714
8.24714
8.24714
8.24785
8.24785
8.24809
8.24809
8.24809
8.24809
8.24809
8.24809
8.24809
8.24904
8.24904
8.24904
8.24904
8.24904
8.25
8.25
8.25
8.25
8.25095
8.25095
8.25095
8.25191
8.25191
8.25214
8.2531
8.2531
8.25381
8.25405
8.25405
8.255
8.255
8.255
8.25596
8.25596
8.25691
8.25691
8.25691
8.2581
8.25882
8.25906
8.25906
8.25906
8.25906
8.26001
8.26001
8.26001
8.26001
8.26097
8.26097
8.26097
8.26097
8.26097
8.26192
8.26216
8.26287
8.26287
8.26287
8.26287
8.26287
8.26311
8.26406
8.26406
8.26502
8.26502
8.26502
8.26502
8.26502
8.26597
8.26597
8.26597
8.26693
8.26693
8.26693
8.26693
8.26693
8.26693
8.26693
8.26716
8.26788
8.26788
8.26788
8.26788
8.26812
8.26812
8.26812
8.26812
8.26883
8.26883
8.26883
8.26907
8.26907
8.26907
8.26907
8.26907
8.26907
8.26907
8.26907
8.26979
8.26979
8.27003
8.27003
8.27003
8.27003
8.27003
8.27003
8.27003
8.27003
8.27003
8.27003
8.27098
8.27098
8.27098
8.27098
8.27098
8.27098
8.27098
8.27098
8.27122
8.27122
8.27122
8.27193
8.27193
8.27193
8.27193
8.27193
8.27193
8.27193
8.27193
8.27193
8.27193
8.27193
8.27217
8.27217
8.27217
8.27217
8.27289
8.27289
8.27289
8.27289
8.27289
8.27289
8.27289
8.27289
8.27312
8.27312
8.27312
8.27312
8.27312
8.27312
8.27312
8.27312
8.27312
8.27312
8.27384
8.27384
8.27384
8.27384
8.27384
8.27384
8.27408
8.27408
8.27408
8.27408
8.27408
8.27408
8.27408
8.27479
8.27479
8.27503
8.27503
8.27503
8.27503
8.27503
8.27503
8.27503
8.27503
8.27503
8.27503
8.27503
8.27503
8.27503
8.27503
8.27503
8.27599
8.27599
8.27599
8.27599
8.27599
8.27599
8.27599
8.27599
8.27622
8.27694
8.27694
8.27694
8.27694
8.27694
8.27694
8.27694
8.27694
8.27694
8.27718
8.27718
8.27789
8.27789
8.27789
8.27813
8.27813
8.27885
8.27885
8.27909
8.27909
8.27909
8.27909
8.27909
8.27909
8.2798
8.28004
8.28004
8.28004
8.28099
8.28099
8.28099
8.28099
8.28099
8.28195
8.28195
8.28195
8.28195
8.28195
8.2829
8.2829
8.28314
8.28385
8.28385
8.28409
8.28409
8.28481
8.28481
8.28505
8.28505
8.28505
8.286
8.286
8.286
8.286
8.28695
8.28719
8.28791
8.28791
8.28791
8.28791
8.28815
8.28815
8.28815
8.28886
8.28886
8.2891
8.2891
8.29005
8.29005
8.29005
8.29101
8.29101
8.29101
8.29101
8.29101
8.29101
8.29101
8.29101
8.29196
8.2922
8.29291
8.29291
8.29291
8.29291
8.29291
8.29315
8.29315
8.29315
8.29387
8.29387
8.29387
8.29411
8.29411
8.29411
8.29411
8.29411
8.29411
8.29411
8.29482
8.29482
8.29482
8.29506
8.29506
8.29506
8.29506
8.29506
8.29506
8.29506
8.29601
8.29601
8.29601
8.29601
8.29601
8.29601
8.29601
8.29601
8.29601
8.29601
8.29601
8.29601
8.29601
8.29697
8.29697
8.29697
8.29697
8.29697
8.29697
8.29697
8.29697
8.29697
8.29697
8.29697
8.29697
8.29697
8.2972
8.2972
8.2972
8.2972
8.29792
8.29792
8.29792
8.29792
8.29792
8.29792
8.29792
8.29792
8.29792
8.29792
8.29816
8.29816
8.29816
8.29816
8.29816
8.29816
8.29816
8.29887
8.29887
8.29887
8.29887
8.29887
8.29887
8.29887
8.29887
8.29887
8.29911
8.29911
8.29911
8.29911
8.29911
8.29911
8.29911
8.29911
8.29911
8.29983
8.29983
8.29983
8.29983
8.29983
8.29983
8.29983
8.30007
8.30007
8.30007
8.30007
8.30007
8.30007
8.30007
8.30007
8.30007
8.30007
8.30007
8.30007
8.30007
8.30007
8.30007
8.30007
8.30007
8.30007
8.30078
8.30078
8.30102
8.30102
8.30102
8.30102
8.30102
8.30102
8.30102
8.30102
8.30102
8.30102
8.30102
8.30102
8.30102
8.30102
8.30102
8.30102
8.30102
8.30102
8.30102
8.30102
8.30102
8.30102
8.30102
8.30102
8.30102
8.30102
8.30102
8.30102
8.30197
8.30197
8.30197
8.30197
8.30197
8.30197
8.30197
8.30197
8.30197
8.30197
8.30197
8.30197
8.30197
8.30197
8.30197
8.30197
8.30197
8.30197
8.30197
8.30197
8.30197
8.30197
8.30197
8.30197
8.30197
8.30197
8.30197
8.30197
8.30197
8.30197
8.30197
8.30221
8.30221
8.30293
8.30293
8.30293
8.30293
8.30293
8.30293
8.30293
8.30293
8.30293
8.30293
8.30293
8.30293
8.30293
8.30293
8.30293
8.30293
8.30293
8.30293
8.30293
8.30293
8.30293
8.30293
8.30293
8.30293
8.30293
8.30293
8.30293
8.30317
8.30317
8.30317
8.30317
8.30317
8.30317
8.30317
8.30317
8.30317
8.30317
8.30388
8.30388
8.30388
8.30388
8.30388
8.30388
8.30388
8.30388
8.30388
8.30388
8.30388
8.30388
8.30388
8.30388
8.30388
8.30388
8.30388
8.30388
8.30388
8.30412
8.30412
8.30412
8.30412
8.30412
8.30412
8.30412
8.30412
8.30412
8.30412
8.30412
8.30412
8.30412
8.30412
8.30412
8.30412
8.30412
8.30412
8.30412
8.30412
8.30412
8.30412
8.30412
8.30483
8.30483
8.30483
8.30483
8.30483
8.30483
8.30483
8.30483
8.30483
8.30483
8.30483
8.30483
8.30483
8.30483
8.30483
8.30483
8.30483
8.30507
8.30507
8.30507
8.30507
8.30507
8.30507
8.30507
8.30507
8.30507
8.30507
8.30507
8.30507
8.30507
8.30507
8.30507
8.30507
8.30507
8.30507
8.30507
8.30507
8.30507
8.30507
8.30507
8.30507
8.30507
8.30507
8.30507
8.30507
8.30507
8.30507
8.30507
8.30507
8.30507
8.30579
8.30579
8.30579
8.30579
8.30579
8.30579
8.30603
8.30603
8.30603
8.30603
8.30603
8.30603
8.30603
8.30603
8.30603
8.30603
8.30603
8.30603
8.30603
8.30603
8.30603
8.30603
8.30603
8.30603
8.30603
8.30603
8.30603
8.30603
8.30603
8.30603
8.30603
8.30603
8.30603
8.30603
8.30603
8.30603
8.30603
8.30603
8.30603
8.30603
8.30603
8.30603
8.30603
8.30603
8.30603
8.30603
8.30603
8.30603
8.30603
8.30603
8.30603
8.30603
8.30603
8.30603
8.30603
8.30603
8.30603
8.30603
8.30603
8.30603
8.30603
8.30603
8.30603
8.30603
8.30603
8.30603
8.30603
8.30698
8.30698
8.30698
8.30698
8.30698
8.30698
8.30698
8.30698
8.30698
8.30698
8.30698
8.30698
8.30698
8.30698
8.30698
8.30698
8.30698
8.30698
8.30698
8.30698
8.30698
8.30698
8.30698
8.30698
8.30698
8.30698
8.30698
8.30698
8.30698
8.30698
8.30698
8.30698
8.30698
8.30698
8.30698
8.30698
8.30698
8.30698
8.30698
8.30698
8.30698
8.30698
8.30698
8.30698
8.30698
8.30698
8.30698
8.30698
8.30698
8.30698
8.30698
8.30698
8.30698
8.30698
8.30698
8.30698
8.30698
8.30698
8.30698
8.30698
8.30698
8.30698
8.30698
8.30698
8.30698
8.30698
8.30698
8.30698
8.30698
8.30698
8.30698
8.30698
8.30698
8.30698
8.30698
8.30698
8.30698
8.30698
8.30698
8.30698
8.30698
8.30698
8.30722
8.30722
8.30722
8.30722
8.30722
8.30722
8.30722
8.30722
8.30722
8.30793
8.30793
8.30793
8.30793
8.30793
8.30793
8.30793
8.30793
8.30793
8.30793
8.30793
8.30793
8.30793
8.30793
8.30793
8.30793
8.30793
8.30793
8.30793
8.30793
8.30793
8.30793
8.30793
8.30793
8.30793
8.30793
8.30793
8.30793
8.30793
8.30793
8.30793
8.30793
8.30793
8.30793
8.30793
8.30793
8.30793
8.30793
8.30793
8.30793
8.30793
8.30793
8.30793
8.30793
8.30793
8.30793
8.30793
8.30793
8.30793
8.30793
8.30793
8.30793
8.30793
8.30793
8.30793
8.30793
8.30793
8.30793
8.30793
8.30793
8.30793
8.30793
8.30793
8.30793
8.30793
8.30793
8.30793
8.30793
8.30793
8.30793
8.30793
8.30793
8.30793
8.30817
8.30817
8.30817
8.30817
8.30817
8.30817
8.30817
8.30817
8.30817
8.30817
8.30817
8.30817
8.30817
8.30817
8.30817
8.30817
8.30817
8.30817
8.30817
8.30817
8.30817
8.30817
8.30817
8.30817
8.30817
8.30817
8.30817
8.30817
8.30817
8.30889
8.30889
8.30889
8.30889
8.30889
8.30889
8.30889
8.30889
8.30889
8.30889
8.30889
8.30889
8.30889
8.30889
8.30889
8.30889
8.30889
8.30889
8.30889
8.30889
8.30889
8.30889
8.30889
8.30889
8.30889
8.30913
8.30913
8.30913
8.30913
8.30913
8.30913
8.30913
8.30913
8.30913
8.30913
8.30913
8.30913
8.30913
8.30913
8.30913
8.30913
8.30913
8.30913
8.30913
8.30913
8.30913
8.30913
8.30913
8.30913
8.30913
8.30913
8.30913
8.30913
8.30913
8.30913
8.30913
8.30913
8.30913
8.30913
8.30913
8.30913
8.30984
8.30984
8.30984
8.30984
8.30984
8.30984
8.30984
8.30984
8.30984
8.30984
8.30984
8.30984
8.30984
8.30984
8.30984
8.30984
8.30984
8.31008
8.31008
8.31008
8.31008
8.31008
8.31008
8.31008
8.31008
8.31008
8.31008
8.31008
8.31008
8.31008
8.31008
8.31008
8.31008
8.31008
8.31008
8.31008
8.31008
8.31008
8.31008
8.31008
8.31008
8.31008
8.31008
8.31008
8.31008
8.31008
8.31008
8.31008
8.31008
8.31079
8.31079
8.31079
8.31079
8.31079
8.31079
8.31103
8.31103
8.31103
8.31103
8.31103
8.31103
8.31103
8.31103
8.31103
8.31103
8.31103
8.31103
8.31103
8.31103
8.31103
8.31103
8.31103
8.31103
8.31103
8.31103
8.31103
8.31103
8.31103
8.31103
8.31103
8.31103
8.31103
8.31103
8.31103
8.31103
8.31103
8.31103
8.31103
8.31103
8.31199
8.31199
8.31199
8.31199
8.31199
8.31199
8.31199
8.31199
8.31199
8.31199
8.31199
8.31199
8.31199
8.31199
8.31199
8.31199
8.31199
8.31199
8.31199
8.31199
8.31199
8.31199
8.31199
8.31199
8.31199
8.31199
8.31199
8.31199
8.31199
8.31199
8.31199
8.31199
8.31199
8.31199
8.31199
8.31199
8.31199
8.31199
8.31199
8.31223
8.31223
8.31223
8.31223
8.31294
8.31294
8.31294
8.31294
8.31294
8.31294
8.31294
8.31294
8.31294
8.31294
8.31294
8.31294
8.31294
8.31294
8.31294
8.31294
8.31294
8.31294
8.31294
8.31294
8.31294
8.31294
8.31294
8.31294
8.31318
8.31318
8.31318
8.31318
8.31318
8.31318
8.31318
8.31389
8.31389
8.31389
8.31389
8.31389
8.31389
8.31389
8.31389
8.31389
8.31389
8.31389
8.31389
8.31389
8.31389
8.31389
8.31389
8.31389
8.31389
8.31389
8.31389
8.31389
8.31389
8.31413
8.31413
8.31413
8.31413
8.31413
8.31413
8.31413
8.31413
8.31413
8.31413
8.31413
8.31413
8.31413
8.31413
8.31485
8.31485
8.31485
8.31485
8.31485
8.31485
8.31485
8.31509
8.31509
8.31509
8.31509
8.31509
8.31509
8.31509
8.31509
8.31509
8.31509
8.31509
8.31509
8.31509
8.31509
8.31509
8.31509
8.31509
8.31509
8.3158
8.3158
8.3158
8.3158
8.3158
8.31604
8.31604
8.31604
8.31604
8.31604
8.31604
8.31604
8.31604
8.31604
8.31604
8.31604
8.31604
8.31699
8.31699
8.31699
8.31699
8.31699
8.31699
8.31699
8.31699
8.31699
8.31699
8.31699
8.31699
8.31699
8.31699
8.31699
8.31699
8.31699
8.31699
8.31699
8.31699
8.31699
8.31795
8.31795
8.31795
8.31795
8.31795
8.31795
8.31795
8.31795
8.31795
8.31795
8.31795
8.31795
8.31795
8.31795
8.31795
8.31795
8.31819
8.31819
8.31819
8.31819
8.3189
8.3189
8.3189
8.3189
8.3189
8.3189
8.3189
8.31914
8.31914
8.31914
8.31914
8.31914
8.31914
8.31985
8.31985
8.31985
8.31985
8.31985
8.31985
8.32009
8.32009
8.32009
8.32009
8.32009
8.32009
8.32009
8.32081
8.32081
8.32081
8.32105
8.32105
8.32105
8.32105
8.32105
8.32105
8.322
8.322
8.322
8.322
8.322
8.322
8.322
8.322
8.322
8.322
8.32295
8.32295
8.32295
8.32295
8.32295
8.32295
8.32295
8.32391
8.32391
8.32391
8.32391
8.32391
8.32391
8.32486
8.32486
8.3251
8.32582
8.32582
8.32605
8.32605
8.32605
8.32605
8.32701
8.32701
8.32701
8.32796
8.3282
8.3282
8.32915
8.32987
8.32987
8.33011
8.33011
8.33011
8.33011
8.33011
8.33082
8.33082
8.33082
8.33106
8.33201
8.33201
8.33201
8.33201
8.33201
8.33201
8.33201
8.33201
8.33297
8.33297
8.33297
8.33297
8.33297
8.33297
8.33297
8.33392
8.33392
8.33392
8.33392
8.33392
8.33392
8.33416
8.33488
8.33488
8.33488
8.33511
8.33511
8.33511
8.33583
8.33583
8.33583
8.33607
8.33607
8.33607
8.33607
8.33607
8.33607
8.33607
8.33702
8.33702
8.33702
8.33702
8.33702
8.33702
8.33702
8.33797
8.33797
8.33797
8.33797
8.33797
8.33797
8.33797
8.33797
8.33797
8.33797
8.33797
8.33797
8.33821
8.33821
8.33893
8.33893
8.33893
8.33893
8.33893
8.33893
8.33893
8.33893
8.33893
8.33893
8.33893
8.33893
8.33893
8.33893
8.33893
8.33917
8.33917
8.33917
8.33917
8.33917
8.33988
8.33988
8.33988
8.33988
8.33988
8.34012
8.34012
8.34012
8.34012
8.34012
8.34012
8.34012
8.34012
8.34084
8.34084
8.34084
8.34084
8.34084
8.34107
8.34107
8.34107
8.34107
8.34107
8.34107
8.34107
8.34107
8.34107
8.34107
8.34107
8.34107
8.34203
8.34203
8.34203
8.34203
8.34203
8.34203
8.34203
8.34203
8.34203
8.34203
8.34203
8.34203
8.34203
8.34203
8.34298
8.34298
8.34298
8.34298
8.34298
8.34298
8.34298
8.34298
8.34322
8.34394
8.34394
8.34394
8.34394
8.34394
8.34394
8.34394
8.34394
8.34394
8.34394
8.34417
8.34417
8.34417
8.34417
8.34417
8.34417
8.34417
8.34489
8.34489
8.34489
8.34489
8.34489
8.34513
8.34513
8.34584
8.34608
8.34608
8.34608
8.34703
8.34703
8.34703
8.34703
8.34703
8.34703
8.34703
8.34703
8.34799
8.34799
8.34799
8.34799
8.34823
8.34894
8.34894
8.34894
8.34894
8.34894
8.34918
8.34918
8.34918
8.34918
8.34918
8.35013
8.35109
8.35109
8.35109
8.35109
8.35109
8.35204
8.35204
8.35204
8.35299
8.35299
8.35299
8.35299
8.35299
8.35299
8.35395
8.3549
8.3549
8.35586
8.35681
8.35705
8.35705
8.358
8.358
8.358
8.35919
8.35991
8.36086
8.3611
8.36182
8.36205
8.36205
8.36301
8.36301
8.36301
8.36301
8.36301
8.36301
8.36396
8.36492
8.36492
8.36492
8.36515
8.36515
8.36587
8.36611
8.36682
8.36706
8.36706
8.36706
8.36706
8.36706
8.36778
8.36802
8.36802
8.36802
8.36802
8.36802
8.36802
8.36897
8.36897
8.36897
8.36897
8.36897
8.36897
8.36897
8.36897
8.36897
8.36921
8.36992
8.36992
8.36992
8.36992
8.36992
8.36992
8.36992
8.36992
8.37016
8.37088
8.37088
8.37088
8.37088
8.37088
8.37088
8.37111
8.37111
8.37111
8.37111
8.37111
8.37111
8.37183
8.37183
8.37183
8.37207
8.37207
8.37207
8.37207
8.37207
8.37207
8.37207
8.37207
8.37278
8.37278
8.37278
8.37302
8.37302
8.37302
8.37302
8.37302
8.37302
8.37302
8.37302
8.37302
8.37302
8.37302
8.37302
8.37398
8.37398
8.37398
8.37398
8.37398
8.37398
8.37398
8.37398
8.37398
8.37398
8.37398
8.37398
8.37493
8.37493
8.37493
8.37493
8.37493
8.37493
8.37493
8.37493
8.37517
8.37517
8.37517
8.37588
8.37588
8.37588
8.37612
8.37612
8.37612
8.37612
8.37684
8.37684
8.37708
8.37803
8.37803
8.37898
8.37898
8.37898
8.37994
8.37994
8.37994
8.37994
8.37994
8.37994
8.38017
8.38017
8.38089
8.38089
8.38089
8.38113
8.38184
8.38184
8.38208
8.38208
8.38208
8.38208
8.38208
8.38304
8.38304
8.38304
8.38304
8.38304
8.38399
8.38399
8.38399
8.3859
8.3859
8.3859
8.3859
8.3859
8.38614
8.38614
8.38614
8.38685
8.38709
8.38709
8.38709
8.38804
8.389
8.389
8.389
8.389
8.389
8.389
8.38995
8.38995
8.38995
8.38995
8.38995
8.3909
8.3909
8.3909
8.39114
8.39114
8.39114
8.39186
8.39186
8.39186
8.3921
8.3921
8.39305
8.39305
8.39305
8.39305
8.39305
8.39305
8.39305
8.39305
8.394
8.394
8.394
8.394
8.394
8.394
8.394
8.394
8.394
8.394
8.394
8.394
8.39496
8.39496
8.39496
8.39496
8.39496
8.39496
8.39496
8.39496
8.39496
8.39496
8.39496
8.3952
8.3952
8.3952
8.3952
8.39591
8.39591
8.39591
8.39591
8.39615
8.39615
8.39615
8.39686
8.39686
8.39686
8.3971
8.3971
8.3971
8.3971
8.3971
8.3971
8.3971
8.3971
8.3971
8.3971
8.3971
8.3971
8.3971
8.3971
8.39782
8.39782
8.39782
8.39782
8.39782
8.39806
8.39806
8.39806
8.39806
8.39806
8.39806
8.39806
8.39806
8.39806
8.39877
8.39901
8.39901
8.39901
8.39901
8.39901
8.39901
8.39901
8.39901
8.39901
8.39901
8.39901
8.39901
8.39901
8.39901
8.39901
8.39901
8.39901
8.39901
8.39901
8.39901
8.39996
8.39996
8.39996
8.39996
8.39996
8.39996
8.39996
8.39996
8.39996
8.39996
8.39996
8.39996
8.39996
8.39996
8.39996
8.39996
8.39996
8.39996
8.4002
8.4002
8.40092
8.40092
8.40092
8.40092
8.40092
8.40092
8.40092
8.40092
8.40092
8.40092
8.40092
8.40092
8.40092
8.40092
8.40092
8.40092
8.40092
8.40092
8.40092
8.40116
8.40116
8.40116
8.40116
8.40116
8.40116
8.40116
8.40116
8.40116
8.40187
8.40187
8.40187
8.40187
8.40187
8.40187
8.40187
8.40187
8.40187
8.40187
8.40187
8.40187
8.40187
8.40187
8.40187
8.40187
8.40187
8.40211
8.40211
8.40211
8.40211
8.40211
8.40211
8.40211
8.40211
8.40211
8.40211
8.40211
8.40211
8.40211
8.40211
8.40211
8.40211
8.40211
8.40211
8.40211
8.40211
8.40211
8.40211
8.40211
8.40211
8.40211
8.40211
8.40211
8.40211
8.40282
8.40282
8.40282
8.40282
8.40282
8.40282
8.40282
8.40282
8.40306
8.40306
8.40306
8.40306
8.40306
8.40306
8.40306
8.40306
8.40306
8.40306
8.40306
8.40306
8.40306
8.40306
8.40306
8.40306
8.40306
8.40306
8.40306
8.40306
8.40306
8.40306
8.40306
8.40306
8.40306
8.40306
8.40306
8.40378
8.40378
8.40378
8.40402
8.40402
8.40402
8.40402
8.40402
8.40402
8.40402
8.40402
8.40402
8.40402
8.40402
8.40402
8.40402
8.40402
8.40402
8.40402
8.40402
8.40402
8.40402
8.40402
8.40402
8.40402
8.40402
8.40402
8.40402
8.40402
8.40402
8.40402
8.40402
8.40402
8.40402
8.40402
8.40402
8.40402
8.40402
8.40402
8.40497
8.40497
8.40497
8.40497
8.40497
8.40497
8.40497
8.40497
8.40497
8.40497
8.40497
8.40497
8.40497
8.40497
8.40497
8.40497
8.40497
8.40497
8.40497
8.40497
8.40497
8.40497
8.40497
8.40497
8.40497
8.40497
8.40497
8.40497
8.40497
8.40497
8.40497
8.40497
8.40497
8.40497
8.40497
8.40497
8.40497
8.40497
8.40497
8.40497
8.40497
8.40497
8.40497
8.40497
8.40497
8.40497
8.40497
8.40521
8.40521
8.40521
8.40521
8.40521
8.40521
8.40521
8.40592
8.40592
8.40592
8.40592
8.40592
8.40592
8.40592
8.40592
8.40592
8.40592
8.40592
8.40592
8.40592
8.40592
8.40592
8.40592
8.40592
8.40592
8.40592
8.40592
8.40592
8.40592
8.40592
8.40592
8.40592
8.40592
8.40592
8.40592
8.40592
8.40592
8.40592
8.40592
8.40592
8.40592
8.40592
8.40592
8.40592
8.40592
8.40592
8.40592
8.40592
8.40592
8.40592
8.40592
8.40616
8.40616
8.40616
8.40616
8.40616
8.40616
8.40616
8.40616
8.40616
8.40616
8.40616
8.40616
8.40616
8.40616
8.40616
8.40616
8.40616
8.40616
8.40616
8.40616
8.40616
8.40616
8.40616
8.40688
8.40688
8.40688
8.40688
8.40688
8.40688
8.40688
8.40688
8.40688
8.40688
8.40688
8.40688
8.40688
8.40688
8.40688
8.40688
8.40688
8.40688
8.40688
8.40688
8.40688
8.40688
8.40688
8.40688
8.40688
8.40688
8.40688
8.40688
8.40688
8.40688
8.40688
8.40688
8.40688
8.40688
8.40688
8.40688
8.40688
8.40688
8.40688
8.40688
8.40688
8.40688
8.40688
8.40688
8.40688
8.40688
8.40688
8.40688
8.40712
8.40712
8.40712
8.40712
8.40712
8.40712
8.40712
8.40712
8.40712
8.40712
8.40712
8.40712
8.40712
8.40712
8.40712
8.40712
8.40712
8.40712
8.40712
8.40712
8.40712
8.40712
8.40712
8.40712
8.40712
8.40712
8.40712
8.40712
8.40712
8.40712
8.40712
8.40712
8.40712
8.40712
8.40712
8.40712
8.40712
8.40712
8.40712
8.40712
8.40712
8.40783
8.40783
8.40783
8.40783
8.40783
8.40783
8.40783
8.40783
8.40783
8.40783
8.40783
8.40783
8.40783
8.40783
8.40783
8.40783
8.40783
8.40783
8.40783
8.40807
8.40807
8.40807
8.40807
8.40807
8.40807
8.40807
8.40807
8.40807
8.40807
8.40807
8.40807
8.40807
8.40807
8.40807
8.40807
8.40807
8.40807
8.40807
8.40807
8.40807
8.40807
8.40807
8.40807
8.40807
8.40807
8.40807
8.40807
8.40807
8.40807
8.40807
8.40807
8.40807
8.40807
8.40807
8.40807
8.40807
8.40807
8.40807
8.40807
8.40807
8.40807
8.40807
8.40807
8.40807
8.40807
8.40807
8.40807
8.40807
8.40807
8.40807
8.40807
8.40807
8.40807
8.40807
8.40807
8.40807
8.40878
8.40878
8.40878
8.40878
8.40878
8.40878
8.40902
8.40902
8.40902
8.40902
8.40902
8.40902
8.40902
8.40902
8.40902
8.40902
8.40902
8.40902
8.40902
8.40902
8.40902
8.40902
8.40902
8.40902
8.40902
8.40902
8.40902
8.40902
8.40902
8.40902
8.40902
8.40902
8.40902
8.40902
8.40902
8.40902
8.40902
8.40902
8.40902
8.40902
8.40902
8.40902
8.40902
8.40902
8.40902
8.40902
8.40902
8.40902
8.40902
8.40902
8.40902
8.40902
8.40902
8.40902
8.40902
8.40902
8.40902
8.40902
8.40902
8.40902
8.40902
8.40902
8.40902
8.40902
8.40902
8.40902
8.40902
8.40902
8.40902
8.40998
8.40998
8.40998
8.40998
8.40998
8.40998
8.40998
8.40998
8.40998
8.40998
8.40998
8.40998
8.40998
8.40998
8.40998
8.40998
8.40998
8.40998
8.40998
8.40998
8.40998
8.40998
8.40998
8.40998
8.40998
8.40998
8.40998
8.40998
8.40998
8.40998
8.40998
8.40998
8.40998
8.40998
8.40998
8.40998
8.40998
8.40998
8.40998
8.40998
8.40998
8.40998
8.40998
8.40998
8.40998
8.40998
8.40998
8.40998
8.40998
8.40998
8.40998
8.40998
8.40998
8.40998
8.40998
8.40998
8.40998
8.40998
8.40998
8.41022
8.41022
8.41022
8.41022
8.41022
8.41022
8.41022
8.41093
8.41093
8.41093
8.41093
8.41093
8.41093
8.41093
8.41093
8.41093
8.41093
8.41093
8.41093
8.41093
8.41093
8.41093
8.41093
8.41093
8.41093
8.41093
8.41093
8.41093
8.41117
8.41117
8.41117
8.41117
8.41117
8.41117
8.41117
8.41117
8.41117
8.41117
8.41117
8.41117
8.41117
8.41117
8.41117
8.41117
8.41188
8.41188
8.41188
8.41188
8.41188
8.41188
8.41188
8.41188
8.41188
8.41188
8.41188
8.41188
8.41188
8.41188
8.41188
8.41188
8.41188
8.41188
8.41188
8.41188
8.41188
8.41212
8.41212
8.41212
8.41212
8.41212
8.41212
8.41212
8.41212
8.41212
8.41212
8.41212
8.41212
8.41212
8.41212
8.41284
8.41284
8.41284
8.41284
8.41284
8.41284
8.41284
8.41308
8.41308
8.41308
8.41308
8.41308
8.41308
8.41308
8.41308
8.41308
8.41308
8.41308
8.41308
8.41308
8.41308
8.41308
8.41308
8.41308
8.41308
8.41308
8.41308
8.41308
8.41379
8.41379
8.41379
8.41379
8.41379
8.41379
8.41403
8.41403
8.41403
8.41403
8.41403
8.41403
8.41403
8.41403
8.41403
8.41403
8.41403
8.41403
8.41403
8.41403
8.41403
8.41498
8.41498
8.41498
8.41498
8.41498
8.41498
8.41498
8.41498
8.41498
8.41498
8.41498
8.41498
8.41498
8.41498
8.41498
8.41498
8.41498
8.41498
8.41498
8.41498
8.41498
8.41498
8.41522
8.41522
8.41594
8.41594
8.41594
8.41594
8.41594
8.41594
8.41594
8.41594
8.41594
8.41594
8.41594
8.41594
8.41594
8.41594
8.41594
8.41594
8.41594
8.41618
8.41618
8.41618
8.41618
8.41689
8.41689
8.41689
8.41689
8.41689
8.41689
8.41689
8.41689
8.41713
8.41713
8.41713
8.41713
8.41713
8.41713
8.41713
8.41713
8.41784
8.41784
8.41784
8.41784
8.41808
8.41808
8.41808
8.41808
8.41808
8.41808
8.41808
8.41808
8.41808
8.4188
8.4188
8.41904
8.41904
8.41904
8.41904
8.41904
8.41904
8.41904
8.41904
8.41904
8.41904
8.41904
8.41904
8.41999
8.41999
8.41999
8.41999
8.41999
8.41999
8.41999
8.41999
8.41999
8.41999
8.42023
8.42023
8.42094
8.42094
8.42094
8.42094
8.42094
8.42094
8.42094
8.42094
8.42094
8.42094
8.42094
8.42118
8.4219
8.4219
8.4219
8.4219
8.4219
8.4219
8.42214
8.42214
8.42214
8.42214
8.42285
8.42285
8.42285
8.42309
8.42309
8.42309
8.42309
8.42309
8.42309
8.42404
8.42404
8.42404
8.425
8.425
8.425
8.425
8.425
8.425
8.425
8.425
8.42595
8.42595
8.42595
8.42595
8.42595
8.42619
8.42619
8.4269
8.4269
8.4269
8.42714
8.42714
8.42786
8.42786
8.42786
8.4281
8.4281
8.4281
8.42905
8.42905
8.42905
8.42905
8.43
8.43
8.43
8.43
8.43
8.43
8.43
8.43
8.43096
8.43096
8.43096
8.43096
8.43096
8.43096
8.43191
8.43191
8.43191
8.43215
8.43287
8.43287
8.43287
8.4331
8.4331
8.4331
8.43382
8.43382
8.43382
8.43406
8.43406
8.43406
8.43406
8.43406
8.43406
8.43406
8.43406
8.43501
8.43501
8.43501
8.43501
8.43501
8.43501
8.43501
8.43501
8.43596
8.43596
8.43596
8.43596
8.43596
8.43596
8.43596
8.43596
8.4362
8.4362
8.4362
8.43692
8.43692
8.43692
8.43692
8.43692
8.43692
8.43716
8.43716
8.43716
8.43787
8.43787
8.43787
8.43811
8.43811
8.43811
8.43811
8.43811
8.43811
8.43811
8.43811
8.43811
8.43883
8.43883
8.43906
8.43906
8.43906
8.43906
8.43906
8.43906
8.44002
8.44002
8.44002
8.44002
8.44002
8.44002
8.44097
8.44097
8.44097
8.44097
8.44097
8.44097
8.44097
8.44097
8.44097
8.44097
8.44121
8.44193
8.44193
8.44193
8.44193
8.44193
8.44216
8.44216
8.44216
8.44288
8.44288
8.44288
8.44312
8.44312
8.44312
8.44312
8.44312
8.44383
8.44383
8.44383
8.44407
8.44407
8.44407
8.44407
8.44479
8.44479
8.44502
8.44502
8.44502
8.44502
8.44502
8.44502
8.44598
8.44598
8.44598
8.44598
8.44598
8.44598
8.44598
8.44598
8.44598
8.44693
8.44693
8.44717
8.44717
8.44789
8.44812
8.44812
8.44812
8.44812
8.44812
8.44812
8.44908
8.44908
8.44908
8.44908
8.45003
8.45003
8.45003
8.45098
8.45194
8.45289
8.45289
8.45385
8.4548
8.4548
8.45504
8.45599
8.45599
8.45599
8.45599
8.45599
8.45695
8.45695
8.45695
8.4579
8.4579
8.4579
8.4579
8.4579
8.45814
8.45814
8.45885
8.45885
8.45981
8.45981
8.46004
8.461
8.46195
8.46219
8.46219
8.46314
8.46314
8.4641
8.4641
8.4641
8.46481
8.46505
8.46505
8.46505
8.46505
8.46601
8.46601
8.46601
8.46601
8.46696
8.46696
8.46696
8.46696
8.46696
8.46696
8.4672
8.4672
8.46791
8.46791
8.46791
8.46791
8.46815
8.46887
8.46887
8.46887
8.4691
8.4691
8.4691
8.4691
8.4691
8.46982
8.47006
8.47006
8.47006
8.47006
8.47006
8.47006
8.47006
8.47006
8.47101
8.47101
8.47101
8.47101
8.47101
8.47101
8.47101
8.47197
8.47197
8.47197
8.47197
8.47197
8.47197
8.47197
8.47197
8.47197
8.47197
8.47197
8.47197
8.47197
8.4722
8.4722
8.47292
8.47292
8.47292
8.47292
8.47292
8.47292
8.47292
8.47292
8.47292
8.47292
8.47292
8.47292
8.47316
8.47316
8.47316
8.47316
8.47316
8.47316
8.47387
8.47387
8.47387
8.47387
8.47387
8.47387
8.47411
8.47411
8.47411
8.47411
8.47411
8.47411
8.47483
8.47483
8.47507
8.47507
8.47507
8.47507
8.47507
8.47507
8.47507
8.47578
8.47602
8.47602
8.47602
8.47602
8.47602
8.47602
8.47602
8.47602
8.47602
8.47697
8.47697
8.47697
8.47697
8.47697
8.47697
8.47697
8.47697
8.47697
8.47697
8.47697
8.47721
8.47793
8.47793
8.47793
8.47793
8.47793
8.47793
8.47816
8.47816
8.47816
8.47816
8.47816
8.47816
8.47816
8.47888
8.47888
8.47912
8.47912
8.47912
8.47912
8.47912
8.47912
8.47912
8.48007
8.48007
8.48007
8.48007
8.48007
8.48007
8.48007
8.48103
8.48103
8.48103
8.48103
8.48103
8.48103
8.48103
8.48198
8.48198
8.48198
8.48198
8.48198
8.48317
8.48389
8.48389
8.48413
8.48413
8.48413
8.48413
8.48484
8.48484
8.48484
8.48484
8.48508
8.48508
8.48508
8.48508
8.48508
8.48603
8.48603
8.48603
8.48699
8.48699
8.48699
8.48699
8.48699
8.48699
8.48699
8.48794
8.48794
8.48794
8.48794
8.48794
8.48794
8.48794
8.48913
8.48913
8.48985
8.49009
8.49009
8.49009
8.4908
8.49104
8.49104
8.49104
8.49104
8.49199
8.49199
8.49199
8.49199
8.49199
8.49199
8.49199
8.49199
8.49295
8.49295
8.49295
8.49295
8.49295
8.49295
8.49295
8.49295
8.49295
8.49295
8.49319
8.49319
8.49319
8.4939
8.4939
8.4939
8.49414
8.49414
8.49414
8.49485
8.49485
8.49509
8.49509
8.49509
8.49581
8.49605
8.49605
8.49605
8.49605
8.49605
8.49605
8.49605
8.497
8.497
8.497
8.497
8.497
8.497
8.497
8.497
8.497
8.497
8.497
8.497
8.49795
8.49795
8.49795
8.49795
8.49795
8.49795
8.49795
8.49795
8.49795
8.49795
8.49819
8.49891
8.49891
8.49891
8.49891
8.49891
8.49891
8.49891
8.49891
8.49891
8.49891
8.49891
8.49891
8.49891
8.49891
8.49891
8.49891
8.49891
8.49891
8.49891
8.49915
8.49986
8.49986
8.49986
8.49986
8.49986
8.49986
8.49986
8.5001
8.5001
8.5001
8.5001
8.5001
8.5001
8.5001
8.5001
8.5001
8.5001
8.5001
8.5001
8.5001
8.5001
8.5001
8.5001
8.50081
8.50081
8.50081
8.50081
8.50081
8.50081
8.50081
8.50105
8.50105
8.50105
8.50105
8.50105
8.50105
8.50105
8.50105
8.50105
8.50105
8.50105
8.50105
8.50105
8.50105
8.50105
8.50105
8.50105
8.50177
8.50177
8.50177
8.50177
8.50201
8.50201
8.50201
8.50201
8.50201
8.50201
8.50201
8.50201
8.50201
8.50201
8.50201
8.50201
8.50201
8.50201
8.50201
8.50201
8.50201
8.50201
8.50201
8.50201
8.50201
8.50201
8.50201
8.50201
8.50201
8.50201
8.50201
8.50201
8.50296
8.50296
8.50296
8.50296
8.50296
8.50296
8.50296
8.50296
8.50296
8.50296
8.50296
8.50296
8.50296
8.50296
8.50296
8.50296
8.50296
8.50296
8.50296
8.50296
8.50296
8.50296
8.50296
8.50296
8.50296
8.50296
8.50296
8.50296
8.50296
8.5032
8.5032
8.5032
8.50391
8.50391
8.50391
8.50391
8.50391
8.50391
8.50391
8.50391
8.50391
8.50391
8.50391
8.50391
8.50391
8.50391
8.50391
8.50391
8.50391
8.50391
8.50391
8.50391
8.50391
8.50415
8.50415
8.50415
8.50415
8.50415
8.50415
8.50415
8.50415
8.50415
8.50415
8.50415
8.50415
8.50415
8.50415
8.50415
8.50415
8.50415
8.50415
8.50487
8.50487
8.50487
8.50487
8.50487
8.50487
8.50487
8.50487
8.50487
8.50487
8.50487
8.50487
8.50487
8.50487
8.50487
8.50487
8.50487
8.50487
8.50487
8.50487
8.50487
8.50487
8.50487
8.50487
8.50487
8.50487
8.50487
8.50511
8.50511
8.50511
8.50511
8.50511
8.50511
8.50511
8.50511
8.50511
8.50511
8.50511
8.50511
8.50511
8.50511
8.50511
8.50511
8.50511
8.50511
8.50511
8.50511
8.50511
8.50511
8.50511
8.50511
8.50511
8.50511
8.50511
8.50511
8.50511
8.50511
8.50582
8.50582
8.50582
8.50582
8.50582
8.50582
8.50582
8.50582
8.50582
8.50582
8.50582
8.50582
8.50582
8.50582
8.50582
8.50582
8.50582
8.50582
8.50606
8.50606
8.50606
8.50606
8.50606
8.50606
8.50606
8.50606
8.50606
8.50606
8.50606
8.50606
8.50606
8.50606
8.50606
8.50606
8.50606
8.50606
8.50606
8.50606
8.50606
8.50606
8.50606
8.50606
8.50606
8.50606
8.50606
8.50606
8.50606
8.50606
8.50606
8.50606
8.50606
8.50606
8.50606
8.50606
8.50606
8.50606
8.50606
8.50606
8.50606
8.50606
8.50606
8.50606
8.50606
8.50606
8.50606
8.50606
8.50606
8.50606
8.50606
8.50606
8.50606
8.50606
8.50606
8.50677
8.50677
8.50677
8.50677
8.50677
8.50677
8.50701
8.50701
8.50701
8.50701
8.50701
8.50701
8.50701
8.50701
8.50701
8.50701
8.50701
8.50701
8.50701
8.50701
8.50701
8.50701
8.50701
8.50701
8.50701
8.50701
8.50701
8.50701
8.50701
8.50701
8.50701
8.50701
8.50701
8.50701
8.50701
8.50701
8.50701
8.50701
8.50701
8.50701
8.50701
8.50701
8.50701
8.50701
8.50701
8.50701
8.50701
8.50701
8.50701
8.50701
8.50701
8.50701
8.50701
8.50701
8.50701
8.50701
8.50701
8.50701
8.50701
8.50701
8.50701
8.50701
8.50701
8.50701
8.50701
8.50701
8.50701
8.50701
8.50701
8.50701
8.50701
8.50701
8.50701
8.50701
8.50701
8.50701
8.50701
8.50701
8.50701
8.50701
8.50701
8.50701
8.50701
8.50701
8.50701
8.50701
8.50701
8.50701
8.50701
8.50701
8.50701
8.50701
8.50797
8.50797
8.50797
8.50797
8.50797
8.50797
8.50797
8.50797
8.50797
8.50797
8.50797
8.50797
8.50797
8.50797
8.50797
8.50797
8.50797
8.50797
8.50797
8.50797
8.50797
8.50797
8.50797
8.50797
8.50797
8.50797
8.50797
8.50797
8.50797
8.50797
8.50797
8.50797
8.50797
8.50797
8.50797
8.50797
8.50797
8.50797
8.50797
8.50797
8.50797
8.50797
8.50797
8.50797
8.50797
8.50797
8.50797
8.50797
8.50797
8.50797
8.50797
8.50797
8.50797
8.50797
8.50797
8.50797
8.50797
8.50797
8.50797
8.50797
8.50797
8.50797
8.50797
8.50797
8.50797
8.50797
8.50797
8.50797
8.50797
8.50797
8.50797
8.50797
8.50797
8.50797
8.50797
8.50797
8.50797
8.50797
8.50797
8.50797
8.50797
8.50797
8.50797
8.50797
8.50821
8.50821
8.50821
8.50892
8.50892
8.50892
8.50892
8.50892
8.50892
8.50892
8.50892
8.50892
8.50892
8.50892
8.50892
8.50892
8.50892
8.50892
8.50892
8.50892
8.50892
8.50892
8.50892
8.50892
8.50892
8.50892
8.50892
8.50892
8.50892
8.50892
8.50892
8.50892
8.50892
8.50892
8.50892
8.50892
8.50892
8.50892
8.50892
8.50892
8.50892
8.50892
8.50892
8.50892
8.50892
8.50892
8.50892
8.50892
8.50892
8.50892
8.50892
8.50892
8.50892
8.50892
8.50892
8.50892
8.50892
8.50892
8.50892
8.50892
8.50892
8.50892
8.50892
8.50892
8.50916
8.50916
8.50916
8.50916
8.50916
8.50916
8.50916
8.50916
8.50916
8.50916
8.50916
8.50916
8.50916
8.50916
8.50916
8.50916
8.50916
8.50916
8.50916
8.50916
8.50916
8.50916
8.50916
8.50916
8.50916
8.50916
8.50916
8.50916
8.50916
8.50916
8.50916
8.50916
8.50916
8.50916
8.50987
8.50987
8.50987
8.50987
8.50987
8.50987
8.50987
8.50987
8.50987
8.50987
8.50987
8.50987
8.50987
8.50987
8.50987
8.50987
8.50987
8.50987
8.50987
8.50987
8.50987
8.50987
8.50987
8.51011
8.51011
8.51011
8.51011
8.51011
8.51011
8.51011
8.51011
8.51011
8.51011
8.51011
8.51011
8.51011
8.51011
8.51011
8.51011
8.51011
8.51011
8.51011
8.51011
8.51011
8.51011
8.51011
8.51011
8.51011
8.51011
8.51011
8.51011
8.51011
8.51011
8.51011
8.51011
8.51011
8.51011
8.51083
8.51083
8.51083
8.51083
8.51083
8.51083
8.51083
8.51083
8.51083
8.51083
8.51083
8.51083
8.51083
8.51083
8.51083
8.51107
8.51107
8.51107
8.51107
8.51107
8.51107
8.51107
8.51107
8.51107
8.51107
8.51107
8.51107
8.51107
8.51107
8.51107
8.51107
8.51107
8.51107
8.51107
8.51107
8.51107
8.51107
8.51107
8.51107
8.51107
8.51107
8.51107
8.51107
8.51107
8.51107
8.51107
8.51107
8.51178
8.51202
8.51202
8.51202
8.51202
8.51202
8.51202
8.51202
8.51202
8.51202
8.51202
8.51202
8.51202
8.51202
8.51202
8.51202
8.51202
8.51202
8.51202
8.51202
8.51202
8.51202
8.51202
8.51202
8.51202
8.51202
8.51202
8.51202
8.51202
8.51202
8.51202
8.51202
8.51202
8.51202
8.51202
8.51202
8.51202
8.51202
8.51202
8.51202
8.51202
8.51202
8.51297
8.51297
8.51297
8.51297
8.51297
8.51297
8.51297
8.51297
8.51297
8.51297
8.51297
8.51297
8.51297
8.51297
8.51297
8.51297
8.51297
8.51297
8.51297
8.51297
8.51297
8.51297
8.51297
8.51297
8.51297
8.51297
8.51297
8.51297
8.51297
8.51297
8.51297
8.51297
8.51321
8.51321
8.51321
8.51321
8.51393
8.51393
8.51393
8.51393
8.51393
8.51393
8.51393
8.51393
8.51393
8.51393
8.51393
8.51393
8.51393
8.51393
8.51393
8.51393
8.51417
8.51417
8.51417
8.51417
8.51417
8.51417
8.51417
8.51417
8.51417
8.51417
8.51417
8.51417
8.51417
8.51488
8.51488
8.51488
8.51488
8.51488
8.51488
8.51488
8.51488
8.51488
8.51488
8.51488
8.51488
8.51512
8.51512
8.51512
8.51512
8.51512
8.51512
8.51512
8.51512
8.51512
8.51512
8.51512
8.51512
8.51512
8.51512
8.51512
8.51512
8.51583
8.51583
8.51583
8.51583
8.51583
8.51583
8.51583
8.51607
8.51607
8.51607
8.51607
8.51607
8.51607
8.51607
8.51607
8.51607
8.51607
8.51607
8.51607
8.51607
8.51607
8.51607
8.51607
8.51607
8.51679
8.51703
8.51703
8.51703
8.51703
8.51703
8.51703
8.51703
8.51703
8.51703
8.51703
8.51703
8.51703
8.51703
8.51703
8.51703
8.51798
8.51798
8.51798
8.51798
8.51798
8.51798
8.51798
8.51798
8.51798
8.51893
8.51893
8.51893
8.51893
8.51893
8.51893
8.51917
8.51917
8.51917
8.51917
8.51989
8.51989
8.51989
8.51989
8.51989
8.51989
8.51989
8.51989
8.51989
8.52013
8.52013
8.52013
8.52013
8.52013
8.52013
8.52013
8.52084
8.52108
8.52108
8.52108
8.52108
8.52108
8.52108
8.52108
8.52108
8.52108
8.52108
8.52108
8.52108
8.52203
8.52203
8.52203
8.52203
8.52203
8.52203
8.52299
8.52299
8.52299
8.52299
8.52299
8.52299
8.52299
8.52299
8.52299
8.52299
8.52299
8.52299
8.52299
8.52394
8.52394
8.52394
8.52394
8.52394
8.52394
8.52418
8.52418
8.52418
8.52418
8.52489
8.52489
8.52489
8.52513
8.52513
8.52585
8.52585
8.52585
8.52609
8.52609
8.5268
8.52704
8.52704
8.52704
8.52704
8.52799
8.52799
8.52799
8.52895
8.52895
8.5299
8.5299
8.5299
8.53014
8.53014
8.53086
8.53086
8.53086
8.53109
8.53109
8.53205
8.53205
8.53205
8.53205
8.53205
8.53205
8.53205
8.53205
8.53205
8.533
8.533
8.533
8.533
8.533
8.533
8.533
8.53395
8.53395
8.53395
8.53395
8.53491
8.53491
8.53491
8.53491
8.53491
8.53515
8.53515
8.53586
8.53586
8.5361
8.5361
8.5361
8.5361
8.5361
8.5361
8.53682
8.53705
8.53705
8.53777
8.53777
8.53801
8.53801
8.53801
8.53801
8.53801
8.53801
8.53801
8.53896
8.53896
8.53896
8.53896
8.53896
8.5392
8.5392
8.5392
8.5392
8.53992
8.53992
8.53992
8.53992
8.53992
8.53992
8.53992
8.53992
8.53992
8.53992
8.53992
8.53992
8.54015
8.54015
8.54087
8.54087
8.54087
8.54087
8.54087
8.54087
8.54111
8.54111
8.54111
8.54182
8.54182
8.54206
8.54206
8.54206
8.54206
8.54206
8.54206
8.54206
8.54206
8.54301
8.54301
8.54301
8.54301
8.54397
8.54397
8.54397
8.54397
8.54397
8.54397
8.54397
8.54492
8.54492
8.54492
8.54492
8.54588
8.54588
8.54588
8.54588
8.54588
8.54588
8.54611
8.54611
8.54611
8.54683
8.54683
8.54707
8.54707
8.54707
8.54707
8.54707
8.54707
8.54778
8.54778
8.54802
8.54802
8.54802
8.54802
8.54802
8.54802
8.54802
8.54897
8.54897
8.54897
8.54897
8.54897
8.54993
8.54993
8.55112
8.55184
8.55207
8.55207
8.55279
8.55303
8.55303
8.55303
8.55398
8.55494
8.55494
8.55517
8.55589
8.55613
8.55708
8.55803
8.55994
8.55994
8.55994
8.5609
8.5609
8.56113
8.56185
8.56209
8.56209
8.56304
8.56304
8.56304
8.56304
8.564
8.564
8.564
8.564
8.56495
8.56495
8.56495
8.56495
8.56495
8.56495
8.56495
8.5659
8.5659
8.5659
8.5659
8.56614
8.56614
8.56614
8.56686
8.56686
8.56686
8.56709
8.56709
8.56709
8.56709
8.56781
8.56805
8.56805
8.56805
8.56805
8.56805
8.56805
8.569
8.569
8.569
8.569
8.569
8.569
8.569
8.569
8.569
8.56996
8.56996
8.56996
8.56996
8.56996
8.57091
8.57091
8.57091
8.57091
8.57091
8.57091
8.57091
8.57091
8.57091
8.57091
8.57091
8.57091
8.57115
8.57186
8.57186
8.57186
8.57186
8.5721
8.5721
8.5721
8.5721
8.5721
8.57282
8.57282
8.57282
8.57282
8.57306
8.57306
8.57306
8.57306
8.57306
8.57306
8.57306
8.57306
8.57306
8.57306
8.57306
8.57306
8.57306
8.57306
8.57377
8.57401
8.57401
8.57401
8.57401
8.57401
8.57401
8.57401
8.57401
8.57401
8.57401
8.57496
8.57496
8.57496
8.57496
8.57496
8.57496
8.57496
8.57496
8.57496
8.57496
8.57592
8.57592
8.57592
8.57592
8.57592
8.57615
8.57615
8.57615
8.57687
8.57687
8.57687
8.57687
8.57687
8.57687
8.57711
8.57711
8.57711
8.57711
8.57711
8.57782
8.57782
8.57806
8.57806
8.57806
8.57806
8.57806
8.57806
8.57806
8.57806
8.57878
8.57902
8.57902
8.57902
8.57902
8.57902
8.57902
8.57997
8.57997
8.57997
8.57997
8.57997
8.57997
8.57997
8.57997
8.57997
8.57997
8.58021
8.58021
8.58092
8.58092
8.58092
8.58116
8.58116
8.58188
8.58212
8.58212
8.58212
8.58283
8.58307
8.58307
8.58307
8.58402
8.58402
8.58402
8.58498
8.58498
8.58498
8.58521
8.58593
8.58593
8.58617
8.58688
8.58688
8.58712
8.58784
8.58808
8.58808
8.58808
8.58879
8.58903
8.58903
8.58903
8.58903
8.59022
8.59022
8.59094
8.59094
8.59094
8.59094
8.59118
8.59118
8.59189
8.59213
8.59284
8.59284
8.59284
8.59308
8.59308
8.5938
8.5938
8.59404
8.59404
8.59404
8.59404
8.59404
8.59404
8.59404
8.59404
8.59404
8.59404
8.59404
8.59499
8.59499
8.59499
8.59499
8.59499
8.59499
8.59499
8.59594
8.59594
8.59594
8.59594
8.59594
8.59594
8.59594
8.59594
8.59594
8.59594
8.59594
8.59594
8.59618
8.59618
8.5969
8.5969
8.5969
8.5969
8.59714
8.59714
8.59714
8.59714
8.59714
8.59714
8.59714
8.59714
8.59714
8.59785
8.59785
8.59785
8.59785
8.59785
8.59785
8.59785
8.59785
8.59785
8.59785
8.59785
8.59785
8.59809
8.59809
8.59809
8.59809
8.59809
8.5988
8.59904
8.59904
8.59904
8.59904
8.59904
8.59904
8.59904
8.59904
8.59904
8.59904
8.6
8.6
8.6
8.6
8.6
8.6
8.6
8.6
8.6
8.6
8.6
8.6
8.6
8.6
8.6
8.6
8.6
8.6
8.6
8.6
8.6
8.60095
8.60095
8.60095
8.60095
8.60095
8.60095
8.60095
8.60095
8.60095
8.60095
8.60095
8.60095
8.60095
8.60095
8.60119
8.60119
8.60119
8.60119
8.60119
8.60119
8.6019
8.6019
8.6019
8.6019
8.6019
8.6019
8.6019
8.6019
8.6019
8.6019
8.6019
8.6019
8.6019
8.6019
8.6019
8.60214
8.60214
8.60214
8.60214
8.60214
8.60214
8.60214
8.60214
8.60214
8.60286
8.60286
8.60286
8.60286
8.60286
8.60286
8.60286
8.60286
8.60286
8.60286
8.60286
8.60286
8.60286
8.6031
8.6031
8.6031
8.6031
8.6031
8.6031
8.6031
8.6031
8.6031
8.6031
8.6031
8.6031
8.6031
8.6031
8.6031
8.6031
8.6031
8.6031
8.6031
8.6031
8.6031
8.6031
8.6031
8.6031
8.60381
8.60381
8.60381
8.60381
8.60381
8.60381
8.60381
8.60381
8.60381
8.60381
8.60381
8.60381
8.60381
8.60405
8.60405
8.60405
8.60405
8.60405
8.60405
8.60405
8.60405
8.60405
8.60405
8.60405
8.60405
8.60405
8.60405
8.60405
8.60405
8.60405
8.60405
8.60405
8.60405
8.60405
8.60405
8.60405
8.60405
8.60405
8.60405
8.60405
8.60405
8.60405
8.60405
8.60405
8.60405
8.60405
8.60405
8.60405
8.60405
8.60405
8.60405
8.60476
8.60476
8.605
8.605
8.605
8.605
8.605
8.605
8.605
8.605
8.605
8.605
8.605
8.605
8.605
8.605
8.605
8.605
8.605
8.605
8.605
8.605
8.605
8.605
8.605
8.605
8.605
8.605
8.605
8.605
8.605
8.605
8.605
8.605
8.605
8.605
8.605
8.605
8.605
8.605
8.605
8.605
8.605
8.605
8.605
8.605
8.605
8.605
8.605
8.605
8.605
8.605
8.605
8.605
8.605
8.605
8.605
8.60596
8.60596
8.60596
8.60596
8.60596
8.60596
8.60596
8.60596
8.60596
8.60596
8.60596
8.60596
8.60596
8.60596
8.60596
8.60596
8.60596
8.60596
8.60596
8.60596
8.60596
8.60596
8.60596
8.60596
8.60596
8.60596
8.60596
8.60596
8.60596
8.60596
8.60596
8.60596
8.60596
8.60596
8.60596
8.60596
8.60596
8.60596
8.60596
8.60596
8.60596
8.60596
8.60596
8.60596
8.60596
8.60596
8.60596
8.60596
8.60596
8.60596
8.60596
8.60596
8.60596
8.60596
8.60596
8.60596
8.60596
8.60596
8.60596
8.60596
8.60596
8.60596
8.6062
8.6062
8.6062
8.6062
8.6062
8.6062
8.6062
8.6062
8.6062
8.6062
8.6062
8.6062
8.6062
8.6062
8.6062
8.60691
8.60691
8.60691
8.60691
8.60691
8.60691
8.60691
8.60691
8.60691
8.60691
8.60691
8.60691
8.60691
8.60691
8.60691
8.60691
8.60691
8.60691
8.60691
8.60691
8.60691
8.60691
8.60691
8.60691
8.60691
8.60691
8.60691
8.60691
8.60691
8.60691
8.60691
8.60691
8.60691
8.60691
8.60691
8.60691
8.60691
8.60691
8.60691
8.60691
8.60691
8.60691
8.60691
8.60691
8.60691
8.60691
8.60691
8.60691
8.60691
8.60691
8.60691
8.60691
8.60691
8.60691
8.60691
8.60691
8.60691
8.60715
8.60715
8.60715
8.60715
8.60715
8.60715
8.60715
8.60715
8.60715
8.60715
8.60715
8.60715
8.60715
8.60715
8.60715
8.60715
8.60715
8.60715
8.60715
8.60715
8.60715
8.60715
8.60715
8.60715
8.60715
8.60715
8.60715
8.60715
8.60715
8.60715
8.60715
8.60715
8.60786
8.60786
8.60786
8.60786
8.60786
8.60786
8.60786
8.60786
8.60786
8.60786
8.60786
8.60786
8.60786
8.60786
8.60786
8.60786
8.60786
8.60786
8.60786
8.60786
8.60786
8.60786
8.60786
8.60786
8.60786
8.60786
8.60786
8.60786
8.60786
8.60786
8.60786
8.60786
8.60786
8.60786
8.60786
8.60786
8.60786
8.60786
8.60786
8.60786
8.60786
8.60786
8.60786
8.60786
8.60786
8.60786
8.60786
8.60786
8.60786
8.6081
8.6081
8.6081
8.6081
8.6081
8.6081
8.6081
8.6081
8.6081
8.6081
8.6081
8.6081
8.6081
8.6081
8.6081
8.6081
8.6081
8.6081
8.6081
8.6081
8.6081
8.6081
8.6081
8.6081
8.6081
8.6081
8.6081
8.6081
8.6081
8.6081
8.6081
8.6081
8.6081
8.6081
8.6081
8.6081
8.6081
8.6081
8.6081
8.6081
8.6081
8.6081
8.6081
8.6081
8.6081
8.6081
8.6081
8.6081
8.6081
8.6081
8.6081
8.6081
8.6081
8.6081
8.6081
8.60882
8.60882
8.60882
8.60882
8.60882
8.60882
8.60882
8.60882
8.60882
8.60882
8.60882
8.60882
8.60882
8.60882
8.60882
8.60906
8.60906
8.60906
8.60906
8.60906
8.60906
8.60906
8.60906
8.60906
8.60906
8.60906
8.60906
8.60906
8.60906
8.60906
8.60906
8.60906
8.60906
8.60906
8.60906
8.60906
8.60906
8.60906
8.60906
8.60906
8.60906
8.60906
8.60906
8.60906
8.60906
8.60906
8.60906
8.60906
8.60906
8.60906
8.60906
8.60906
8.60906
8.60906
8.60906
8.60906
8.60906
8.60906
8.60906
8.60906
8.60906
8.60906
8.60906
8.60906
8.60906
8.60906
8.60906
8.60906
8.60906
8.60906
8.60906
8.60906
8.60906
8.60906
8.60906
8.60906
8.60906
8.60906
8.60906
8.60906
8.60906
8.60906
8.60906
8.60906
8.60906
8.60906
8.60906
8.60906
8.60906
8.60906
8.61001
8.61001
8.61001
8.61001
8.61001
8.61001
8.61001
8.61001
8.61001
8.61001
8.61001
8.61001
8.61001
8.61001
8.61001
8.61001
8.61001
8.61001
8.61001
8.61001
8.61001
8.61001
8.61001
8.61001
8.61001
8.61001
8.61001
8.61001
8.61001
8.61001
8.61001
8.61001
8.61001
8.61001
8.61001
8.61001
8.61001
8.61001
8.61001
8.61001
8.61001
8.61001
8.61001
8.61001
8.61001
8.61001
8.61001
8.61001
8.61001
8.61001
8.61001
8.61001
8.61001
8.61001
8.61001
8.61001
8.61001
8.61001
8.61001
8.61001
8.61001
8.61096
8.61096
8.61096
8.61096
8.61096
8.61096
8.61096
8.61096
8.61096
8.61096
8.61096
8.61096
8.61096
8.61096
8.61096
8.61096
8.61096
8.61096
8.61096
8.61096
8.61096
8.61096
8.61096
8.61096
8.61096
8.61096
8.61096
8.61096
8.61096
8.61096
8.61096
8.61096
8.61096
8.61096
8.61096
8.61096
8.61096
8.61096
8.61096
8.61096
8.61096
8.6112
8.6112
8.6112
8.6112
8.6112
8.6112
8.6112
8.6112
8.61192
8.61192
8.61192
8.61192
8.61192
8.61192
8.61192
8.61192
8.61192
8.61192
8.61192
8.61192
8.61192
8.61192
8.61192
8.61192
8.61192
8.61192
8.61192
8.61216
8.61216
8.61216
8.61216
8.61216
8.61216
8.61216
8.61216
8.61216
8.61216
8.61216
8.61216
8.61216
8.61216
8.61216
8.61216
8.61216
8.61216
8.61216
8.61287
8.61287
8.61287
8.61287
8.61287
8.61287
8.61287
8.61287
8.61287
8.61287
8.61287
8.61287
8.61287
8.61287
8.61287
8.61287
8.61311
8.61311
8.61311
8.61311
8.61311
8.61311
8.61311
8.61311
8.61311
8.61311
8.61311
8.61311
8.61311
8.61311
8.61311
8.61311
8.61311
8.61311
8.61311
8.61311
8.61311
8.61311
8.61311
8.61311
8.61382
8.61382
8.61382
8.61382
8.61382
8.61382
8.61382
8.61382
8.61382
8.61406
8.61406
8.61406
8.61406
8.61406
8.61406
8.61406
8.61406
8.61406
8.61406
8.61406
8.61406
8.61406
8.61502
8.61502
8.61502
8.61502
8.61502
8.61502
8.61502
8.61502
8.61502
8.61502
8.61502
8.61502
8.61502
8.61502
8.61502
8.61502
8.61502
8.61597
8.61597
8.61597
8.61597
8.61597
8.61597
8.61597
8.61597
8.61597
8.61597
8.61597
8.61597
8.61597
8.61597
8.61597
8.61597
8.61597
8.61597
8.61597
8.61597
8.61597
8.61597
8.61621
8.61692
8.61692
8.61692
8.61692
8.61692
8.61692
8.61692
8.61692
8.61692
8.61692
8.61692
8.61692
8.61692
8.61692
8.61716
8.61716
8.61716
8.61716
8.61716
8.61716
8.61788
8.61788
8.61788
8.61788
8.61788
8.61788
8.61788
8.61788
8.61788
8.61812
8.61812
8.61812
8.61812
8.61812
8.61812
8.61812
8.61812
8.61812
8.61812
8.61812
8.61812
8.61812
8.61883
8.61883
8.61883
8.61907
8.61907
8.61907
8.61907
8.62002
8.62002
8.62002
8.62002
8.62002
8.62002
8.62002
8.62002
8.62002
8.62002
8.62002
8.62098
8.62098
8.62098
8.62098
8.62098
8.62098
8.62098
8.62098
8.62122
8.62122
8.62193
8.62193
8.62193
8.62193
8.62193
8.62193
8.62193
8.62193
8.62217
8.62217
8.62288
8.62288
8.62288
8.62288
8.62288
8.62288
8.62312
8.62312
8.62384
8.62384
8.62408
8.62479
8.62479
8.62503
8.62503
8.62503
8.62503
8.62503
8.62503
8.62503
8.62503
8.62503
8.62598
8.62598
8.62598
8.62598
8.62694
8.62694
8.62694
8.62789
8.62813
8.62885
8.62908
8.62908
8.62908
8.63004
8.63099
8.63099
8.63099
8.63099
8.63099
8.63099
8.63194
8.63194
8.63194
8.63194
8.63194
8.63218
8.63218
8.63218
8.6329
8.6329
8.6329
8.63314
8.63314
8.63314
8.63385
8.63385
8.63385
8.63409
8.63409
8.63409
8.63481
8.63481
8.63504
8.63504
8.63504
8.63504
8.63504
8.63504
8.63504
8.63504
8.636
8.636
8.636
8.636
8.636
8.636
8.636
8.636
8.63695
8.63695
8.63695
8.63695
8.63695
8.63695
8.63695
8.63719
8.63791
8.63791
8.63791
8.63791
8.63791
8.63791
8.63814
8.63886
8.63886
8.63886
8.63886
8.63886
8.6391
8.6391
8.6391
8.6391
8.6391
8.6391
8.6391
8.6391
8.63981
8.63981
8.63981
8.63981
8.64005
8.64005
8.64005
8.64005
8.64005
8.64005
8.64005
8.64005
8.64005
8.64005
8.64077
8.641
8.641
8.641
8.641
8.641
8.641
8.641
8.641
8.64196
8.64196
8.64196
8.64196
8.64196
8.64196
8.64196
8.64196
8.64196
8.64196
8.64196
8.64196
8.64196
8.6422
8.6422
8.64291
8.64291
8.64291
8.64291
8.64291
8.64291
8.64291
8.64291
8.64291
8.64291
8.64291
8.64315
8.64315
8.64387
8.64387
8.64387
8.64387
8.64387
8.64387
8.64387
8.64387
8.64387
8.64387
8.6441
8.6441
8.6441
8.6441
8.6441
8.6441
8.64482
8.64506
8.64506
8.64506
8.64601
8.64601
8.64601
8.64601
8.64601
8.64601
8.64601
8.64601
8.64601
8.64601
8.64601
8.64697
8.64697
8.64697
8.64697
8.64697
8.64697
8.64697
8.64697
8.64697
8.6472
8.64792
8.64792
8.64792
8.64792
8.64792
8.64792
8.64816
8.64816
8.64887
8.64911
8.64911
8.64911
8.64911
8.64911
8.64911
8.64983
8.65006
8.65006
8.65006
8.65006
8.65078
8.65102
8.65102
8.65102
8.65102
8.65197
8.65293
8.65293
8.65388
8.65412
8.65412
8.65412
8.65602
8.65602
8.65602
8.65698
8.65698
8.65698
8.65698
8.65889
8.65912
8.66008
8.66008
8.66008
8.66008
8.66008
8.66008
8.66079
8.66103
8.66199
8.66199
8.66199
8.66199
8.66294
8.66294
8.66318
8.66318
8.66389
8.66389
8.66389
8.66413
8.66413
8.66485
8.66485
8.66508
8.66508
8.66508
8.66508
8.66508
8.66508
8.66508
8.66604
8.66604
8.66604
8.66699
8.66699
8.66699
8.66699
8.66699
8.66699
8.66699
8.66795
8.66795
8.66795
8.66795
8.66795
8.66795
8.66795
8.66818
8.66818
8.66818
8.6689
8.6689
8.66914
8.66914
8.66985
8.66985
8.66985
8.66985
8.66985
8.67009
8.67009
8.67009
8.67009
8.67009
8.67009
8.67009
8.67081
8.67081
8.67081
8.67081
8.67081
8.67081
8.67081
8.67081
8.67105
8.67105
8.67105
8.67105
8.67105
8.67105
8.67105
8.67105
8.67105
8.67105
8.672
8.672
8.672
8.672
8.672
8.672
8.672
8.672
8.672
8.672
8.67295
8.67295
8.67295
8.67295
8.67295
8.67295
8.67295
8.67295
8.67295
8.67295
8.67295
8.67295
8.67319
8.67391
8.67391
8.67391
8.67391
8.67391
8.67391
8.67391
8.67391
8.67391
8.67391
8.67391
8.67391
8.67414
8.67414
8.67414
8.67486
8.67486
8.6751
8.6751
8.6751
8.6751
8.6751
8.6751
8.6751
8.6751
8.67581
8.67581
8.67581
8.67605
8.67605
8.67605
8.67605
8.67605
8.67701
8.67701
8.67701
8.67701
8.67701
8.67701
8.67796
8.67796
8.67796
8.67796
8.67796
8.67796
8.67796
8.6782
8.6782
8.67891
8.67891
8.67891
8.67915
8.67915
8.67987
8.67987
8.67987
8.68011
8.68011
8.68011
8.68011
8.68011
8.68082
8.68106
8.68106
8.68106
8.68106
8.68106
8.68106
8.68106
8.68106
8.68106
8.68297
8.68297
8.68297
8.68297
8.68297
8.68416
8.68416
8.68487
8.68487
8.68511
8.68511
8.68511
8.68511
8.68583
8.68583
8.68583
8.68607
8.68607
8.68678
8.68702
8.68702
8.68702
8.68797
8.68797
8.68797
8.68797
8.68797
8.68797
8.68797
8.68821
8.68893
8.68893
8.68893
8.68893
8.68917
8.68988
8.68988
8.69012
8.69012
8.69012
8.69083
8.69083
8.69083
8.69107
8.69107
8.69107
8.69203
8.69203
8.69203
8.69203
8.69298
8.69298
8.69322
8.69393
8.69393
8.69417
8.69417
8.69489
8.69513
8.69513
8.69513
8.69513
8.69584
8.69584
8.69584
8.69608
8.69608
8.69608
8.69608
8.69608
8.69608
8.69608
8.69608
8.69679
8.69703
8.69703
8.69703
8.69703
8.69703
8.69703
8.69703
8.69703
8.69703
8.69703
8.69799
8.69799
8.69799
8.69799
8.69799
8.69799
8.69799
8.69799
8.69799
8.69799
8.69799
8.69799
8.69799
8.69799
8.69799
8.69799
8.69799
8.69799
8.69799
8.69799
8.69799
8.69894
8.69894
8.69894
8.69894
8.69894
8.69894
8.69894
8.69894
8.69894
8.69894
8.69894
8.69894
8.69894
8.69894
8.69894
8.69918
8.69918
8.69918
8.69918
8.69989
8.69989
8.69989
8.69989
8.69989
8.69989
8.69989
8.69989
8.69989
8.69989
8.70013
8.70013
8.70013
8.70013
8.70013
8.70013
8.70013
8.70013
8.70013
8.70085
8.70085
8.70085
8.70085
8.70085
8.70085
8.70085
8.70085
8.70109
8.70109
8.70109
8.70109
8.70109
8.70109
8.70109
8.70109
8.70109
8.70109
8.70109
8.70109
8.70109
8.70109
8.70109
8.7018
8.7018
8.70204
8.70204
8.70204
8.70204
8.70204
8.70204
8.70204
8.70204
8.70204
8.70204
8.70204
8.70204
8.70204
8.70204
8.70204
8.70204
8.70204
8.70204
8.70204
8.70204
8.70204
8.70204
8.70204
8.70204
8.70204
8.70204
8.70299
8.70299
8.70299
8.70299
8.70299
8.70299
8.70299
8.70299
8.70299
8.70299
8.70299
8.70299
8.70299
8.70299
8.70299
8.70299
8.70299
8.70299
8.70299
8.70299
8.70299
8.70299
8.70299
8.70299
8.70299
8.70299
8.70299
8.70299
8.70299
8.70299
8.70299
8.70299
8.70299
8.70299
8.70299
8.70299
8.70299
8.70299
8.70299
8.70299
8.70299
8.70299
8.70395
8.70395
8.70395
8.70395
8.70395
8.70395
8.70395
8.70395
8.70395
8.70395
8.70395
8.70395
8.70395
8.70395
8.70395
8.70395
8.70395
8.70395
8.70395
8.70395
8.70395
8.70395
8.70395
8.70395
8.70395
8.70395
8.70395
8.70395
8.70395
8.70395
8.70395
8.70395
8.70395
8.70395
8.70395
8.70395
8.70395
8.70395
8.70395
8.70395
8.70395
8.70419
8.70419
8.70419
8.70419
8.70419
8.70419
8.70419
8.70419
8.70419
8.7049
8.7049
8.7049
8.7049
8.7049
8.7049
8.7049
8.7049
8.7049
8.7049
8.7049
8.7049
8.7049
8.7049
8.7049
8.7049
8.7049
8.7049
8.7049
8.7049
8.7049
8.7049
8.7049
8.7049
8.7049
8.7049
8.70514
8.70514
8.70514
8.70514
8.70514
8.70514
8.70514
8.70514
8.70514
8.70514
8.70514
8.70514
8.70514
8.70514
8.70514
8.70514
8.70514
8.70514
8.70514
8.70514
8.70514
8.70514
8.70514
8.70585
8.70585
8.70585
8.70585
8.70585
8.70585
8.70585
8.70585
8.70585
8.70585
8.70585
8.70585
8.70585
8.70585
8.70585
8.70585
8.70585
8.70585
8.70585
8.70585
8.70585
8.70585
8.70585
8.70585
8.70585
8.70585
8.70585
8.70585
8.70609
8.70609
8.70609
8.70609
8.70609
8.70609
8.70609
8.70609
8.70609
8.70609
8.70609
8.70609
8.70609
8.70609
8.70609
8.70609
8.70609
8.70609
8.70609
8.70609
8.70609
8.70609
8.70609
8.70609
8.70609
8.70609
8.70609
8.70609
8.70609
8.70609
8.70609
8.70609
8.70609
8.70609
8.70609
8.70609
8.70609
8.70609
8.70609
8.70609
8.70609
8.70609
8.70609
8.70681
8.70681
8.70681
8.70681
8.70681
8.70681
8.70681
8.70681
8.70681
8.70681
8.70681
8.70681
8.70681
8.70705
8.70705
8.70705
8.70705
8.70705
8.70705
8.70705
8.70705
8.70705
8.70705
8.70705
8.70705
8.70705
8.70705
8.70705
8.70705
8.70705
8.70705
8.70705
8.70705
8.70705
8.70705
8.70705
8.70705
8.70705
8.70705
8.70705
8.70705
8.70705
8.70705
8.70705
8.70705
8.70705
8.70705
8.70705
8.70705
8.70705
8.70705
8.70705
8.70705
8.70705
8.70705
8.70705
8.70705
8.70705
8.70705
8.70705
8.70705
8.70705
8.70705
8.70705
8.70705
8.70705
8.70705
8.70705
8.70705
8.70705
8.70705
8.70705
8.70705
8.70705
8.70705
8.70705
8.70705
8.70705
8.70705
8.70705
8.70705
8.70705
8.708
8.708
8.708
8.708
8.708
8.708
8.708
8.708
8.708
8.708
8.708
8.708
8.708
8.708
8.708
8.708
8.708
8.708
8.708
8.708
8.708
8.708
8.708
8.708
8.708
8.708
8.708
8.708
8.708
8.708
8.708
8.708
8.708
8.708
8.708
8.708
8.708
8.708
8.708
8.708
8.708
8.708
8.708
8.708
8.708
8.708
8.708
8.708
8.708
8.708
8.708
8.708
8.708
8.708
8.708
8.708
8.708
8.708
8.708
8.708
8.708
8.708
8.708
8.708
8.708
8.708
8.708
8.708
8.708
8.708
8.708
8.708
8.708
8.708
8.708
8.708
8.708
8.708
8.708
8.708
8.708
8.708
8.708
8.708
8.708
8.708
8.708
8.708
8.70895
8.70895
8.70895
8.70895
8.70895
8.70895
8.70895
8.70895
8.70895
8.70895
8.70895
8.70895
8.70895
8.70895
8.70895
8.70895
8.70895
8.70895
8.70895
8.70895
8.70895
8.70895
8.70895
8.70895
8.70895
8.70895
8.70895
8.70895
8.70895
8.70895
8.70895
8.70895
8.70895
8.70895
8.70895
8.70895
8.70895
8.70895
8.70895
8.70895
8.70895
8.70895
8.70895
8.70895
8.70895
8.70895
8.70895
8.70895
8.70919
8.70919
8.70919
8.70919
8.70919
8.70919
8.70919
8.70919
8.70919
8.70991
8.70991
8.70991
8.70991
8.70991
8.70991
8.70991
8.70991
8.70991
8.70991
8.70991
8.70991
8.70991
8.70991
8.70991
8.70991
8.70991
8.70991
8.70991
8.70991
8.70991
8.70991
8.70991
8.70991
8.70991
8.70991
8.71015
8.71015
8.71015
8.71015
8.71015
8.71015
8.71015
8.71015
8.71015
8.71015
8.71015
8.71015
8.71015
8.71015
8.71015
8.71015
8.71015
8.71086
8.71086
8.71086
8.71086
8.71086
8.71086
8.71086
8.71086
8.71086
8.71086
8.71086
8.71086
8.71086
8.71086
8.71086
8.71086
8.71086
8.7111
8.7111
8.7111
8.7111
8.7111
8.7111
8.7111
8.7111
8.7111
8.7111
8.7111
8.7111
8.7111
8.7111
8.7111
8.7111
8.7111
8.7111
8.7111
8.7111
8.7111
8.7111
8.7111
8.7111
8.7111
8.7111
8.7111
8.7111
8.7111
8.7111
8.7111
8.7111
8.71181
8.71181
8.71181
8.71181
8.71181
8.71181
8.71181
8.71181
8.71181
8.71181
8.71181
8.71181
8.71181
8.71205
8.71205
8.71205
8.71205
8.71205
8.71205
8.71205
8.71205
8.71205
8.71205
8.71205
8.71205
8.71205
8.71205
8.71205
8.71205
8.71205
8.71205
8.71205
8.71205
8.71205
8.71205
8.71205
8.71205
8.71205
8.71205
8.71205
8.71205
8.71205
8.71205
8.71205
8.71205
8.71277
8.71301
8.71301
8.71301
8.71301
8.71301
8.71301
8.71301
8.71301
8.71301
8.71301
8.71301
8.71301
8.71301
8.71301
8.71301
8.71301
8.71301
8.71301
8.71301
8.71301
8.71301
8.71301
8.71301
8.71301
8.71301
8.71301
8.71301
8.71396
8.71396
8.71396
8.71396
8.71396
8.71396
8.71396
8.71396
8.71396
8.71396
8.71396
8.71396
8.71396
8.71396
8.71396
8.71396
8.71396
8.71396
8.71396
8.71396
8.71396
8.71396
8.71396
8.71396
8.71396
8.71396
8.71396
8.7142
8.7142
8.7142
8.7142
8.7142
8.71491
8.71491
8.71491
8.71491
8.71491
8.71491
8.71491
8.71491
8.71491
8.71491
8.71491
8.71491
8.71491
8.71491
8.71515
8.71515
8.71587
8.71587
8.71587
8.71587
8.71587
8.71587
8.71587
8.71587
8.71587
8.71611
8.71611
8.71611
8.71611
8.71611
8.71611
8.71611
8.71611
8.71611
8.71682
8.71682
8.71682
8.71706
8.71706
8.71706
8.71706
8.71706
8.71706
8.71706
8.71706
8.71706
8.71706
8.71706
8.71706
8.71706
8.71801
8.71801
8.71801
8.71801
8.71801
8.71801
8.71801
8.71801
8.71801
8.71801
8.71897
8.71897
8.71897
8.71897
8.71897
8.71897
8.71897
8.71897
8.71921
8.71992
8.71992
8.71992
8.71992
8.71992
8.71992
8.71992
8.71992
8.71992
8.71992
8.71992
8.71992
8.72016
8.72016
8.72016
8.72016
8.72087
8.72087
8.72087
8.72111
8.72111
8.72111
8.72111
8.72183
8.72183
8.72207
8.72207
8.72207
8.72207
8.72207
8.72278
8.72278
8.72302
8.72302
8.72302
8.72302
8.72302
8.72302
8.72397
8.72397
8.72397
8.72397
8.72397
8.72397
8.72421
8.72493
8.72493
8.72517
8.72517
8.72588
8.72588
8.72612
8.72612
8.72707
8.72707
8.72707
8.72707
8.72779
8.72803
8.72803
8.72803
8.72803
8.72898
8.72898
8.72898
8.72993
8.72993
8.72993
8.72993
8.72993
8.72993
8.72993
8.73089
8.73113
8.73184
8.73184
8.73208
8.73208
8.7328
8.7328
8.73303
8.73303
8.73303
8.73399
8.73399
8.73399
8.73399
8.73494
8.73518
8.7359
8.7359
8.73613
8.73685
8.73685
8.73685
8.73709
8.73709
8.73709
8.73709
8.73709
8.73709
8.7378
8.73804
8.73804
8.73804
8.73804
8.73804
8.73899
8.73899
8.73899
8.73899
8.73899
8.73899
8.73899
8.73995
8.73995
8.73995
8.73995
8.73995
8.73995
8.73995
8.73995
8.73995
8.73995
8.73995
8.73995
8.73995
8.73995
8.74019
8.74019
8.7409
8.7409
8.7409
8.7409
8.7409
8.74114
8.74114
8.74114
8.74114
8.74114
8.74114
8.74186
8.74186
8.74186
8.74186
8.74186
8.74186
8.74209
8.74209
8.74209
8.74209
8.74281
8.74281
8.74305
8.74305
8.74305
8.74305
8.74305
8.74305
8.74305
8.74305
8.74305
8.74305
8.74305
8.74376
8.744
8.744
8.744
8.744
8.744
8.744
8.744
8.744
8.74496
8.74496
8.74496
8.74496
8.74496
8.74496
8.74496
8.74496
8.74496
8.74496
8.74496
8.74519
8.74519
8.74519
8.74519
8.74591
8.74591
8.74591
8.74591
8.74591
8.74591
8.74591
8.74591
8.74615
8.74615
8.74615
8.7471
8.7471
8.7471
8.7471
8.74805
8.74805
8.74805
8.74901
8.74901
8.74901
8.74901
8.74901
8.74901
8.74901
8.74901
8.74901
8.74996
8.74996
8.74996
8.74996
8.74996
8.7502
8.75187
8.75187
8.75211
8.75211
8.75211
8.75306
8.75306
8.75306
8.75401
8.75401
8.75497
8.75497
8.75497
8.75592
8.75711
8.75711
8.75807
8.75807
8.75807
8.75807
8.75902
8.75998
8.75998
8.75998
8.75998
8.76093
8.76093
8.76093
8.76093
8.76188
8.76188
8.76188
8.76212
8.76212
8.76212
8.76284
8.76284
8.76284
8.76284
8.76284
8.76307
8.76307
8.76307
8.76307
8.76379
8.76403
8.76403
8.76403
8.76403
8.76403
8.76403
8.76498
8.76498
8.76498
8.76498
8.76594
8.76594
8.76689
8.76689
8.76689
8.76689
8.76689
8.76689
8.76713
8.76713
8.76713
8.76713
8.76713
8.76784
8.76784
8.76808
8.76808
8.76808
8.76808
8.76904
8.76904
8.76904
8.76904
8.76904
8.76904
8.76904
8.76904
8.76904
8.76904
8.76999
8.76999
8.76999
8.76999
8.76999
8.76999
8.76999
8.76999
8.76999
8.76999
8.76999
8.76999
8.76999
8.76999
8.76999
8.76999
8.76999
8.77023
8.77094
8.77094
8.77094
8.77094
8.77094
8.77094
8.77094
8.77094
8.77094
8.77094
8.77094
8.77118
8.77118
8.77118
8.7719
8.7719
8.7719
8.7719
8.7719
8.7719
8.77213
8.77285
8.77285
8.77285
8.77285
8.77309
8.77309
8.77309
8.77309
8.77309
8.77309
8.77309
8.77309
8.77309
8.77309
8.7738
8.77404
8.77404
8.77404
8.77404
8.77404
8.77404
8.77404
8.77404
8.77404
8.77404
8.775
8.775
8.775
8.775
8.775
8.775
8.775
8.775
8.775
8.775
8.775
8.775
8.77523
8.77595
8.77595
8.7769
8.7769
8.7769
8.7769
8.7769
8.77714
8.77714
8.77786
8.77786
8.77786
8.77786
8.7781
8.7781
8.7781
8.7781
8.7781
8.7781
8.7781
8.7781
8.7781
8.7781
8.77881
8.77881
8.77905
8.77905
8.77905
8.77905
8.77905
8.77905
8.78
8.78
8.78
8.78
8.78
8.78
8.78
8.78
8.78
8.78
8.78096
8.78096
8.78096
8.78096
8.78096
8.78096
8.78096
8.78096
8.78096
8.78191
8.78191
8.78215
8.78215
8.78286
8.78286
8.78286
8.78286
8.78286
8.7831
8.7831
8.7831
8.78406
8.78406
8.78406
8.78406
8.78501
8.78501
8.78501
8.78501
8.78501
8.78501
8.78501
8.78596
8.78596
8.78596
8.78716
8.78787
8.78906
8.78906
8.78906
8.79002
8.79002
8.79002
8.79002
8.79002
8.79002
8.79002
8.79002
8.79002
8.79097
8.79097
8.79097
8.79121
8.79192
8.79192
8.79192
8.79216
8.79216
8.79216
8.79216
8.79288
8.79312
8.79312
8.79383
8.79383
8.79383
8.79407
8.79407
8.79407
8.79407
8.79407
8.79407
8.79407
8.79407
8.79407
8.79407
8.79502
8.79502
8.79502
8.79502
8.79598
8.79598
8.79598
8.79598
8.79598
8.79598
8.79598
8.79598
8.79598
8.79598
8.79598
8.79598
8.79598
8.79598
8.79622
8.79693
8.79693
8.79693
8.79717
8.79717
8.79717
8.79717
8.79788
8.79788
8.79788
8.79788
8.79788
8.79812
8.79812
8.79812
8.79812
8.79812
8.79812
8.79812
8.79812
8.79812
8.79812
8.79884
8.79884
8.79884
8.79908
8.79908
8.79908
8.79908
8.79908
8.79908
8.79908
8.79908
8.79908
8.79979
8.79979
8.80003
8.80003
8.80003
8.80003
8.80003
8.80003
8.80003
8.80003
8.80003
8.80003
8.80003
8.80003
8.80003
8.80003
8.80003
8.80003
8.80098
8.80098
8.80098
8.80098
8.80098
8.80098
8.80098
8.80098
8.80098
8.80098
8.80098
8.80098
8.80098
8.80098
8.80098
8.80098
8.80098
8.80122
8.80122
8.80194
8.80194
8.80194
8.80194
8.80194
8.80194
8.80194
8.80194
8.80194
8.80194
8.80194
8.80194
8.80194
8.80194
8.80194
8.80194
8.80194
8.80194
8.80194
8.80218
8.80218
8.80218
8.80218
8.80218
8.80218
8.80218
8.80218
8.80218
8.80289
8.80289
8.80289
8.80289
8.80289
8.80289
8.80289
8.80289
8.80289
8.80289
8.80289
8.80313
8.80313
8.80313
8.80313
8.80313
8.80313
8.80313
8.80313
8.80313
8.80313
8.80313
8.80313
8.80313
8.80313
8.80313
8.80313
8.80313
8.80384
8.80384
8.80384
8.80384
8.80384
8.80384
8.80384
8.80384
8.80384
8.80384
8.80384
8.80384
8.80384
8.80384
8.80384
8.80384
8.80384
8.80384
8.80408
8.80408
8.80408
8.80408
8.80408
8.80408
8.80408
8.80408
8.80408
8.80408
8.80408
8.80408
8.80408
8.80408
8.80408
8.80408
8.80408
8.80408
8.80408
8.80408
8.80408
8.80408
8.80408
8.80408
8.8048
8.8048
8.8048
8.8048
8.8048
8.8048
8.8048
8.8048
8.80504
8.80504
8.80504
8.80504
8.80504
8.80504
8.80504
8.80504
8.80504
8.80504
8.80504
8.80504
8.80504
8.80504
8.80504
8.80504
8.80504
8.80504
8.80504
8.80504
8.80504
8.80504
8.80504
8.80504
8.80504
8.80504
8.80504
8.80504
8.80504
8.80504
8.80504
8.80504
8.80504
8.80504
8.80504
8.80504
8.80504
8.80504
8.80504
8.80504
8.80504
8.80504
8.80599
8.80599
8.80599
8.80599
8.80599
8.80599
8.80599
8.80599
8.80599
8.80599
8.80599
8.80599
8.80599
8.80599
8.80599
8.80599
8.80599
8.80599
8.80599
8.80599
8.80599
8.80599
8.80599
8.80599
8.80599
8.80599
8.80599
8.80599
8.80599
8.80599
8.80599
8.80599
8.80599
8.80599
8.80599
8.80599
8.80599
8.80599
8.80599
8.80599
8.80599
8.80599
8.80599
8.80599
8.80599
8.80599
8.80599
8.80599
8.80599
8.80599
8.80599
8.80599
8.80599
8.80599
8.80599
8.80599
8.80599
8.80599
8.80599
8.80599
8.80599
8.80599
8.80623
8.80694
8.80694
8.80694
8.80694
8.80694
8.80694
8.80694
8.80694
8.80694
8.80694
8.80694
8.80694
8.80694
8.80694
8.80694
8.80694
8.80694
8.80694
8.80694
8.80694
8.80694
8.80694
8.80694
8.80694
8.80694
8.80694
8.80694
8.80694
8.80694
8.80694
8.80694
8.80694
8.80694
8.80694
8.80694
8.80694
8.80694
8.80694
8.80694
8.80694
8.80694
8.80694
8.80694
8.80694
8.80694
8.80694
8.80694
8.80694
8.80694
8.80694
8.80694
8.80694
8.80694
8.80694
8.80694
8.80694
8.80694
8.80694
8.80694
8.80694
8.80694
8.80694
8.80694
8.80694
8.80694
8.80694
8.80718
8.80718
8.80718
8.80718
8.80718
8.80718
8.80718
8.80718
8.80718
8.80718
8.80718
8.80718
8.80718
8.80718
8.80718
8.80718
8.80718
8.80718
8.80718
8.80718
8.80718
8.80718
8.80718
8.8079
8.8079
8.8079
8.8079
8.8079
8.8079
8.8079
8.8079
8.8079
8.8079
8.8079
8.8079
8.8079
8.8079
8.8079
8.8079
8.8079
8.8079
8.8079
8.8079
8.8079
8.8079
8.8079
8.8079
8.8079
8.8079
8.8079
8.8079
8.8079
8.8079
8.8079
8.8079
8.8079
8.8079
8.8079
8.8079
8.8079
8.8079
8.8079
8.8079
8.8079
8.8079
8.80814
8.80814
8.80814
8.80814
8.80814
8.80814
8.80814
8.80814
8.80814
8.80814
8.80814
8.80814
8.80814
8.80814
8.80814
8.80814
8.80814
8.80814
8.80814
8.80814
8.80814
8.80814
8.80814
8.80814
8.80814
8.80814
8.80814
8.80814
8.80814
8.80814
8.80885
8.80885
8.80885
8.80885
8.80885
8.80885
8.80885
8.80885
8.80885
8.80885
8.80885
8.80885
8.80885
8.80885
8.80885
8.80885
8.80885
8.80885
8.80885
8.80885
8.80885
8.80885
8.80885
8.80885
8.80885
8.80885
8.80885
8.80885
8.80885
8.80885
8.80885
8.80885
8.80885
8.80885
8.80909
8.80909
8.80909
8.80909
8.80909
8.80909
8.80909
8.80909
8.80909
8.80909
8.80909
8.80909
8.80909
8.80909
8.80909
8.80909
8.80909
8.80909
8.80909
8.80909
8.80909
8.80909
8.80909
8.80909
8.80909
8.80909
8.80909
8.80909
8.80909
8.80909
8.80909
8.80909
8.80909
8.80909
8.80909
8.80909
8.80909
8.80909
8.80909
8.8098
8.8098
8.8098
8.8098
8.8098
8.8098
8.8098
8.8098
8.8098
8.8098
8.8098
8.8098
8.8098
8.8098
8.8098
8.8098
8.8098
8.8098
8.81004
8.81004
8.81004
8.81004
8.81004
8.81004
8.81004
8.81004
8.81004
8.81004
8.81004
8.81004
8.81004
8.81004
8.81004
8.81004
8.81004
8.81004
8.81004
8.81004
8.81004
8.81004
8.81004
8.81004
8.81004
8.81004
8.81004
8.81004
8.81004
8.81004
8.81004
8.81004
8.81004
8.81004
8.81004
8.81004
8.81004
8.81004
8.81004
8.81004
8.81004
8.81004
8.81004
8.81004
8.81004
8.81004
8.81004
8.81004
8.81004
8.81004
8.81004
8.811
8.811
8.811
8.811
8.811
8.811
8.811
8.811
8.811
8.811
8.811
8.811
8.811
8.811
8.811
8.811
8.811
8.811
8.811
8.811
8.811
8.811
8.811
8.811
8.811
8.811
8.811
8.811
8.811
8.811
8.811
8.811
8.811
8.811
8.811
8.811
8.811
8.811
8.811
8.811
8.811
8.811
8.811
8.811
8.811
8.811
8.811
8.811
8.811
8.811
8.811
8.811
8.811
8.811
8.811
8.811
8.81195
8.81195
8.81195
8.81195
8.81195
8.81195
8.81195
8.81195
8.81195
8.81195
8.81195
8.81195
8.81195
8.81195
8.81195
8.81195
8.81195
8.81195
8.81195
8.81195
8.81195
8.81195
8.81195
8.81195
8.81195
8.81195
8.81195
8.81195
8.81195
8.81195
8.81219
8.81219
8.81219
8.81219
8.81219
8.81219
8.81219
8.81219
8.8129
8.8129
8.8129
8.8129
8.8129
8.8129
8.8129
8.8129
8.8129
8.8129
8.8129
8.8129
8.8129
8.8129
8.8129
8.8129
8.8129
8.8129
8.8129
8.8129
8.8129
8.81314
8.81314
8.81314
8.81314
8.81314
8.81314
8.81314
8.81314
8.81314
8.81314
8.81314
8.81314
8.81314
8.81314
8.81314
8.81386
8.81386
8.81386
8.81386
8.81386
8.81386
8.81386
8.81386
8.81386
8.81386
8.81386
8.81386
8.81386
8.81386
8.81386
8.8141
8.8141
8.8141
8.8141
8.8141
8.8141
8.8141
8.8141
8.8141
8.8141
8.8141
8.81481
8.81481
8.81481
8.81481
8.81505
8.81505
8.81505
8.81505
8.81505
8.81505
8.81505
8.81505
8.81505
8.81505
8.81505
8.816
8.816
8.816
8.816
8.816
8.816
8.816
8.816
8.816
8.816
8.816
8.816
8.816
8.816
8.816
8.816
8.816
8.816
8.81696
8.81696
8.81696
8.81696
8.81696
8.81696
8.81696
8.81696
8.81696
8.81696
8.81696
8.81696
8.81696
8.8172
8.8172
8.8172
8.8172
8.8172
8.81791
8.81791
8.81791
8.81791
8.81791
8.81791
8.81791
8.81791
8.81815
8.81815
8.81815
8.81815
8.81815
8.81815
8.81886
8.81886
8.81886
8.81886
8.81886
8.8191
8.8191
8.8191
8.8191
8.8191
8.81982
8.81982
8.82006
8.82006
8.82006
8.82006
8.82006
8.82006
8.82101
8.82101
8.82101
8.82101
8.82101
8.82101
8.82101
8.82101
8.82101
8.82101
8.82101
8.82101
8.82101
8.82101
8.82101
8.82101
8.82101
8.82101
8.82196
8.82196
8.82196
8.82196
8.82196
8.82196
8.82196
8.8222
8.82292
8.82292
8.82292
8.82292
8.82292
8.82292
8.82292
8.82316
8.82316
8.82316
8.82387
8.82387
8.82387
8.82387
8.82387
8.82411
8.82483
8.82483
8.82506
8.82506
8.82506
8.82506
8.82506
8.82506
8.82506
8.82578
8.82602
8.82602
8.82602
8.82697
8.82697
8.82697
8.82721
8.82792
8.82792
8.82792
8.82816
8.82816
8.82888
8.82888
8.82912
8.82912
8.82912
8.82983
8.82983
8.83007
8.83007
8.83007
8.83102
8.83102
8.83198
8.83198
8.83198
8.83293
8.83293
8.83293
8.83293
8.83317
8.83317
8.83317
8.83389
8.83389
8.83412
8.83412
8.83412
8.83484
8.83484
8.83484
8.83508
8.83508
8.83508
8.83579
8.83579
8.83579
8.83603
8.83603
8.83603
8.83603
8.83603
8.83603
8.83603
8.83698
8.83698
8.83698
8.83698
8.83722
8.83722
8.83794
8.83794
8.83794
8.83794
8.83794
8.83794
8.83794
8.83818
8.83818
8.83818
8.83818
8.83818
8.83889
8.83889
8.83889
8.83889
8.83889
8.83889
8.83889
8.83889
8.83913
8.83913
8.83913
8.83985
8.83985
8.83985
8.83985
8.84008
8.84008
8.84008
8.84008
8.84008
8.84008
8.84008
8.84104
8.84104
8.84104
8.84104
8.84104
8.84104
8.84104
8.84199
8.84199
8.84199
8.84199
8.84199
8.84199
8.84199
8.84199
8.84199
8.84199
8.84199
8.84295
8.84295
8.84295
8.84295
8.84295
8.84295
8.84295
8.84295
8.84295
8.84318
8.84318
8.84318
8.84318
8.8439
8.8439
8.8439
8.84414
8.84414
8.84485
8.84485
8.84509
8.84509
8.84509
8.84509
8.84509
8.84509
8.84509
8.84509
8.84509
8.84509
8.84581
8.84581
8.84604
8.84604
8.84604
8.84604
8.84604
8.84604
8.84604
8.84604
8.847
8.847
8.847
8.847
8.847
8.847
8.847
8.847
8.84795
8.84795
8.84795
8.84891
8.84891
8.84891
8.84891
8.84891
8.84891
8.84891
8.84891
8.84914
8.84914
8.84914
8.8501
8.85081
8.85105
8.85105
8.85105
8.85105
8.85105
8.85105
8.85105
8.85105
8.85201
8.85201
8.85201
8.85296
8.85296
8.8532
8.85391
8.85391
8.85391
8.85415
8.85487
8.85487
8.8551
8.85701
8.85701
8.85701
8.85797
8.85797
8.85892
8.85892
8.85987
8.85987
8.85987
8.85987
8.85987
8.86011
8.86011
8.86202
8.86297
8.86297
8.86297
8.86393
8.86488
8.86488
8.86488
8.86488
8.86488
8.86488
8.86488
8.86488
8.86512
8.86512
8.86512
8.86512
8.86512
8.86583
8.86583
8.86583
8.86607
8.86607
8.86607
8.86703
8.86703
8.86703
8.86703
8.86703
8.86703
8.86798
8.86798
8.86798
8.86798
8.86798
8.86798
8.86798
8.86798
8.86798
8.86798
8.86798
8.86893
8.86893
8.86989
8.86989
8.86989
8.86989
8.86989
8.86989
8.87012
8.87012
8.87012
8.87084
8.87084
8.87108
8.87108
8.87108
8.87108
8.87108
8.87108
8.87108
8.87108
8.87179
8.87179
8.87203
8.87203
8.87203
8.87203
8.87203
8.87203
8.87299
8.87299
8.87299
8.87299
8.87299
8.87299
8.87322
8.87394
8.87394
8.87394
8.87394
8.87394
8.87394
8.87394
8.87394
8.87394
8.87418
8.87418
8.87418
8.87418
8.87489
8.87489
8.87489
8.87489
8.87489
8.87489
8.87489
8.87489
8.87489
8.87489
8.87489
8.87513
8.87513
8.87513
8.87513
8.87513
8.87513
8.87585
8.87585
8.87585
8.87609
8.87609
8.87609
8.87609
8.87609
8.8768
8.87704
8.87704
8.87704
8.87704
8.87704
8.87704
8.87704
8.87704
8.87799
8.87799
8.87799
8.87799
8.87799
8.87799
8.87799
8.87799
8.87799
8.87799
8.87799
8.87799
8.87799
8.87799
8.87823
8.87895
8.87895
8.87895
8.87895
8.87895
8.87895
8.87918
8.8799
8.8799
8.8799
8.8799
8.8799
8.8799
8.88085
8.88085
8.88085
8.88109
8.88109
8.88109
8.88109
8.88109
8.88181
8.88181
8.88205
8.883
8.883
8.883
8.883
8.88395
8.88395
8.88395
8.88395
8.88395
8.88395
8.88419
8.88491
8.88491
8.88491
8.88491
8.88491
8.88515
8.88515
8.88586
8.88586
8.8861
8.88705
8.88705
8.88705
8.88705
8.88801
8.88801
8.88801
8.88896
8.88896
8.88896
8.88896
8.88896
8.8892
8.88991
8.88991
8.88991
8.89015
8.89015
8.89111
8.89111
8.89111
8.89182
8.89206
8.89206
8.89206
8.89301
8.89301
8.89301
8.89301
8.89301
8.89301
8.89397
8.89397
8.89397
8.89397
8.89397
8.89421
8.89492
8.89492
8.89492
8.89492
8.89492
8.89492
8.89492
8.89492
8.89516
8.89516
8.89587
8.89587
8.89587
8.89587
8.89587
8.89611
8.89683
8.89683
8.89707
8.89707
8.89707
8.89707
8.89707
8.89707
8.89802
8.89802
8.89802
8.89802
8.89802
8.89802
8.89802
8.89802
8.89802
8.89802
8.89802
8.89802
8.89802
8.89802
8.89802
8.89897
8.89897
8.89897
8.89897
8.89897
8.89897
8.89897
8.89897
8.89897
8.89897
8.89897
8.89897
8.89897
8.89897
8.89897
8.89897
8.89897
8.89897
8.89921
8.89993
8.89993
8.89993
8.89993
8.89993
8.89993
8.89993
8.90017
8.90017
8.90017
8.90017
8.90017
8.90017
8.90088
8.90088
8.90088
8.90088
8.90088
8.90088
8.90088
8.90088
8.90088
8.90088
8.90088
8.90088
8.90088
8.90088
8.90088
8.90112
8.90112
8.90112
8.90112
8.90112
8.90112
8.90112
8.90112
8.90112
8.90112
8.90112
8.90112
8.90112
8.90183
8.90183
8.90183
8.90183
8.90183
8.90183
8.90183
8.90183
8.90183
8.90183
8.90183
8.90183
8.90183
8.90207
8.90207
8.90207
8.90207
8.90207
8.90207
8.90207
8.90207
8.90207
8.90207
8.90207
8.90207
8.90207
8.90207
8.90207
8.90207
8.90207
8.90207
8.90207
8.90207
8.90207
8.90207
8.90207
8.90207
8.90207
8.90279
8.90279
8.90279
8.90279
8.90279
8.90303
8.90303
8.90303
8.90303
8.90303
8.90303
8.90303
8.90303
8.90303
8.90303
8.90303
8.90303
8.90303
8.90303
8.90303
8.90303
8.90303
8.90303
8.90303
8.90303
8.90303
8.90303
8.90303
8.90303
8.90303
8.90303
8.90303
8.90303
8.90303
8.90398
8.90398
8.90398
8.90398
8.90398
8.90398
8.90398
8.90398
8.90398
8.90398
8.90398
8.90398
8.90398
8.90398
8.90398
8.90398
8.90398
8.90398
8.90398
8.90398
8.90398
8.90398
8.90398
8.90398
8.90398
8.90398
8.90398
8.90398
8.90398
8.90398
8.90398
8.90398
8.90398
8.90398
8.90398
8.90398
8.90398
8.90398
8.90398
8.90398
8.90398
8.90398
8.90398
8.90422
8.90422
8.90422
8.90493
8.90493
8.90493
8.90493
8.90493
8.90493
8.90493
8.90493
8.90493
8.90493
8.90493
8.90493
8.90493
8.90493
8.90493
8.90493
8.90493
8.90493
8.90493
8.90493
8.90493
8.90493
8.90493
8.90493
8.90493
8.90493
8.90493
8.90493
8.90493
8.90493
8.90493
8.90493
8.90493
8.90493
8.90493
8.90493
8.90493
8.90493
8.90493
8.90493
8.90493
8.90493
8.90493
8.90517
8.90517
8.90517
8.90517
8.90517
8.90517
8.90517
8.90517
8.90517
8.90517
8.90517
8.90517
8.90517
8.90517
8.90517
8.90517
8.90517
8.90589
8.90589
8.90589
8.90589
8.90589
8.90589
8.90589
8.90589
8.90589
8.90589
8.90589
8.90589
8.90589
8.90589
8.90589
8.90589
8.90589
8.90589
8.90589
8.90589
8.90589
8.90589
8.90589
8.90589
8.90589
8.90589
8.90589
8.90589
8.90589
8.90589
8.90589
8.90589
8.90589
8.90589
8.90589
8.90589
8.90589
8.90589
8.90613
8.90613
8.90613
8.90613
8.90613
8.90613
8.90613
8.90613
8.90613
8.90613
8.90613
8.90613
8.90613
8.90613
8.90613
8.90613
8.90613
8.90613
8.90613
8.90613
8.90613
8.90613
8.90613
8.90613
8.90613
8.90613
8.90613
8.90613
8.90613
8.90613
8.90613
8.90613
8.90613
8.90613
8.90613
8.90613
8.90684
8.90684
8.90684
8.90684
8.90684
8.90684
8.90684
8.90684
8.90684
8.90684
8.90684
8.90684
8.90684
8.90684
8.90684
8.90684
8.90684
8.90684
8.90684
8.90684
8.90684
8.90684
8.90684
8.90684
8.90684
8.90684
8.90684
8.90684
8.90684
8.90684
8.90684
8.90684
8.90708
8.90708
8.90708
8.90708
8.90708
8.90708
8.90708
8.90708
8.90708
8.90708
8.90708
8.90708
8.90708
8.90708
8.90708
8.90708
8.90708
8.90708
8.90708
8.90708
8.90708
8.90708
8.90708
8.90708
8.90708
8.90708
8.90708
8.90708
8.90708
8.90708
8.90708
8.90708
8.90708
8.90708
8.90708
8.90708
8.90708
8.90708
8.90708
8.90708
8.90708
8.90708
8.90708
8.90708
8.90708
8.90708
8.90708
8.90708
8.90708
8.90708
8.90708
8.90708
8.90708
8.90708
8.90708
8.90708
8.90708
8.90708
8.90708
8.90708
8.90708
8.90708
8.90708
8.90708
8.90779
8.90779
8.90779
8.90779
8.90779
8.90779
8.90779
8.90779
8.90779
8.90779
8.90779
8.90779
8.90779
8.90779
8.90779
8.90779
8.90803
8.90803
8.90803
8.90803
8.90803
8.90803
8.90803
8.90803
8.90803
8.90803
8.90803
8.90803
8.90803
8.90803
8.90803
8.90803
8.90803
8.90803
8.90803
8.90803
8.90803
8.90803
8.90803
8.90803
8.90803
8.90803
8.90803
8.90803
8.90803
8.90803
8.90803
8.90803
8.90803
8.90803
8.90803
8.90803
8.90803
8.90803
8.90803
8.90803
8.90803
8.90803
8.90803
8.90803
8.90803
8.90803
8.90803
8.90803
8.90803
8.90803
8.90803
8.90803
8.90803
8.90803
8.90803
8.90803
8.90803
8.90803
8.90803
8.90803
8.90803
8.90803
8.90803
8.90803
8.90803
8.90803
8.90803
8.90803
8.90803
8.90803
8.90803
8.90803
8.90803
8.90803
8.90803
8.90803
8.90803
8.90803
8.90803
8.90803
8.90803
8.90803
8.90803
8.90803
8.90803
8.90899
8.90899
8.90899
8.90899
8.90899
8.90899
8.90899
8.90899
8.90899
8.90899
8.90899
8.90899
8.90899
8.90899
8.90899
8.90899
8.90899
8.90899
8.90899
8.90899
8.90899
8.90899
8.90899
8.90899
8.90899
8.90899
8.90899
8.90899
8.90899
8.90899
8.90899
8.90899
8.90899
8.90899
8.90899
8.90899
8.90899
8.90899
8.90899
8.90899
8.90899
8.90899
8.90899
8.90899
8.90899
8.90899
8.90899
8.90899
8.90899
8.90899
8.90899
8.90899
8.90899
8.90899
8.90899
8.90899
8.90899
8.90899
8.90899
8.90899
8.90899
8.90899
8.90923
8.90923
8.90923
8.90923
8.90994
8.90994
8.90994
8.90994
8.90994
8.90994
8.90994
8.90994
8.90994
8.90994
8.90994
8.90994
8.90994
8.90994
8.90994
8.90994
8.90994
8.90994
8.90994
8.90994
8.90994
8.90994
8.90994
8.90994
8.90994
8.90994
8.90994
8.90994
8.90994
8.90994
8.90994
8.90994
8.90994
8.90994
8.90994
8.90994
8.90994
8.90994
8.90994
8.90994
8.90994
8.90994
8.90994
8.90994
8.91018
8.91018
8.91018
8.91018
8.91018
8.91018
8.91018
8.91018
8.91018
8.91018
8.91018
8.91018
8.91018
8.91018
8.91018
8.91089
8.91089
8.91089
8.91089
8.91089
8.91089
8.91089
8.91089
8.91089
8.91089
8.91089
8.91089
8.91089
8.91089
8.91089
8.91089
8.91089
8.91089
8.91089
8.91089
8.91089
8.91089
8.91089
8.91089
8.91089
8.91089
8.91089
8.91089
8.91089
8.91113
8.91113
8.91113
8.91113
8.91113
8.91113
8.91113
8.91113
8.91113
8.91113
8.91113
8.91113
8.91113
8.91113
8.91113
8.91185
8.91185
8.91185
8.91185
8.91185
8.91185
8.91185
8.91185
8.91185
8.91185
8.91185
8.91185
8.91185
8.91185
8.91185
8.91185
8.91185
8.91185
8.91185
8.91185
8.91185
8.91209
8.91209
8.91209
8.91209
8.91209
8.91209
8.91209
8.91209
8.91209
8.91209
8.91209
8.91209
8.91209
8.91209
8.91209
8.91209
8.91209
8.91209
8.91209
8.91209
8.91209
8.91209
8.91209
8.91209
8.91209
8.91209
8.91209
8.91209
8.91209
8.91209
8.91209
8.91209
8.9128
8.9128
8.9128
8.9128
8.9128
8.9128
8.9128
8.91304
8.91304
8.91304
8.91304
8.91304
8.91304
8.91304
8.91304
8.91304
8.91304
8.91304
8.91304
8.91304
8.91304
8.91304
8.91304
8.91304
8.91304
8.91304
8.91304
8.91304
8.91304
8.91304
8.91304
8.91304
8.91304
8.91304
8.91304
8.91304
8.91304
8.91304
8.91304
8.91399
8.91399
8.91399
8.91399
8.91399
8.91399
8.91399
8.91399
8.91399
8.91399
8.91399
8.91399
8.91399
8.91399
8.91399
8.91399
8.91399
8.91399
8.91399
8.91399
8.91399
8.91399
8.91399
8.91399
8.91399
8.91399
8.91399
8.91399
8.91399
8.91399
8.91399
8.91423
8.91495
8.91495
8.91495
8.91495
8.91495
8.91495
8.91495
8.91495
8.91495
8.91495
8.91495
8.91495
8.91495
8.91495
8.91495
8.91495
8.91495
8.91495
8.91519
8.91519
8.91519
8.91519
8.91519
8.91519
8.91519
8.9159
8.9159
8.9159
8.9159
8.9159
8.9159
8.9159
8.9159
8.9159
8.9159
8.9159
8.9159
8.91614
8.91614
8.91614
8.91614
8.91614
8.91685
8.91685
8.91685
8.91709
8.91709
8.91709
8.91709
8.91709
8.91709
8.91709
8.91709
8.91709
8.91709
8.91709
8.91709
8.91709
8.91709
8.91709
8.91709
8.91781
8.91781
8.91805
8.91805
8.91805
8.91805
8.91805
8.91805
8.91805
8.91805
8.919
8.919
8.919
8.919
8.919
8.919
8.919
8.919
8.919
8.919
8.91995
8.91995
8.91995
8.91995
8.91995
8.91995
8.91995
8.92019
8.92019
8.92091
8.92091
8.92091
8.92091
8.92091
8.92091
8.92091
8.92115
8.92115
8.92115
8.92115
8.92115
8.92115
8.92186
8.92186
8.92186
8.9221
8.92305
8.92305
8.92305
8.92305
8.92305
8.92401
8.92401
8.92401
8.92401
8.92496
8.92496
8.92496
8.92496
8.92496
8.92496
8.92496
8.92591
8.92591
8.92591
8.92615
8.92615
8.92687
8.92687
8.92711
8.92806
8.92806
8.92806
8.92806
8.92901
8.92901
8.92901
8.92997
8.92997
8.92997
8.92997
8.92997
8.92997
8.92997
8.93021
8.93092
8.93092
8.93116
8.93116
8.93188
8.93188
8.93188
8.93211
8.93211
8.93211
8.93283
8.93307
8.93307
8.93307
8.93307
8.93307
8.93402
8.93402
8.93402
8.93402
8.93497
8.93521
8.93521
8.93593
8.93593
8.93593
8.93593
8.93593
8.93688
8.93688
8.93712
8.93712
8.93784
8.93784
8.93784
8.93784
8.93807
8.93807
8.93807
8.93903
8.93903
8.93903
8.93903
8.93903
8.93998
8.93998
8.93998
8.93998
8.93998
8.93998
8.93998
8.93998
8.94022
8.94094
8.94094
8.94094
8.94094
8.94094
8.94094
8.94117
8.94189
8.94213
8.94213
8.94284
8.94284
8.94284
8.94308
8.94308
8.94308
8.94308
8.94403
8.94403
8.94403
8.94403
8.94403
8.94403
8.94403
8.94403
8.94403
8.94403
8.94403
8.94499
8.94499
8.94499
8.94499
8.94499
8.94499
8.94499
8.94499
8.94499
8.94499
8.94523
8.94594
8.94594
8.94594
8.94594
8.94618
8.94618
8.9469
8.9469
8.9469
8.9469
8.9469
8.94713
8.94713
8.94713
8.94713
8.94713
8.94809
8.94809
8.94809
8.94809
8.9488
8.9488
8.94904
8.94904
8.94904
8.94904
8.94904
8.95
8.95
8.95095
8.95095
8.95095
8.95095
8.95095
8.95095
8.95095
8.95119
8.9519
8.95214
8.95214
8.95286
8.95286
8.95286
8.95286
8.95309
8.95309
8.95309
8.95381
8.95405
8.955
8.95596
8.95619
8.95691
8.95691
8.95715
8.95786
8.9581
8.96001
8.96096
8.96096
8.96192
8.96192
8.96215
8.96287
8.96311
8.96311
8.96406
8.96502
8.96597
8.96597
8.96597
8.96597
8.96621
8.96621
8.96692
8.96692
8.96716
8.96788
8.96788
8.96811
8.96811
8.96811
8.96811
8.96883
8.96883
8.96883
8.96907
8.96907
8.96907
8.96907
8.96907
8.96978
8.97002
8.97002
8.97002
8.97002
8.97002
8.97002
8.97002
8.97002
8.97002
8.97002
8.97098
8.97098
8.97098
8.97098
8.97121
8.97193
8.97193
8.97193
8.97217
8.97217
8.97217
8.97288
8.97288
8.97288
8.97288
8.97288
8.97288
8.97312
8.97312
8.97312
8.97312
8.97312
8.97384
8.97408
8.97408
8.97408
8.97479
8.97503
8.97503
8.97503
8.97503
8.97503
8.97503
8.97503
8.97598
8.97694
8.97694
8.97694
8.97694
8.97694
8.97717
8.97789
8.97789
8.97789
8.97789
8.97789
8.97789
8.97789
8.97813
8.97813
8.97813
8.97813
8.97813
8.97813
8.97908
8.97908
8.97908
8.97908
8.97908
8.97908
8.97908
8.9798
8.98004
8.98004
8.98004
8.98004
8.98004
8.98099
8.98099
8.98099
8.98099
8.98123
8.98194
8.98194
8.98194
8.98194
8.98194
8.9829
8.9829
8.9829
8.9829
8.98314
8.98314
8.98314
8.98314
8.98314
8.98385
8.98409
8.98409
8.9848
8.98504
8.986
8.986
8.986
8.98695
8.98695
8.98695
8.98695
8.98695
8.98695
8.98719
8.9879
8.9879
8.98814
8.98814
8.98814
8.98886
8.98886
8.9891
8.9891
8.9891
8.9891
8.9891
8.991
8.991
8.991
8.99196
8.99196
8.99196
8.99196
8.99196
8.99291
8.99291
8.99315
8.99386
8.99386
8.99386
8.9941
8.9941
8.9941
8.99482
8.99482
8.99482
8.99506
8.99506
8.99506
8.99506
8.99506
8.99506
8.99506
8.99506
8.99506
8.99506
8.99506
8.99601
8.99601
8.99601
8.99601
8.99601
8.99601
8.99601
8.99601
8.99696
8.99696
8.99696
8.99696
8.99696
8.99696
8.99696
8.9972
8.99792
8.99792
8.99792
8.99792
8.99792
8.99792
8.99792
8.99792
8.99792
8.99816
8.99816
8.99816
8.99887
8.99887
8.99887
8.99887
8.99911
8.99911
8.99911
8.99911
8.99911
8.99911
8.99982
8.99982
8.99982
9.00006
9.00006
9.00006
9.00006
9.00006
9.00006
9.00006
9.00006
9.00006
9.00006
9.00006
9.00006
9.00078
9.00102
9.00102
9.00102
9.00102
9.00102
9.00102
9.00102
9.00102
9.00102
9.00102
9.00102
9.00102
9.00102
9.00102
9.00102
9.00102
9.00102
9.00102
9.00102
9.00102
9.00102
9.00102
9.00102
9.00102
9.00102
9.00102
9.00102
9.00102
9.00102
9.00102
9.00102
9.00102
9.00102
9.00197
9.00197
9.00197
9.00197
9.00197
9.00197
9.00197
9.00197
9.00197
9.00197
9.00197
9.00197
9.00197
9.00197
9.00197
9.00197
9.00197
9.00197
9.00197
9.00197
9.00197
9.00197
9.00197
9.00197
9.00221
9.00221
9.00221
9.00221
9.00221
9.00221
9.00292
9.00292
9.00292
9.00292
9.00292
9.00292
9.00292
9.00292
9.00292
9.00292
9.00292
9.00292
9.00292
9.00292
9.00292
9.00292
9.00292
9.00316
9.00316
9.00316
9.00316
9.00316
9.00316
9.00316
9.00316
9.00316
9.00316
9.00316
9.00316
9.00316
9.00316
9.00316
9.00316
9.00316
9.00316
9.00388
9.00388
9.00388
9.00388
9.00388
9.00388
9.00388
9.00388
9.00388
9.00388
9.00388
9.00388
9.00388
9.00388
9.00388
9.00388
9.00388
9.00388
9.00388
9.00388
9.00388
9.00388
9.00388
9.00388
9.00388
9.00412
9.00412
9.00412
9.00412
9.00412
9.00412
9.00412
9.00412
9.00412
9.00412
9.00412
9.00412
9.00412
9.00412
9.00412
9.00412
9.00412
9.00412
9.00412
9.00412
9.00412
9.00412
9.00412
9.00412
9.00412
9.00412
9.00412
9.00412
9.00412
9.00412
9.00483
9.00483
9.00483
9.00483
9.00483
9.00483
9.00483
9.00483
9.00483
9.00483
9.00483
9.00483
9.00483
9.00507
9.00507
9.00507
9.00507
9.00507
9.00507
9.00507
9.00507
9.00507
9.00507
9.00507
9.00507
9.00507
9.00507
9.00507
9.00507
9.00507
9.00507
9.00507
9.00507
9.00507
9.00507
9.00507
9.00507
9.00507
9.00507
9.00507
9.00507
9.00507
9.00507
9.00507
9.00507
9.00507
9.00507
9.00507
9.00507
9.00507
9.00507
9.00507
9.00507
9.00507
9.00507
9.00507
9.00507
9.00507
9.00507
9.00507
9.00507
9.00507
9.00578
9.00578
9.00578
9.00578
9.00578
9.00578
9.00578
9.00578
9.00578
9.00578
9.00602
9.00602
9.00602
9.00602
9.00602
9.00602
9.00602
9.00602
9.00602
9.00602
9.00602
9.00602
9.00602
9.00602
9.00602
9.00602
9.00602
9.00602
9.00602
9.00602
9.00602
9.00602
9.00602
9.00602
9.00602
9.00602
9.00602
9.00602
9.00602
9.00602
9.00602
9.00602
9.00602
9.00602
9.00602
9.00602
9.00602
9.00602
9.00602
9.00602
9.00602
9.00602
9.00602
9.00602
9.00602
9.00602
9.00602
9.00602
9.00602
9.00602
9.00602
9.00602
9.00602
9.00602
9.00602
9.00602
9.00602
9.00602
9.00602
9.00602
9.00602
9.00602
9.00602
9.00602
9.00602
9.00602
9.00602
9.00602
9.00602
9.00602
9.00602
9.00602
9.00602
9.00602
9.00698
9.00698
9.00698
9.00698
9.00698
9.00698
9.00698
9.00698
9.00698
9.00698
9.00698
9.00698
9.00698
9.00698
9.00698
9.00698
9.00698
9.00698
9.00698
9.00698
9.00698
9.00698
9.00698
9.00698
9.00698
9.00698
9.00698
9.00698
9.00698
9.00698
9.00698
9.00698
9.00698
9.00698
9.00698
9.00698
9.00698
9.00698
9.00698
9.00698
9.00698
9.00698
9.00698
9.00698
9.00698
9.00698
9.00698
9.00698
9.00698
9.00698
9.00698
9.00698
9.00698
9.00698
9.00698
9.00698
9.00698
9.00698
9.00698
9.00698
9.00698
9.00698
9.00698
9.00698
9.00698
9.00698
9.00698
9.00698
9.00698
9.00698
9.00698
9.00698
9.00698
9.00698
9.00698
9.00698
9.00698
9.00698
9.00698
9.00698
9.00698
9.00698
9.00698
9.00698
9.00698
9.00698
9.00698
9.00698
9.00698
9.00698
9.00698
9.00698
9.00698
9.00698
9.00698
9.00698
9.00698
9.00698
9.00698
9.00698
9.00698
9.00698
9.00698
9.00698
9.00698
9.00698
9.00698
9.00698
9.00698
9.00698
9.00698
9.00698
9.00698
9.00698
9.00698
9.00722
9.00722
9.00722
9.00722
9.00722
9.00722
9.00722
9.00722
9.00722
9.00722
9.00722
9.00793
9.00793
9.00793
9.00793
9.00793
9.00793
9.00793
9.00793
9.00793
9.00793
9.00793
9.00793
9.00793
9.00793
9.00793
9.00793
9.00793
9.00793
9.00793
9.00793
9.00793
9.00793
9.00793
9.00793
9.00793
9.00793
9.00793
9.00793
9.00793
9.00793
9.00793
9.00793
9.00793
9.00793
9.00793
9.00793
9.00793
9.00793
9.00793
9.00793
9.00793
9.00793
9.00793
9.00793
9.00793
9.00793
9.00793
9.00793
9.00793
9.00793
9.00793
9.00793
9.00793
9.00793
9.00793
9.00793
9.00793
9.00793
9.00793
9.00793
9.00793
9.00793
9.00793
9.00817
9.00817
9.00817
9.00817
9.00817
9.00817
9.00817
9.00817
9.00817
9.00817
9.00817
9.00817
9.00817
9.00817
9.00817
9.00817
9.00817
9.00817
9.00817
9.00817
9.00817
9.00817
9.00817
9.00817
9.00817
9.00817
9.00888
9.00888
9.00888
9.00888
9.00888
9.00888
9.00888
9.00888
9.00888
9.00888
9.00888
9.00888
9.00888
9.00888
9.00888
9.00888
9.00888
9.00888
9.00888
9.00888
9.00888
9.00888
9.00888
9.00888
9.00888
9.00888
9.00888
9.00888
9.00888
9.00888
9.00888
9.00888
9.00888
9.00888
9.00888
9.00888
9.00888
9.00888
9.00888
9.00888
9.00888
9.00888
9.00888
9.00888
9.00888
9.00888
9.00888
9.00912
9.00912
9.00912
9.00912
9.00912
9.00912
9.00912
9.00912
9.00912
9.00912
9.00912
9.00912
9.00912
9.00912
9.00912
9.00912
9.00912
9.00912
9.00912
9.00912
9.00912
9.00912
9.00912
9.00912
9.00912
9.00912
9.00912
9.00912
9.00912
9.00912
9.00912
9.00912
9.00912
9.00912
9.00912
9.00912
9.00912
9.00912
9.00912
9.00912
9.00912
9.00912
9.00912
9.00912
9.00912
9.00912
9.00912
9.00912
9.00912
9.00912
9.00912
9.00912
9.00912
9.00984
9.00984
9.00984
9.00984
9.00984
9.00984
9.00984
9.00984
9.00984
9.00984
9.00984
9.00984
9.00984
9.00984
9.00984
9.00984
9.00984
9.00984
9.00984
9.00984
9.00984
9.00984
9.00984
9.00984
9.00984
9.00984
9.00984
9.00984
9.01008
9.01008
9.01008
9.01008
9.01008
9.01008
9.01008
9.01008
9.01008
9.01008
9.01008
9.01008
9.01008
9.01008
9.01008
9.01008
9.01008
9.01008
9.01008
9.01008
9.01008
9.01008
9.01008
9.01008
9.01008
9.01008
9.01008
9.01008
9.01008
9.01008
9.01008
9.01008
9.01008
9.01079
9.01079
9.01079
9.01079
9.01079
9.01079
9.01079
9.01079
9.01103
9.01103
9.01103
9.01103
9.01103
9.01103
9.01103
9.01103
9.01103
9.01103
9.01103
9.01103
9.01103
9.01103
9.01103
9.01103
9.01103
9.01103
9.01103
9.01103
9.01103
9.01103
9.01103
9.01103
9.01103
9.01103
9.01103
9.01103
9.01103
9.01103
9.01103
9.01103
9.01103
9.01103
9.01103
9.01103
9.01103
9.01103
9.01103
9.01103
9.01103
9.01103
9.01103
9.01103
9.01103
9.01103
9.01103
9.01103
9.01103
9.01103
9.01103
9.01103
9.01103
9.01103
9.01103
9.01198
9.01198
9.01198
9.01198
9.01198
9.01198
9.01198
9.01198
9.01198
9.01198
9.01198
9.01198
9.01198
9.01198
9.01198
9.01198
9.01198
9.01198
9.01198
9.01198
9.01198
9.01198
9.01198
9.01198
9.01198
9.01198
9.01198
9.01198
9.01198
9.01198
9.01198
9.01198
9.01198
9.01198
9.01198
9.01198
9.01198
9.01198
9.01198
9.01198
9.01198
9.01198
9.01198
9.01198
9.01198
9.01222
9.01222
9.01222
9.01222
9.01222
9.01294
9.01294
9.01294
9.01294
9.01294
9.01294
9.01294
9.01294
9.01294
9.01294
9.01294
9.01294
9.01294
9.01294
9.01294
9.01294
9.01294
9.01294
9.01294
9.01294
9.01294
9.01294
9.01294
9.01294
9.01294
9.01294
9.01318
9.01318
9.01318
9.01318
9.01318
9.01318
9.01318
9.01318
9.01318
9.01318
9.01318
9.01318
9.01389
9.01389
9.01389
9.01389
9.01389
9.01389
9.01389
9.01389
9.01389
9.01389
9.01389
9.01389
9.01413
9.01413
9.01413
9.01413
9.01413
9.01413
9.01413
9.01413
9.01413
9.01413
9.01413
9.01484
9.01484
9.01484
9.01484
9.01484
9.01484
9.01508
9.01508
9.01508
9.01508
9.01508
9.01508
9.01508
9.01508
9.01508
9.01508
9.01508
9.01508
9.01508
9.01508
9.0158
9.0158
9.01604
9.01604
9.01604
9.01604
9.01604
9.01604
9.01604
9.01604
9.01604
9.01604
9.01604
9.01604
9.01604
9.01604
9.01604
9.01604
9.01604
9.01604
9.01604
9.01699
9.01699
9.01699
9.01699
9.01699
9.01699
9.01699
9.01699
9.01699
9.01699
9.01699
9.01699
9.01699
9.01699
9.01699
9.01794
9.01794
9.01794
9.01794
9.01794
9.01794
9.01794
9.01794
9.01794
9.01794
9.01794
9.01794
9.01794
9.01794
9.01794
9.01794
9.01794
9.01818
9.01818
9.0189
9.0189
9.0189
9.0189
9.0189
9.0189
9.0189
9.01914
9.01914
9.01914
9.01914
9.01914
9.01914
9.01914
9.01914
9.01914
9.01985
9.01985
9.01985
9.01985
9.01985
9.02009
9.02009
9.02009
9.02009
9.02009
9.02081
9.02081
9.02104
9.02104
9.02104
9.02104
9.02104
9.022
9.022
9.022
9.022
9.022
9.022
9.022
9.022
9.022
9.02224
9.02295
9.02295
9.02295
9.02295
9.02295
9.02295
9.0239
9.0239
9.0239
9.02414
9.02414
9.02414
9.02486
9.02486
9.0251
9.0251
9.02605
9.02605
9.02605
9.027
9.027
9.02796
9.02796
9.02796
9.02796
9.0282
9.0282
9.02891
9.02891
9.02891
9.02891
9.02891
9.02891
9.02915
9.03082
9.03082
9.03201
9.03201
9.03201
9.03296
9.03296
9.03296
9.03296
9.03296
9.03296
9.03296
9.03296
9.03296
9.03392
9.03392
9.03392
9.03416
9.03416
9.03416
9.03487
9.03487
9.03487
9.03511
9.03511
9.03583
9.03583
9.03583
9.03583
9.03606
9.03606
9.03702
9.03702
9.03702
9.03702
9.03702
9.03702
9.03797
9.03797
9.03797
9.03797
9.03893
9.03893
9.03893
9.03893
9.03893
9.03916
9.03916
9.03988
9.03988
9.03988
9.04012
9.04012
9.04012
9.04012
9.04012
9.04012
9.04012
9.04083
9.04083
9.04107
9.04107
9.04107
9.04107
9.04107
9.04107
9.04107
9.04202
9.04202
9.04202
9.04202
9.04202
9.04202
9.04202
9.04202
9.04298
9.04298
9.04298
9.04298
9.04322
9.04393
9.04393
9.04393
9.04417
9.04417
9.04417
9.04417
9.04417
9.04489
9.04489
9.04489
9.04489
9.04512
9.04512
9.04512
9.04584
9.04584
9.04584
9.04584
9.04608
9.04608
9.04608
9.04608
9.04608
9.04679
9.04799
9.04799
9.04799
9.04799
9.04894
9.04894
9.04894
9.04894
9.04918
9.04989
9.05013
9.05085
9.05108
9.05108
9.05108
9.05108
9.05204
9.05204
9.05204
9.05204
9.05204
9.05204
9.05204
9.05299
9.05299
9.05395
9.05395
9.05395
9.0549
9.0549
9.0549
9.0549
9.05514
9.05704
9.058
9.058
9.05919
9.05991
9.05991
9.05991
9.06014
9.06014
9.06205
9.06205
9.06301
9.06301
9.06301
9.06396
9.06396
9.06396
9.06491
9.06491
9.06491
9.06491
9.06491
9.06515
9.06587
9.06682
9.06706
9.06706
9.06706
9.06706
9.06801
9.06801
9.06801
9.06801
9.06801
9.06897
9.06897
9.06897
9.06897
9.06897
9.06897
9.0692
9.06992
9.06992
9.07016
9.07016
9.07016
9.07087
9.07087
9.07111
9.07183
9.07207
9.07207
9.07207
9.07207
9.07302
9.07397
9.07397
9.07397
9.07397
9.07516
9.07588
9.07612
9.07612
9.07707
9.07803
9.07993
9.08113
9.08279
9.08303
9.08303
9.08399
9.08399
9.08518
9.08589
9.08804
9.08899
9.08995
9.0909
9.0909
9.0909
9.09114
9.09114
9.09305
9.094
9.09495
9.09591
9.0971
9.0971
9.09805
9.09901
9.09901
9.09901
9.09901
9.09996
9.09996
9.09996
9.09996
9.09996
9.10091
9.10115
9.10187
9.10187
9.10187
9.10187
9.10282
9.10306
9.10401
9.10401
9.10401
9.10401
9.10401
9.10497
9.10497
9.10497
9.10521
9.10616
9.10711
9.10711
9.10902
9.10902
9.10902
9.10902
9.10997
9.11093
9.11188
9.11188
9.11307
9.11307
9.11403
9.11403
9.11498
9.11903
9.11903
9.11903
9.12094
9.12094
9.12094
9.12118
9.12189
9.12189
9.12189
9.12213
9.12213
9.12213
9.12309
9.12309
9.12309
9.12309
9.12309
9.12404
9.12404
9.12404
9.12404
9.12404
9.12404
9.12404
9.12404
9.12404
9.12499
9.12499
9.12499
9.12499
9.12499
9.12499
9.12499
9.12499
9.12499
9.12499
9.12499
9.12499
9.12499
9.12499
9.12499
9.12499
9.12499
9.12499
9.12499
9.12499
9.12499
9.12499
9.12499
9.12499
9.12499
9.12499
9.12499
9.12499
9.12595
9.12595
9.12595
9.12595
9.12595
9.12595
9.12595
9.12595
9.12595
9.12595
9.12595
9.12595
9.12595
9.12595
9.12595
9.12595
9.12595
9.12595
9.12595
9.12595
9.12619
9.12619
9.12619
9.12619
9.12619
9.12619
9.12619
9.12619
9.1269
9.1269
9.1269
9.1269
9.1269
9.1269
9.1269
9.1269
9.1269
9.1269
9.1269
9.1269
9.1269
9.1269
9.1269
9.1269
9.1269
9.1269
9.1269
9.1269
9.1269
9.1269
9.12714
9.12714
9.12714
9.12714
9.12714
9.12714
9.12714
9.12714
9.12714
9.12714
9.12714
9.12714
9.12714
9.12714
9.12714
9.12714
9.12714
9.12714
9.12714
9.12786
9.12786
9.12786
9.12786
9.12786
9.12786
9.12786
9.12786
9.12786
9.12786
9.12786
9.12786
9.12786
9.12786
9.12786
9.12786
9.12809
9.12809
9.12809
9.12809
9.12809
9.12809
9.12809
9.12809
9.12809
9.12809
9.12809
9.12809
9.12809
9.12809
9.12809
9.12809
9.12809
9.12809
9.12809
9.12809
9.12809
9.12809
9.12809
9.12809
9.12809
9.12809
9.12809
9.12881
9.12881
9.12881
9.12881
9.12881
9.12881
9.12905
9.12905
9.12905
9.12905
9.12905
9.12905
9.12905
9.12905
9.12905
9.12905
9.12905
9.12905
9.12905
9.12905
9.12905
9.12905
9.12905
9.12905
9.12905
9.12905
9.12905
9.12905
9.12905
9.12905
9.12905
9.12905
9.12905
9.12905
9.12905
9.12905
9.12905
9.12905
9.12905
9.12905
9.12905
9.12905
9.12905
9.12905
9.12905
9.13
9.13
9.13
9.13
9.13
9.13
9.13
9.13
9.13
9.13
9.13
9.13
9.13
9.13
9.13
9.13
9.13
9.13
9.13
9.13
9.13
9.13
9.13
9.13
9.13
9.13
9.13
9.13
9.13
9.13
9.13
9.13
9.13
9.13
9.13
9.13
9.13
9.13
9.13
9.13
9.13
9.13
9.13
9.13
9.13
9.13
9.13
9.13
9.13095
9.13095
9.13095
9.13095
9.13095
9.13095
9.13095
9.13095
9.13095
9.13095
9.13095
9.13095
9.13095
9.13095
9.13095
9.13095
9.13095
9.13095
9.13095
9.13095
9.13095
9.13095
9.13095
9.13095
9.13095
9.13095
9.13095
9.13095
9.13095
9.13095
9.13119
9.13119
9.13119
9.13119
9.13119
9.13191
9.13191
9.13191
9.13191
9.13191
9.13191
9.13191
9.13191
9.13191
9.13191
9.13191
9.13191
9.13191
9.13191
9.13191
9.13191
9.13191
9.13191
9.13191
9.13191
9.13191
9.13191
9.13191
9.13191
9.13191
9.13191
9.13191
9.13191
9.13191
9.13215
9.13215
9.13215
9.13215
9.13215
9.13215
9.13215
9.13215
9.13215
9.13215
9.13215
9.13215
9.13215
9.13215
9.13215
9.13215
9.13215
9.13215
9.13215
9.13215
9.13215
9.13215
9.13215
9.13215
9.13286
9.13286
9.13286
9.13286
9.13286
9.13286
9.13286
9.13286
9.13286
9.13286
9.13286
9.13286
9.13286
9.1331
9.1331
9.1331
9.1331
9.1331
9.1331
9.1331
9.1331
9.1331
9.1331
9.1331
9.1331
9.1331
9.1331
9.1331
9.1331
9.1331
9.1331
9.1331
9.1331
9.1331
9.1331
9.1331
9.1331
9.1331
9.1331
9.1331
9.1331
9.13382
9.13382
9.13382
9.13382
9.13382
9.13382
9.13382
9.13382
9.13382
9.13382
9.13405
9.13405
9.13405
9.13405
9.13405
9.13405
9.13405
9.13405
9.13405
9.13405
9.13405
9.13405
9.13405
9.13405
9.13405
9.13405
9.13405
9.13405
9.13405
9.13405
9.13405
9.13405
9.13405
9.13405
9.13405
9.13405
9.13405
9.13405
9.13405
9.13477
9.13501
9.13501
9.13501
9.13501
9.13501
9.13501
9.13501
9.13501
9.13501
9.13501
9.13501
9.13501
9.13501
9.13501
9.13501
9.13501
9.13501
9.13501
9.13501
9.13501
9.13501
9.13501
9.13501
9.13501
9.13501
9.13501
9.13501
9.13501
9.13501
9.13501
9.13501
9.13596
9.13596
9.13596
9.13596
9.13596
9.13596
9.13596
9.13596
9.13596
9.13596
9.13596
9.13596
9.13596
9.13596
9.13596
9.13596
9.13596
9.13596
9.13596
9.13596
9.13596
9.13596
9.13596
9.13596
9.13596
9.13596
9.13596
9.13596
9.1362
9.1362
9.1362
9.1362
9.1362
9.1362
9.1362
9.1362
9.1362
9.1362
9.13692
9.13692
9.13692
9.13692
9.13692
9.13692
9.13692
9.13692
9.13692
9.13692
9.13692
9.13692
9.13692
9.13715
9.13715
9.13715
9.13715
9.13715
9.13715
9.13715
9.13715
9.13715
9.13715
9.13715
9.13715
9.13715
9.13715
9.13787
9.13787
9.13787
9.13787
9.13787
9.13787
9.13787
9.13787
9.13787
9.13787
9.13787
9.13787
9.13787
9.13787
9.13811
9.13811
9.13811
9.13811
9.13811
9.13811
9.13811
9.13811
9.13811
9.13811
9.13811
9.13811
9.13811
9.13811
9.13811
9.13811
9.13811
9.13811
9.13811
9.13882
9.13882
9.13882
9.13882
9.13906
9.13906
9.13906
9.13906
9.13906
9.13906
9.13906
9.13906
9.13906
9.13906
9.13906
9.13906
9.13906
9.13906
9.13906
9.13906
9.13906
9.14001
9.14001
9.14001
9.14001
9.14001
9.14001
9.14001
9.14001
9.14001
9.14001
9.14001
9.14001
9.14001
9.14001
9.14001
9.14001
9.14001
9.14001
9.14097
9.14097
9.14097
9.14097
9.14097
9.14097
9.14097
9.14097
9.14097
9.14097
9.14097
9.14097
9.14097
9.14097
9.14097
9.14097
9.14097
9.14097
9.14097
9.14097
9.14121
9.14121
9.14121
9.14192
9.14192
9.14192
9.14192
9.14192
9.14192
9.14192
9.14192
9.14192
9.14192
9.14192
9.14192
9.14192
9.14192
9.14192
9.14192
9.14192
9.14216
9.14216
9.14216
9.14216
9.14216
9.14216
9.14288
9.14288
9.14288
9.14288
9.14288
9.14288
9.14288
9.14288
9.14288
9.14288
9.14288
9.14288
9.14288
9.14311
9.14311
9.14311
9.14311
9.14311
9.14311
9.14311
9.14383
9.14383
9.14383
9.14383
9.14407
9.14407
9.14407
9.14407
9.14407
9.14407
9.14407
9.14407
9.14407
9.14502
9.14502
9.14502
9.14502
9.14502
9.14502
9.14502
9.14502
9.14502
9.14502
9.14502
9.14502
9.14598
9.14598
9.14598
9.14598
9.14598
9.14598
9.14598
9.14693
9.14693
9.14693
9.14693
9.14693
9.14693
9.14693
9.14717
9.14717
9.14717
9.14788
9.14788
9.14812
9.14812
9.14812
9.14812
9.14812
9.14812
9.14884
9.14884
9.14884
9.14884
9.14907
9.14907
9.14907
9.14907
9.14907
9.14979
9.15003
9.15003
9.15003
9.15003
9.15003
9.15003
9.15003
9.15003
9.15003
9.15098
9.15098
9.15122
9.15194
9.15194
9.15194
9.15289
9.15313
9.15313
9.15384
9.15384
9.15408
9.15408
9.15504
9.15504
9.15504
9.15504
9.15504
9.15504
9.15599
9.15599
9.15599
9.15599
9.15599
9.15599
9.15694
9.15694
9.15694
9.15694
9.15694
9.15694
9.15694
9.15718
9.15718
9.1579
9.1579
9.1579
9.1579
9.15885
9.15909
9.15909
9.15909
9.15909
9.16004
9.16004
9.16004
9.16004
9.16004
9.16004
9.16004
9.161
9.161
9.161
9.161
9.161
9.161
9.161
9.161
9.161
9.16195
9.16195
9.16195
9.16195
9.16219
9.16219
9.1629
9.1629
9.1629
9.1629
9.1629
9.1629
9.1629
9.16314
9.16314
9.16314
9.16314
9.16314
9.16314
9.16314
9.16386
9.16386
9.16386
9.16386
9.16386
9.16386
9.16386
9.16409
9.16409
9.16409
9.16409
9.16409
9.16409
9.16481
9.16481
9.16481
9.16505
9.16505
9.16505
9.16505
9.16505
9.16505
9.16505
9.16505
9.16505
9.16505
9.16505
9.16505
9.16505
9.166
9.166
9.166
9.166
9.166
9.166
9.166
9.166
9.166
9.166
9.16696
9.16696
9.16696
9.16696
9.16696
9.16696
9.16696
9.16696
9.16719
9.16719
9.16791
9.16791
9.16791
9.16791
9.16791
9.16791
9.16791
9.16791
9.16791
9.16791
9.16791
9.16791
9.16791
9.16791
9.16815
9.16815
9.16815
9.16815
9.16815
9.16815
9.16815
9.16815
9.16815
9.16815
9.16886
9.16886
9.16886
9.16886
9.16886
9.16886
9.16886
9.16886
9.16886
9.16886
9.1691
9.1691
9.1691
9.1691
9.1691
9.1691
9.1691
9.16982
9.16982
9.16982
9.16982
9.17006
9.17006
9.17006
9.17006
9.17006
9.17006
9.17006
9.17006
9.17006
9.17006
9.17006
9.17006
9.17006
9.17006
9.17006
9.17006
9.17006
9.17006
9.17006
9.17077
9.17101
9.17101
9.17101
9.17101
9.17101
9.17101
9.17101
9.17101
9.17101
9.17101
9.17101
9.17196
9.17196
9.17196
9.17196
9.17196
9.17196
9.17196
9.17196
9.17196
9.17196
9.17196
9.17196
9.17196
9.17196
9.17196
9.17196
9.17196
9.17196
9.17196
9.17196
9.17196
9.17196
9.1722
9.1722
9.1722
9.1722
9.1722
9.17292
9.17292
9.17292
9.17292
9.17292
9.17292
9.17292
9.17292
9.17292
9.17292
9.17292
9.17292
9.17292
9.17292
9.17292
9.17292
9.17292
9.17292
9.17292
9.17292
9.17292
9.17292
9.17315
9.17315
9.17315
9.17315
9.17315
9.17315
9.17315
9.17315
9.17315
9.17315
9.17315
9.17315
9.17315
9.17315
9.17387
9.17387
9.17387
9.17387
9.17387
9.17387
9.17387
9.17387
9.17387
9.17387
9.17387
9.17387
9.17387
9.17387
9.17411
9.17411
9.17411
9.17411
9.17411
9.17411
9.17411
9.17411
9.17411
9.17411
9.17411
9.17411
9.17411
9.17411
9.17411
9.17482
9.17482
9.17482
9.17482
9.17482
9.17482
9.17482
9.17506
9.17506
9.17506
9.17506
9.17506
9.17506
9.17506
9.17506
9.17506
9.17506
9.17506
9.17506
9.17506
9.17506
9.17506
9.17506
9.17506
9.17506
9.17506
9.17506
9.17506
9.17506
9.17506
9.17506
9.17506
9.17578
9.17578
9.17602
9.17602
9.17602
9.17602
9.17602
9.17602
9.17602
9.17602
9.17602
9.17602
9.17602
9.17602
9.17602
9.17602
9.17602
9.17602
9.17602
9.17602
9.17602
9.17602
9.17602
9.17697
9.17697
9.17697
9.17697
9.17697
9.17697
9.17697
9.17697
9.17697
9.17697
9.17697
9.17697
9.17697
9.17697
9.17721
9.17721
9.17792
9.17792
9.17792
9.17792
9.17792
9.17792
9.17792
9.17792
9.17792
9.17792
9.17792
9.17792
9.17792
9.17792
9.17816
9.17816
9.17816
9.17816
9.17816
9.17888
9.17888
9.17888
9.17888
9.17888
9.17888
9.17888
9.17888
9.17888
9.17888
9.17888
9.17888
9.17912
9.17912
9.17912
9.17912
9.17912
9.17912
9.17912
9.17912
9.17983
9.17983
9.17983
9.17983
9.17983
9.17983
9.17983
9.18007
9.18007
9.18007
9.18007
9.18007
9.18007
9.18007
9.18007
9.18007
9.18007
9.18007
9.18007
9.18007
9.18007
9.18007
9.18078
9.18078
9.18102
9.18102
9.18102
9.18102
9.18102
9.18102
9.18102
9.18102
9.18102
9.18102
9.18102
9.18102
9.18102
9.18198
9.18198
9.18198
9.18198
9.18198
9.18198
9.18198
9.18198
9.18198
9.18198
9.18198
9.18198
9.18221
9.18293
9.18293
9.18293
9.18293
9.18293
9.18293
9.18293
9.18293
9.18317
9.18317
9.18317
9.18317
9.18317
9.18317
9.18317
9.18317
9.18388
9.18388
9.18388
9.18388
9.18388
9.18388
9.18388
9.18388
9.18388
9.18412
9.18412
9.18412
9.18412
9.18412
9.18484
9.18484
9.18484
9.18484
9.18484
9.18484
9.18484
9.18508
9.18508
9.18508
9.18508
9.18508
9.18508
9.18508
9.18603
9.18603
9.18603
9.18603
9.18603
9.18603
9.18603
9.18603
9.18698
9.18698
9.18698
9.18698
9.18698
9.18698
9.18698
9.18698
9.18698
9.18698
9.18698
9.18794
9.18794
9.18794
9.18794
9.18794
9.18794
9.18794
9.18794
9.18794
9.18818
9.18818
9.18889
9.18889
9.18889
9.18889
9.18889
9.18889
9.18913
9.18913
9.18913
9.18913
9.18984
9.18984
9.18984
9.18984
9.19008
9.19008
9.19008
9.19008
9.19008
9.19008
9.19008
9.19104
9.19104
9.19104
9.19104
9.19104
9.19104
9.19104
9.19104
9.19104
9.19104
9.19104
9.19199
9.19199
9.19199
9.19199
9.19199
9.19199
9.19199
9.19199
9.19199
9.19199
9.19199
9.19199
9.19199
9.19294
9.19294
9.19294
9.19294
9.19294
9.19294
9.19294
9.19294
9.19294
9.19294
9.19318
9.19318
9.19318
9.19318
9.1939
9.1939
9.1939
9.1939
9.1939
9.1939
9.1939
9.19414
9.19414
9.19414
9.19414
9.19414
9.19414
9.19485
9.19485
9.19485
9.19509
9.19509
9.19509
9.19509
9.19509
9.19509
9.19509
9.19509
9.19509
9.19509
9.19509
9.19509
9.19604
9.19604
9.19604
9.19604
9.19604
9.19604
9.19604
9.19604
9.19604
9.19604
9.19604
9.197
9.197
9.197
9.197
9.197
9.197
9.197
9.197
9.197
9.197
9.197
9.197
9.197
9.197
9.197
9.197
9.197
9.197
9.197
9.19795
9.19795
9.19795
9.19795
9.19795
9.19795
9.19795
9.19795
9.19795
9.19795
9.19795
9.19795
9.19795
9.19819
9.19819
9.19819
9.19819
9.1989
9.1989
9.1989
9.1989
9.1989
9.1989
9.1989
9.1989
9.1989
9.1989
9.1989
9.1989
9.1989
9.1989
9.1989
9.19914
9.19914
9.19914
9.19914
9.19986
9.19986
9.19986
9.19986
9.19986
9.19986
9.19986
9.19986
9.2001
9.2001
9.2001
9.2001
9.2001
9.2001
9.2001
9.2001
9.2001
9.2001
9.2001
9.20081
9.20081
9.20081
9.20081
9.20081
9.20081
9.20105
9.20105
9.20105
9.20105
9.20105
9.20105
9.20105
9.20105
9.20105
9.20105
9.20105
9.20105
9.20105
9.20105
9.20105
9.20105
9.20105
9.20105
9.20105
9.20105
9.20105
9.20105
9.202
9.202
9.202
9.202
9.202
9.202
9.202
9.202
9.202
9.202
9.202
9.202
9.202
9.202
9.202
9.202
9.202
9.202
9.202
9.202
9.202
9.202
9.202
9.202
9.202
9.202
9.202
9.202
9.202
9.202
9.202
9.202
9.202
9.202
9.202
9.202
9.202
9.202
9.202
9.202
9.202
9.202
9.202
9.202
9.202
9.202
9.202
9.202
9.20296
9.20296
9.20296
9.20296
9.20296
9.20296
9.20296
9.20296
9.20296
9.20296
9.20296
9.20296
9.20296
9.20296
9.20296
9.20296
9.20296
9.20296
9.20296
9.20296
9.20296
9.20296
9.20296
9.20296
9.20296
9.20296
9.20296
9.20296
9.20296
9.20296
9.20296
9.20296
9.20296
9.20296
9.20296
9.2032
9.2032
9.2032
9.2032
9.2032
9.2032
9.2032
9.2032
9.2032
9.2032
9.20391
9.20391
9.20391
9.20391
9.20391
9.20391
9.20391
9.20391
9.20391
9.20391
9.20391
9.20391
9.20391
9.20391
9.20391
9.20391
9.20391
9.20391
9.20391
9.20391
9.20391
9.20391
9.20391
9.20391
9.20391
9.20391
9.20391
9.20391
9.20391
9.20391
9.20391
9.20391
9.20391
9.20391
9.20391
9.20391
9.20391
9.20415
9.20415
9.20415
9.20415
9.20415
9.20415
9.20415
9.20415
9.20415
9.20415
9.20415
9.20415
9.20415
9.20415
9.20415
9.20415
9.20415
9.20415
9.20415
9.20415
9.20415
9.20486
9.20486
9.20486
9.20486
9.20486
9.20486
9.20486
9.20486
9.20486
9.20486
9.20486
9.20486
9.20486
9.20486
9.20486
9.20486
9.20486
9.20486
9.20486
9.20486
9.20486
9.20486
9.20486
9.20486
9.20486
9.20486
9.20486
9.20486
9.20486
9.20486
9.20486
9.20486
9.20486
9.20486
9.20486
9.2051
9.2051
9.2051
9.2051
9.2051
9.2051
9.2051
9.2051
9.2051
9.2051
9.2051
9.2051
9.2051
9.2051
9.2051
9.2051
9.2051
9.2051
9.2051
9.2051
9.2051
9.2051
9.2051
9.2051
9.2051
9.2051
9.2051
9.2051
9.2051
9.2051
9.2051
9.20582
9.20582
9.20582
9.20582
9.20582
9.20582
9.20582
9.20582
9.20582
9.20582
9.20582
9.20582
9.20582
9.20582
9.20582
9.20582
9.20582
9.20582
9.20582
9.20606
9.20606
9.20606
9.20606
9.20606
9.20606
9.20606
9.20606
9.20606
9.20606
9.20606
9.20606
9.20606
9.20606
9.20606
9.20606
9.20606
9.20606
9.20606
9.20606
9.20606
9.20606
9.20606
9.20606
9.20606
9.20606
9.20606
9.20606
9.20606
9.20606
9.20606
9.20606
9.20606
9.20606
9.20606
9.20606
9.20606
9.20606
9.20606
9.20606
9.20606
9.20606
9.20606
9.20606
9.20606
9.20606
9.20606
9.20606
9.20606
9.20677
9.20677
9.20677
9.20677
9.20677
9.20677
9.20677
9.20701
9.20701
9.20701
9.20701
9.20701
9.20701
9.20701
9.20701
9.20701
9.20701
9.20701
9.20701
9.20701
9.20701
9.20701
9.20701
9.20701
9.20701
9.20701
9.20701
9.20701
9.20701
9.20701
9.20701
9.20701
9.20701
9.20701
9.20701
9.20701
9.20701
9.20701
9.20701
9.20701
9.20701
9.20701
9.20701
9.20701
9.20701
9.20701
9.20701
9.20701
9.20701
9.20701
9.20701
9.20701
9.20701
9.20701
9.20701
9.20701
9.20701
9.20701
9.20701
9.20701
9.20701
9.20701
9.20701
9.20701
9.20701
9.20701
9.20701
9.20701
9.20701
9.20701
9.20701
9.20701
9.20701
9.20701
9.20701
9.20701
9.20701
9.20701
9.20701
9.20701
9.20701
9.20701
9.20701
9.20701
9.20701
9.20796
9.20796
9.20796
9.20796
9.20796
9.20796
9.20796
9.20796
9.20796
9.20796
9.20796
9.20796
9.20796
9.20796
9.20796
9.20796
9.20796
9.20796
9.20796
9.20796
9.20796
9.20796
9.20796
9.20796
9.20796
9.20796
9.20796
9.20796
9.20796
9.20796
9.20796
9.20796
9.20796
9.20796
9.20796
9.20796
9.20796
9.20796
9.20796
9.20796
9.20796
9.20796
9.20796
9.20796
9.20796
9.20796
9.20796
9.20796
9.20796
9.20796
9.20796
9.20796
9.20796
9.20796
9.20796
9.20796
9.20796
9.20796
9.20796
9.20796
9.20796
9.20796
9.20796
9.20796
9.20796
9.20796
9.20796
9.20796
9.20796
9.20796
9.20796
9.20796
9.20796
9.20796
9.20796
9.20796
9.20796
9.20796
9.20796
9.20796
9.20796
9.20796
9.20796
9.20796
9.20796
9.20796
9.2082
9.2082
9.2082
9.2082
9.2082
9.2082
9.2082
9.2082
9.2082
9.2082
9.20892
9.20892
9.20892
9.20892
9.20892
9.20892
9.20892
9.20892
9.20892
9.20892
9.20892
9.20892
9.20892
9.20892
9.20892
9.20892
9.20892
9.20892
9.20892
9.20892
9.20892
9.20892
9.20892
9.20892
9.20892
9.20892
9.20892
9.20892
9.20892
9.20892
9.20892
9.20892
9.20892
9.20892
9.20892
9.20892
9.20892
9.20892
9.20892
9.20892
9.20892
9.20892
9.20892
9.20892
9.20892
9.20892
9.20892
9.20892
9.20892
9.20916
9.20916
9.20916
9.20916
9.20916
9.20916
9.20916
9.20916
9.20916
9.20916
9.20916
9.20916
9.20916
9.20916
9.20916
9.20916
9.20916
9.20916
9.20916
9.20916
9.20916
9.20916
9.20916
9.20916
9.20916
9.20916
9.20916
9.20916
9.20916
9.20916
9.20916
9.20987
9.20987
9.20987
9.20987
9.20987
9.20987
9.20987
9.20987
9.20987
9.20987
9.20987
9.20987
9.20987
9.20987
9.20987
9.20987
9.20987
9.20987
9.20987
9.20987
9.20987
9.20987
9.20987
9.20987
9.20987
9.20987
9.21011
9.21011
9.21011
9.21011
9.21011
9.21011
9.21011
9.21011
9.21011
9.21011
9.21011
9.21011
9.21011
9.21011
9.21011
9.21011
9.21011
9.21011
9.21011
9.21011
9.21011
9.21011
9.21011
9.21011
9.21011
9.21011
9.21011
9.21011
9.21011
9.21011
9.21011
9.21011
9.21082
9.21082
9.21082
9.21082
9.21082
9.21082
9.21082
9.21082
9.21082
9.21082
9.21082
9.21082
9.21082
9.21082
9.21082
9.21082
9.21106
9.21106
9.21106
9.21106
9.21106
9.21106
9.21106
9.21106
9.21106
9.21106
9.21106
9.21106
9.21106
9.21106
9.21106
9.21106
9.21106
9.21106
9.21106
9.21106
9.21106
9.21106
9.21106
9.21106
9.21106
9.21106
9.21106
9.21106
9.21106
9.21106
9.21106
9.21106
9.21106
9.21106
9.21106
9.21106
9.21106
9.21106
9.21106
9.21106
9.21106
9.21178
9.21178
9.21178
9.21178
9.21178
9.21202
9.21202
9.21202
9.21202
9.21202
9.21202
9.21202
9.21202
9.21202
9.21202
9.21202
9.21202
9.21202
9.21202
9.21202
9.21202
9.21202
9.21202
9.21202
9.21202
9.21202
9.21202
9.21202
9.21202
9.21202
9.21202
9.21202
9.21202
9.21202
9.21202
9.21202
9.21202
9.21202
9.21202
9.21202
9.21202
9.21202
9.21202
9.21297
9.21297
9.21297
9.21297
9.21297
9.21297
9.21297
9.21297
9.21297
9.21297
9.21297
9.21297
9.21297
9.21297
9.21297
9.21297
9.21297
9.21297
9.21297
9.21297
9.21297
9.21297
9.21297
9.21297
9.21297
9.21297
9.21297
9.21297
9.21297
9.21297
9.21297
9.21297
9.21297
9.21297
9.21297
9.21297
9.21297
9.21297
9.21297
9.21297
9.21297
9.21321
9.21321
9.21321
9.21321
9.21321
9.21392
9.21392
9.21392
9.21392
9.21392
9.21392
9.21392
9.21392
9.21392
9.21392
9.21392
9.21392
9.21392
9.21392
9.21392
9.21392
9.21392
9.21392
9.21392
9.21392
9.21392
9.21392
9.21416
9.21416
9.21416
9.21416
9.21416
9.21416
9.21416
9.21416
9.21416
9.21416
9.21416
9.21416
9.21488
9.21488
9.21488
9.21488
9.21488
9.21488
9.21488
9.21488
9.21488
9.21488
9.21488
9.21488
9.21488
9.21488
9.21488
9.21512
9.21512
9.21512
9.21512
9.21512
9.21512
9.21512
9.21512
9.21512
9.21512
9.21512
9.21512
9.21512
9.21512
9.21512
9.21512
9.21512
9.21512
9.21512
9.21512
9.21583
9.21583
9.21583
9.21583
9.21583
9.21583
9.21583
9.21583
9.21583
9.21583
9.21607
9.21607
9.21607
9.21607
9.21607
9.21607
9.21607
9.21607
9.21607
9.21607
9.21607
9.21607
9.21607
9.21679
9.21679
9.21702
9.21702
9.21702
9.21702
9.21702
9.21702
9.21702
9.21702
9.21702
9.21702
9.21702
9.21702
9.21702
9.21702
9.21702
9.21702
9.21798
9.21798
9.21798
9.21798
9.21798
9.21798
9.21798
9.21798
9.21798
9.21798
9.21798
9.21798
9.21798
9.21798
9.21798
9.21798
9.21798
9.21822
9.21822
9.21893
9.21893
9.21893
9.21893
9.21893
9.21893
9.21893
9.21893
9.21893
9.21893
9.21893
9.21893
9.21893
9.21893
9.21893
9.21893
9.21893
9.21893
9.21917
9.21917
9.21917
9.21988
9.21988
9.21988
9.21988
9.21988
9.21988
9.21988
9.21988
9.21988
9.21988
9.21988
9.21988
9.21988
9.21988
9.21988
9.21988
9.22012
9.22012
9.22012
9.22012
9.22012
9.22012
9.22084
9.22084
9.22084
9.22084
9.22108
9.22108
9.22108
9.22108
9.22108
9.22108
9.22108
9.22108
9.22108
9.22179
9.22179
9.22203
9.22203
9.22203
9.22203
9.22203
9.22203
9.22298
9.22298
9.22298
9.22298
9.22298
9.22298
9.22322
9.22394
9.22394
9.22394
9.22394
9.22394
9.22394
9.22394
9.22394
9.22394
9.22418
9.22418
9.22489
9.22489
9.22489
9.22489
9.22489
9.22513
9.22513
9.22513
9.22608
9.22608
9.22608
9.22608
9.22608
9.22608
9.22608
9.2268
9.2268
9.22704
9.22704
9.22704
9.22704
9.22704
9.22704
9.22704
9.22704
9.22704
9.22799
9.22799
9.22799
9.22799
9.22799
9.22894
9.22894
9.22894
9.22918
9.22918
9.22918
9.2299
9.2299
9.2299
9.2299
9.2299
9.2299
9.23014
9.23014
9.23014
9.23014
9.23014
9.23085
9.23109
9.23109
9.23109
9.23109
9.23109
9.23181
9.23204
9.23204
9.23204
9.233
9.233
9.233
9.233
9.233
9.233
9.233
9.233
9.233
9.23395
9.23395
9.23395
9.23395
9.23395
9.23395
9.23395
9.23419
9.23419
9.23491
9.23491
9.23491
9.23491
9.23491
9.23491
9.23491
9.23514
9.23514
9.23586
9.23586
9.23586
9.2361
9.2361
9.23705
9.23705
9.23705
9.23705
9.23705
9.23705
9.23705
9.23705
9.238
9.238
9.238
9.238
9.238
9.238
9.238
9.238
9.238
9.238
9.238
9.238
9.238
9.23896
9.23896
9.23896
9.23896
9.23896
9.23896
9.2392
9.2392
9.2392
9.2392
9.2392
9.23991
9.23991
9.23991
9.23991
9.23991
9.23991
9.23991
9.23991
9.23991
9.23991
9.23991
9.23991
9.23991
9.23991
9.23991
9.23991
9.23991
9.23991
9.24015
9.24015
9.24015
9.24015
9.24015
9.24015
9.24015
9.24015
9.24087
9.24087
9.24087
9.24087
9.24087
9.24087
9.24087
9.24087
9.24087
9.24087
9.24087
9.24087
9.2411
9.2411
9.2411
9.2411
9.2411
9.2411
9.2411
9.2411
9.2411
9.2411
9.2411
9.2411
9.2411
9.24182
9.24182
9.24182
9.24182
9.24206
9.24206
9.24206
9.24206
9.24206
9.24206
9.24206
9.24206
9.24206
9.24206
9.24206
9.24206
9.24277
9.24301
9.24301
9.24301
9.24301
9.24301
9.24301
9.24301
9.24301
9.24301
9.24301
9.24301
9.24301
9.24397
9.24397
9.24397
9.24397
9.24397
9.24397
9.24397
9.24397
9.24397
9.24397
9.2442
9.24492
9.24492
9.24492
9.24492
9.24492
9.24492
9.24492
9.24492
9.24516
9.24516
9.24516
9.24516
9.24587
9.24587
9.24587
9.24587
9.24587
9.24611
9.24611
9.24611
9.24611
9.24683
9.24683
9.24683
9.24683
9.24683
9.24706
9.24706
9.24706
9.24706
9.24706
9.24706
9.24802
9.24802
9.24802
9.24802
9.24802
9.24802
9.24802
9.24802
9.24802
9.24897
9.24897
9.24897
9.24897
9.24897
9.24897
9.24921
9.24921
9.24921
9.24993
9.24993
9.24993
9.24993
9.24993
9.24993
9.25088
9.25088
9.25112
9.25112
9.25207
9.25207
9.25303
9.25303
9.25303
9.25303
9.25398
9.25398
9.25398
9.25398
9.25493
9.25493
9.25517
9.25589
9.25708
9.25803
9.25899
9.25899
9.25899
9.25922
9.25994
9.25994
9.25994
9.26018
9.26018
9.26089
9.26113
9.26113
9.26185
9.2628
9.26304
9.26304
9.26304
9.26304
9.26304
9.26304
9.26304
9.26399
9.26399
9.26399
9.26399
9.26399
9.26423
9.26495
9.26495
9.26495
9.26495
9.26495
9.26495
9.26495
9.26518
9.2659
9.2659
9.2659
9.2659
9.2659
9.26614
9.26614
9.26685
9.26709
9.26709
9.26781
9.26781
9.26781
9.26805
9.26805
9.26805
9.26805
9.26805
9.269
9.269
9.269
9.269
9.269
9.269
9.26995
9.26995
9.27091
9.27091
9.27091
9.27091
9.27091
9.27091
9.27091
9.27091
9.27091
9.27091
9.27114
9.27114
9.27186
9.27186
9.27186
9.27186
9.2721
9.2721
9.2721
9.2721
9.2721
9.2721
9.2721
9.27305
9.27305
9.27305
9.27305
9.27305
9.27305
9.27305
9.27305
9.27305
9.27305
9.27305
9.27401
9.27401
9.27401
9.27401
9.27401
9.27401
9.27401
9.27401
9.27401
9.27401
9.27401
9.27401
9.27401
9.27401
9.27496
9.27496
9.27496
9.27496
9.27496
9.27496
9.27496
9.27496
9.27496
9.27496
9.27591
9.27591
9.27591
9.27591
9.27591
9.27591
9.27591
9.27615
9.27615
9.27615
9.27615
9.27615
9.27687
9.27687
9.27687
9.27687
9.27711
9.27711
9.27711
9.27711
9.27711
9.27711
9.27782
9.27782
9.27806
9.27806
9.27806
9.27806
9.27806
9.27806
9.27806
9.27806
9.27901
9.27901
9.27901
9.27901
9.27901
9.27997
9.27997
9.2802
9.28092
9.28092
9.28116
9.28116
9.28116
9.28187
9.28211
9.28211
9.28283
9.28307
9.28307
9.28307
9.28307
9.28378
9.28378
9.28402
9.28402
9.28497
9.28497
9.28497
9.28497
9.28497
9.28497
9.28497
9.28593
9.28593
9.28617
9.28617
9.28617
9.28688
9.28712
9.28783
9.28807
9.28807
9.28807
9.28807
9.28807
9.28903
9.28903
9.28903
9.28903
9.28903
9.28903
9.28903
9.28998
9.28998
9.29093
9.29117
9.29117
9.29117
9.29189
9.29213
9.29284
9.29284
9.29308
9.29308
9.29308
9.29308
9.29308
9.29308
9.29308
9.29403
9.29403
9.29403
9.29403
9.29403
9.29403
9.29403
9.29499
9.29499
9.29499
9.29499
9.29499
9.29499
9.29499
9.29499
9.29594
9.29594
9.29594
9.29594
9.29594
9.29594
9.29594
9.29594
9.29618
9.29689
9.29689
9.29689
9.29689
9.29713
9.29713
9.29713
9.29713
9.29713
9.29713
9.29713
9.29785
9.29785
9.29785
9.29809
9.29809
9.29809
9.29809
9.29809
9.29809
9.29809
9.29809
9.29809
9.29809
9.29809
9.29809
9.29809
9.2988
9.2988
9.2988
9.2988
9.29904
9.29904
9.29904
9.29904
9.29904
9.29904
9.29999
9.29999
9.29999
9.29999
9.29999
9.29999
9.29999
9.29999
9.29999
9.29999
9.29999
9.29999
9.29999
9.29999
9.29999
9.29999
9.29999
9.29999
9.30095
9.30095
9.30095
9.30095
9.30095
9.30095
9.30095
9.30095
9.30095
9.30095
9.30095
9.30095
9.30095
9.30095
9.30095
9.30095
9.30095
9.30095
9.30095
9.30095
9.30119
9.30119
9.3019
9.3019
9.3019
9.3019
9.3019
9.3019
9.3019
9.3019
9.3019
9.3019
9.3019
9.3019
9.3019
9.3019
9.3019
9.3019
9.3019
9.3019
9.3019
9.30214
9.30214
9.30214
9.30214
9.30214
9.30214
9.30214
9.30214
9.30214
9.30214
9.30214
9.30214
9.30214
9.30285
9.30285
9.30285
9.30285
9.30285
9.30285
9.30285
9.30285
9.30285
9.30285
9.30285
9.30285
9.30285
9.30285
9.30309
9.30309
9.30309
9.30309
9.30309
9.30309
9.30309
9.30309
9.30309
9.30309
9.30309
9.30309
9.30309
9.30309
9.30309
9.30309
9.30309
9.30309
9.30309
9.30309
9.30309
9.30309
9.30381
9.30381
9.30381
9.30381
9.30381
9.30381
9.30381
9.30381
9.30381
9.30381
9.30381
9.30405
9.30405
9.30405
9.30405
9.30405
9.30405
9.30405
9.30405
9.30405
9.30405
9.30405
9.30405
9.30405
9.30405
9.30405
9.30405
9.30405
9.30405
9.30405
9.30405
9.30405
9.30405
9.30405
9.30405
9.30405
9.30405
9.30405
9.30405
9.30405
9.30405
9.30405
9.30405
9.30405
9.30405
9.30405
9.30405
9.305
9.305
9.305
9.305
9.305
9.305
9.305
9.305
9.305
9.305
9.305
9.305
9.305
9.305
9.305
9.305
9.305
9.305
9.305
9.305
9.305
9.305
9.305
9.305
9.305
9.305
9.305
9.305
9.305
9.305
9.305
9.305
9.305
9.305
9.305
9.305
9.305
9.305
9.305
9.305
9.305
9.305
9.305
9.305
9.305
9.305
9.305
9.305
9.305
9.305
9.305
9.305
9.305
9.305
9.305
9.305
9.305
9.305
9.305
9.30595
9.30595
9.30595
9.30595
9.30595
9.30595
9.30595
9.30595
9.30595
9.30595
9.30595
9.30595
9.30595
9.30595
9.30595
9.30595
9.30595
9.30595
9.30595
9.30595
9.30595
9.30595
9.30595
9.30595
9.30595
9.30595
9.30595
9.30595
9.30595
9.30595
9.30595
9.30595
9.30595
9.30595
9.30595
9.30595
9.30595
9.30595
9.30595
9.30595
9.30595
9.30595
9.30595
9.30595
9.30595
9.30595
9.30595
9.30595
9.30595
9.30595
9.30595
9.30619
9.30619
9.30619
9.30619
9.30619
9.30619
9.30619
9.30619
9.30619
9.30619
9.30619
9.30619
9.30619
9.30619
9.30619
9.30619
9.30619
9.30619
9.30619
9.30691
9.30691
9.30691
9.30691
9.30691
9.30691
9.30691
9.30691
9.30691
9.30691
9.30691
9.30691
9.30691
9.30691
9.30691
9.30691
9.30691
9.30691
9.30691
9.30691
9.30691
9.30691
9.30691
9.30691
9.30691
9.30691
9.30691
9.30691
9.30691
9.30691
9.30691
9.30691
9.30691
9.30691
9.30691
9.30691
9.30691
9.30691
9.30691
9.30691
9.30691
9.30715
9.30715
9.30715
9.30715
9.30715
9.30715
9.30715
9.30715
9.30715
9.30715
9.30715
9.30715
9.30715
9.30715
9.30715
9.30715
9.30715
9.30715
9.30715
9.30715
9.30715
9.30715
9.30715
9.30715
9.30715
9.30715
9.30715
9.30715
9.30715
9.30715
9.30715
9.30715
9.30715
9.30715
9.30715
9.30715
9.30715
9.30715
9.30715
9.30715
9.30786
9.30786
9.30786
9.30786
9.30786
9.30786
9.30786
9.30786
9.30786
9.30786
9.30786
9.30786
9.30786
9.30786
9.30786
9.30786
9.30786
9.30786
9.30786
9.30786
9.30786
9.30786
9.30786
9.30786
9.30786
9.30786
9.30786
9.30786
9.30786
9.30786
9.30786
9.30786
9.30786
9.30786
9.3081
9.3081
9.3081
9.3081
9.3081
9.3081
9.3081
9.3081
9.3081
9.3081
9.3081
9.3081
9.3081
9.3081
9.3081
9.3081
9.3081
9.3081
9.3081
9.3081
9.3081
9.3081
9.3081
9.3081
9.3081
9.3081
9.3081
9.3081
9.3081
9.3081
9.3081
9.3081
9.3081
9.3081
9.3081
9.3081
9.3081
9.3081
9.3081
9.3081
9.3081
9.3081
9.30882
9.30882
9.30882
9.30882
9.30882
9.30882
9.30882
9.30882
9.30882
9.30882
9.30882
9.30882
9.30882
9.30882
9.30882
9.30882
9.30882
9.30905
9.30905
9.30905
9.30905
9.30905
9.30905
9.30905
9.30905
9.30905
9.30905
9.30905
9.30905
9.30905
9.30905
9.30905
9.30905
9.30905
9.30905
9.30905
9.30905
9.30905
9.30905
9.30905
9.30905
9.30905
9.30905
9.30905
9.30905
9.30905
9.30905
9.30905
9.30905
9.30905
9.30905
9.30905
9.30905
9.30905
9.30905
9.30905
9.30905
9.30905
9.30905
9.30905
9.30905
9.30905
9.30905
9.30905
9.30905
9.30905
9.30905
9.30905
9.30905
9.30905
9.30905
9.30905
9.30905
9.30905
9.30905
9.30905
9.30905
9.30905
9.30905
9.30905
9.30905
9.30905
9.30905
9.30905
9.30905
9.30905
9.30977
9.31001
9.31001
9.31001
9.31001
9.31001
9.31001
9.31001
9.31001
9.31001
9.31001
9.31001
9.31001
9.31001
9.31001
9.31001
9.31001
9.31001
9.31001
9.31001
9.31001
9.31001
9.31001
9.31001
9.31001
9.31001
9.31001
9.31001
9.31001
9.31001
9.31001
9.31001
9.31001
9.31001
9.31001
9.31001
9.31001
9.31001
9.31001
9.31001
9.31001
9.31001
9.31001
9.31001
9.31001
9.31001
9.31096
9.31096
9.31096
9.31096
9.31096
9.31096
9.31096
9.31096
9.31096
9.31096
9.31096
9.31096
9.31096
9.31096
9.31096
9.31096
9.31096
9.31096
9.31096
9.31096
9.31096
9.31096
9.31096
9.31096
9.31096
9.31096
9.31096
9.31096
9.31096
9.31096
9.31096
9.31096
9.31096
9.31096
9.31096
9.31096
9.31096
9.31096
9.31096
9.31096
9.31096
9.31096
9.31096
9.31096
9.31096
9.31096
9.31096
9.3112
9.3112
9.3112
9.3112
9.3112
9.3112
9.3112
9.3112
9.3112
9.3112
9.3112
9.3112
9.31191
9.31191
9.31191
9.31191
9.31191
9.31191
9.31191
9.31191
9.31191
9.31191
9.31191
9.31191
9.31191
9.31191
9.31191
9.31191
9.31191
9.31191
9.31191
9.31191
9.31215
9.31215
9.31215
9.31215
9.31215
9.31215
9.31215
9.31215
9.31215
9.31215
9.31215
9.31215
9.31215
9.31215
9.31215
9.31287
9.31287
9.31287
9.31287
9.31287
9.31287
9.31287
9.31287
9.31287
9.31287
9.31287
9.31287
9.31287
9.31287
9.31311
9.31311
9.31311
9.31311
9.31311
9.31311
9.31311
9.31311
9.31311
9.31311
9.31311
9.31311
9.31311
9.31311
9.31311
9.31311
9.31311
9.31311
9.31311
9.31311
9.31382
9.31382
9.31382
9.31382
9.31382
9.31382
9.31406
9.31406
9.31406
9.31406
9.31406
9.31406
9.31406
9.31406
9.31406
9.31406
9.31406
9.31406
9.31406
9.31406
9.31406
9.31406
9.31406
9.31406
9.31406
9.31478
9.31478
9.31501
9.31501
9.31501
9.31501
9.31501
9.31501
9.31501
9.31501
9.31501
9.31501
9.31501
9.31501
9.31501
9.31501
9.31501
9.31597
9.31597
9.31597
9.31597
9.31597
9.31597
9.31597
9.31597
9.31597
9.31597
9.31597
9.31597
9.31597
9.31597
9.31597
9.31597
9.31597
9.31597
9.31597
9.31621
9.31621
9.31692
9.31692
9.31692
9.31692
9.31692
9.31692
9.31692
9.31692
9.31692
9.31692
9.31692
9.31692
9.31692
9.31692
9.31692
9.31692
9.31692
9.31692
9.31692
9.31716
9.31716
9.31716
9.31716
9.31716
9.31716
9.31716
9.31716
9.31716
9.31787
9.31787
9.31787
9.31787
9.31787
9.31787
9.31787
9.31811
9.31811
9.31811
9.31811
9.31811
9.31811
9.31883
9.31883
9.31883
9.31907
9.31907
9.31907
9.31907
9.31907
9.31907
9.31907
9.31907
9.32002
9.32002
9.32002
9.32002
9.32002
9.32002
9.32002
9.32002
9.32002
9.32097
9.32097
9.32097
9.32097
9.32097
9.32097
9.32097
9.32121
9.32121
9.32193
9.32193
9.32193
9.32193
9.32193
9.32217
9.32217
9.32217
9.32217
9.32217
9.32288
9.32288
9.32312
9.32407
9.32479
9.32503
9.32503
9.32503
9.32503
9.32598
9.32598
9.32598
9.32693
9.32693
9.32693
9.32717
9.32789
9.32789
9.32813
9.32813
9.32813
9.32813
9.32908
9.33003
9.33003
9.33003
9.33003
9.33003
9.33099
9.33099
9.33099
9.33194
9.33194
9.33194
9.33194
9.33194
9.33194
9.33194
9.33218
9.33313
9.33313
9.33313
9.33385
9.33409
9.33409
9.33409
9.33409
9.33409
9.33504
9.33504
9.33504
9.33599
9.33599
9.33599
9.33599
9.33599
9.33599
9.33599
9.33599
9.33599
9.33599
9.33599
9.33599
9.33695
9.33695
9.33695
9.33695
9.33695
9.33695
9.33695
9.33719
9.3379
9.3379
9.3379
9.3379
9.3379
9.3379
9.3379
9.33814
9.33814
9.33814
9.33814
9.33886
9.33886
9.33886
9.33886
9.33886
9.33909
9.33909
9.33909
9.33909
9.33909
9.33981
9.33981
9.33981
9.34005
9.34005
9.34005
9.34005
9.34005
9.34005
9.34005
9.34005
9.34005
9.34005
9.34005
9.341
9.341
9.341
9.341
9.341
9.341
9.341
9.341
9.341
9.341
9.341
9.341
9.341
9.341
9.341
9.341
9.341
9.341
9.341
9.34196
9.34196
9.34196
9.34196
9.34196
9.34196
9.34196
9.34196
9.34196
9.34196
9.34196
9.34196
9.34196
9.34196
9.34196
9.34196
9.34196
9.34196
9.34196
9.34219
9.34219
9.34219
9.34219
9.34291
9.34291
9.34291
9.34291
9.34291
9.34291
9.34291
9.34291
9.34291
9.34315
9.34315
9.34315
9.34386
9.34386
9.3441
9.3441
9.3441
9.34505
9.34505
9.34505
9.34505
9.34505
9.34505
9.34505
9.34601
9.34601
9.34601
9.34601
9.34601
9.34601
9.34601
9.34601
9.34601
9.34601
9.34601
9.34696
9.34696
9.34696
9.34696
9.3472
9.34792
9.34792
9.34792
9.34792
9.34815
9.34815
9.34815
9.34815
9.34815
9.34887
9.34911
9.34911
9.34911
9.34982
9.35006
9.35102
9.35102
9.35102
9.35221
9.35292
9.35292
9.35316
9.35316
9.35388
9.35411
9.35483
9.35578
9.35698
9.35698
9.35793
9.35817
9.35888
9.35888
9.35888
9.35912
9.35984
9.35984
9.36007
9.36007
9.36007
9.36103
9.36198
9.36198
9.36198
9.36294
9.36317
9.36317
9.36389
9.36389
9.36413
9.36413
9.36484
9.36508
9.36508
9.3658
9.36604
9.36604
9.36699
9.36699
9.36699
9.36699
9.36699
9.36699
9.36699
9.36699
9.36794
9.36794
9.36794
9.36794
9.36794
9.36818
9.36818
9.36818
9.36818
9.3689
9.3689
9.3689
9.36913
9.36913
9.36913
9.36985
9.36985
9.36985
9.36985
9.36985
9.37009
9.37009
9.37009
9.3708
9.3708
9.37104
9.37104
9.37104
9.37104
9.37104
9.37104
9.37104
9.37104
9.37104
9.37104
9.37104
9.37104
9.37104
9.372
9.372
9.372
9.372
9.372
9.372
9.372
9.372
9.372
9.372
9.372
9.372
9.372
9.37295
9.37295
9.37295
9.37295
9.37295
9.37295
9.37295
9.37295
9.37295
9.37295
9.37295
9.37295
9.3739
9.3739
9.3739
9.3739
9.37414
9.37486
9.37486
9.37486
9.37486
9.3751
9.3751
9.3751
9.3751
9.3751
9.37581
9.37581
9.37581
9.37581
9.37605
9.37605
9.37605
9.37605
9.37605
9.37605
9.377
9.377
9.377
9.377
9.377
9.377
9.377
9.37796
9.37796
9.37796
9.37796
9.37796
9.37796
9.37796
9.37796
9.37796
9.37796
9.37891
9.37891
9.37891
9.37915
9.37915
9.37986
9.37986
9.37986
9.37986
9.3801
9.38082
9.38082
9.38082
9.38082
9.38082
9.38106
9.38106
9.38106
9.38106
9.38177
9.38201
9.38296
9.38296
9.38392
9.38392
9.38392
9.38392
9.38416
9.38416
9.38416
9.38487
9.38487
9.38606
9.38606
9.38606
9.38606
9.38606
9.38678
9.38678
9.38702
9.38702
9.38702
9.38702
9.38797
9.38797
9.38821
9.38892
9.38892
9.38892
9.38916
9.38916
9.38988
9.38988
9.39012
9.39012
9.39083
9.39083
9.39107
9.39107
9.39107
9.39107
9.39107
9.39202
9.39298
9.39298
9.39298
9.39298
9.39298
9.39298
9.39322
9.39322
9.39393
9.39393
9.39393
9.39417
9.39417
9.39417
9.39417
9.39488
9.39488
9.39488
9.39488
9.39512
9.39584
9.39584
9.39584
9.39584
9.39608
9.39608
9.39608
9.39608
9.39608
9.39608
9.39608
9.39608
9.39608
9.39608
9.39703
9.39703
9.39703
9.39703
9.39703
9.39703
9.39703
9.39703
9.39703
9.39703
9.39703
9.39703
9.39703
9.39703
9.39703
9.39703
9.39798
9.39798
9.39798
9.39798
9.39798
9.39798
9.39798
9.39798
9.39798
9.39798
9.39894
9.39894
9.39894
9.39894
9.39894
9.39894
9.39894
9.39894
9.39894
9.39894
9.39894
9.39894
9.39894
9.39894
9.39918
9.39918
9.39918
9.39918
9.39989
9.39989
9.39989
9.39989
9.39989
9.39989
9.39989
9.39989
9.39989
9.39989
9.39989
9.39989
9.39989
9.39989
9.39989
9.39989
9.39989
9.39989
9.39989
9.39989
9.39989
9.40013
9.40013
9.40013
9.40013
9.40013
9.40013
9.40013
9.40013
9.40013
9.40013
9.40013
9.40084
9.40084
9.40084
9.40084
9.40084
9.40084
9.40108
9.40108
9.40108
9.40108
9.40108
9.40108
9.40108
9.40108
9.40108
9.40108
9.40108
9.40108
9.40108
9.40108
9.40108
9.40108
9.40108
9.40108
9.40108
9.40108
9.40108
9.40108
9.40108
9.4018
9.4018
9.4018
9.4018
9.40204
9.40204
9.40204
9.40204
9.40204
9.40204
9.40204
9.40204
9.40204
9.40204
9.40204
9.40204
9.40204
9.40204
9.40204
9.40204
9.40204
9.40204
9.40204
9.40204
9.40204
9.40204
9.40204
9.40204
9.40204
9.40299
9.40299
9.40299
9.40299
9.40299
9.40299
9.40299
9.40299
9.40299
9.40299
9.40299
9.40299
9.40299
9.40299
9.40299
9.40299
9.40299
9.40299
9.40299
9.40299
9.40299
9.40299
9.40299
9.40299
9.40299
9.40299
9.40299
9.40299
9.40299
9.40299
9.40299
9.40299
9.40299
9.40299
9.40299
9.40299
9.40299
9.40299
9.40323
9.40323
9.40323
9.40323
9.40323
9.40323
9.40323
9.40394
9.40394
9.40394
9.40394
9.40394
9.40394
9.40394
9.40394
9.40394
9.40394
9.40394
9.40394
9.40394
9.40394
9.40394
9.40394
9.40394
9.40394
9.40394
9.40394
9.40394
9.40394
9.40394
9.40394
9.40394
9.40394
9.40394
9.40394
9.40394
9.40394
9.40394
9.40394
9.40394
9.40394
9.40418
9.40418
9.40418
9.40418
9.40418
9.40418
9.40418
9.40418
9.40418
9.40418
9.40418
9.40418
9.40418
9.40418
9.40418
9.4049
9.4049
9.4049
9.4049
9.4049
9.4049
9.4049
9.4049
9.4049
9.4049
9.4049
9.4049
9.4049
9.4049
9.4049
9.4049
9.4049
9.4049
9.4049
9.4049
9.4049
9.4049
9.4049
9.4049
9.4049
9.4049
9.4049
9.4049
9.4049
9.4049
9.4049
9.4049
9.4049
9.4049
9.4049
9.4049
9.40514
9.40514
9.40514
9.40514
9.40514
9.40514
9.40514
9.40514
9.40514
9.40514
9.40514
9.40514
9.40514
9.40514
9.40514
9.40514
9.40514
9.40514
9.40514
9.40514
9.40514
9.40514
9.40585
9.40585
9.40585
9.40585
9.40585
9.40585
9.40585
9.40585
9.40585
9.40585
9.40585
9.40585
9.40585
9.40585
9.40585
9.40585
9.40585
9.40585
9.40585
9.40585
9.40585
9.40585
9.40585
9.40585
9.40585
9.40585
9.40585
9.40609
9.40609
9.40609
9.40609
9.40609
9.40609
9.40609
9.40609
9.40609
9.40609
9.40609
9.40609
9.40609
9.40609
9.40609
9.40609
9.40609
9.40609
9.40609
9.40609
9.40609
9.40609
9.40609
9.40609
9.40609
9.40609
9.40609
9.40609
9.40609
9.40609
9.40609
9.40609
9.40609
9.40609
9.40609
9.40609
9.40609
9.40609
9.40609
9.40609
9.40609
9.40609
9.40609
9.40609
9.40609
9.40609
9.40609
9.40609
9.40609
9.40609
9.40609
9.40609
9.40609
9.40681
9.40681
9.40681
9.40681
9.40681
9.40681
9.40681
9.40681
9.40681
9.40681
9.40681
9.40681
9.40681
9.40681
9.40681
9.40681
9.40681
9.40681
9.40704
9.40704
9.40704
9.40704
9.40704
9.40704
9.40704
9.40704
9.40704
9.40704
9.40704
9.40704
9.40704
9.40704
9.40704
9.40704
9.40704
9.40704
9.40704
9.40704
9.40704
9.40704
9.40704
9.40704
9.40704
9.40704
9.40704
9.40704
9.40704
9.40704
9.40704
9.40704
9.40704
9.40704
9.40704
9.40704
9.40704
9.40704
9.40704
9.40704
9.40704
9.40704
9.40704
9.40704
9.40704
9.40704
9.40704
9.40704
9.40704
9.40704
9.40704
9.40704
9.40704
9.40704
9.40704
9.40704
9.40704
9.40704
9.40704
9.40704
9.40704
9.40704
9.40704
9.408
9.408
9.408
9.408
9.408
9.408
9.408
9.408
9.408
9.408
9.408
9.408
9.408
9.408
9.408
9.408
9.408
9.408
9.408
9.408
9.408
9.408
9.408
9.408
9.408
9.408
9.408
9.408
9.408
9.408
9.408
9.408
9.408
9.408
9.408
9.408
9.408
9.408
9.408
9.408
9.408
9.408
9.408
9.408
9.408
9.408
9.408
9.408
9.408
9.408
9.408
9.408
9.408
9.408
9.408
9.408
9.408
9.408
9.408
9.408
9.408
9.408
9.408
9.408
9.408
9.408
9.408
9.408
9.408
9.408
9.408
9.408
9.408
9.408
9.408
9.408
9.408
9.408
9.408
9.408
9.408
9.408
9.408
9.408
9.408
9.408
9.408
9.408
9.408
9.408
9.408
9.408
9.408
9.408
9.408
9.408
9.40895
9.40895
9.40895
9.40895
9.40895
9.40895
9.40895
9.40895
9.40895
9.40895
9.40895
9.40895
9.40895
9.40895
9.40895
9.40895
9.40895
9.40895
9.40895
9.40895
9.40895
9.40895
9.40895
9.40895
9.40895
9.40895
9.40895
9.40895
9.40895
9.40895
9.40895
9.40895
9.40895
9.40895
9.40895
9.40895
9.40895
9.40895
9.40895
9.40895
9.40895
9.40895
9.40895
9.40895
9.40895
9.40895
9.40895
9.40895
9.40895
9.40895
9.40895
9.40895
9.40895
9.40895
9.40895
9.40895
9.40895
9.40895
9.40895
9.40895
9.40895
9.40895
9.40895
9.40895
9.40895
9.40895
9.40895
9.40895
9.40919
9.40919
9.40919
9.40919
9.40919
9.40919
9.40919
9.40919
9.40919
9.40919
9.40919
9.40919
9.4099
9.4099
9.4099
9.4099
9.4099
9.4099
9.4099
9.4099
9.4099
9.4099
9.4099
9.4099
9.4099
9.4099
9.4099
9.4099
9.4099
9.4099
9.4099
9.4099
9.4099
9.4099
9.4099
9.4099
9.4099
9.4099
9.4099
9.4099
9.4099
9.4099
9.4099
9.4099
9.4099
9.4099
9.4099
9.4099
9.41014
9.41014
9.41014
9.41014
9.41014
9.41014
9.41014
9.41014
9.41014
9.41014
9.41014
9.41014
9.41014
9.41014
9.41014
9.41014
9.41014
9.41014
9.41014
9.41086
9.41086
9.41086
9.41086
9.41086
9.41086
9.41086
9.41086
9.41086
9.41086
9.41086
9.41086
9.41086
9.41086
9.41086
9.41086
9.41086
9.41086
9.41086
9.41086
9.41086
9.41086
9.41086
9.41086
9.4111
9.4111
9.4111
9.4111
9.4111
9.4111
9.4111
9.4111
9.4111
9.4111
9.4111
9.4111
9.4111
9.4111
9.4111
9.4111
9.4111
9.4111
9.4111
9.4111
9.4111
9.4111
9.4111
9.4111
9.4111
9.4111
9.4111
9.4111
9.4111
9.4111
9.41181
9.41181
9.41181
9.41181
9.41181
9.41181
9.41181
9.41205
9.41205
9.41205
9.41205
9.41205
9.41205
9.41205
9.41205
9.41205
9.41205
9.41205
9.41205
9.41205
9.41205
9.41205
9.41205
9.41205
9.41205
9.41205
9.41205
9.41205
9.41205
9.41205
9.41205
9.41205
9.41205
9.41205
9.41205
9.41205
9.41205
9.41205
9.41205
9.41205
9.413
9.413
9.413
9.413
9.413
9.413
9.413
9.413
9.413
9.413
9.413
9.413
9.413
9.413
9.413
9.413
9.413
9.413
9.413
9.413
9.413
9.413
9.413
9.413
9.413
9.41396
9.41396
9.41396
9.41396
9.41396
9.41396
9.41396
9.41396
9.41396
9.41396
9.41396
9.41396
9.41396
9.41396
9.4142
9.4142
9.4142
9.4142
9.4142
9.41491
9.41491
9.41491
9.41491
9.41491
9.41491
9.41491
9.41491
9.41491
9.41491
9.41491
9.41515
9.41515
9.41515
9.41515
9.41515
9.41515
9.41515
9.41515
9.41515
9.41515
9.41586
9.41586
9.41586
9.41586
9.41586
9.4161
9.4161
9.4161
9.4161
9.4161
9.41682
9.41682
9.41682
9.41682
9.41682
9.41682
9.41706
9.41706
9.41706
9.41706
9.41706
9.41706
9.41706
9.41706
9.41706
9.41706
9.41706
9.41706
9.41706
9.41706
9.41777
9.41801
9.41801
9.41801
9.41801
9.41801
9.41801
9.41801
9.41801
9.41801
9.41801
9.41801
9.41801
9.41896
9.41896
9.41896
9.41896
9.41896
9.41896
9.41896
9.41896
9.41896
9.41896
9.41896
9.4192
9.4192
9.4192
9.4192
9.41992
9.41992
9.41992
9.41992
9.41992
9.41992
9.41992
9.41992
9.42016
9.42016
9.42016
9.42016
9.42087
9.42087
9.42111
9.42111
9.42111
9.42111
9.42183
9.42183
9.42206
9.42206
9.42206
9.42206
9.42206
9.42206
9.42206
9.42302
9.42302
9.42302
9.42302
9.42302
9.42302
9.42302
9.42397
9.42397
9.42397
9.42397
9.42397
9.42397
9.42492
9.42516
9.42516
9.42588
9.42588
9.42588
9.42588
9.42612
9.42612
9.42683
9.42683
9.42707
9.42707
9.42707
9.42707
9.42802
9.42802
9.42898
9.42898
9.42898
9.42993
9.42993
9.42993
9.42993
9.42993
9.42993
9.43017
9.43089
9.43112
9.43112
9.43112
9.43208
9.43279
9.43303
9.43303
9.43303
9.43398
9.43398
9.43398
9.43398
9.43494
9.43494
9.43589
9.43589
9.43589
9.43589
9.43589
9.43613
9.43613
9.43613
9.43613
9.43685
9.43708
9.43708
9.43708
9.43708
9.43708
9.4378
9.4378
9.4378
9.43804
9.43804
9.43804
9.43804
9.43899
9.43899
9.43899
9.43899
9.43995
9.43995
9.43995
9.43995
9.43995
9.44018
9.4409
9.4409
9.4409
9.4409
9.4409
9.4409
9.4409
9.4409
9.4409
9.4409
9.44114
9.44114
9.44114
9.44185
9.44185
9.44185
9.44185
9.44209
9.44209
9.44209
9.44209
9.44209
9.44209
9.44209
9.44209
9.44209
9.44281
9.44281
9.44304
9.44304
9.44304
9.44304
9.44304
9.444
9.444
9.444
9.444
9.444
9.444
9.444
9.444
9.44495
9.44495
9.44495
9.44495
9.44495
9.44495
9.44495
9.44495
9.44519
9.44519
9.44519
9.44591
9.44591
9.44614
9.44614
9.44614
9.44614
9.44614
9.44614
9.44686
9.44686
9.44686
9.4471
9.4471
9.4471
9.4471
9.4471
9.4471
9.4471
9.44781
9.44781
9.44781
9.44805
9.44805
9.44805
9.44805
9.44805
9.44805
9.44901
9.44901
9.44901
9.44901
9.44901
9.44996
9.44996
9.44996
9.4502
9.45115
9.45115
9.45115
9.45187
9.45187
9.45187
9.4521
9.4521
9.45282
9.45306
9.45306
9.45306
9.45401
9.45401
9.45401
9.45401
9.45401
9.45401
9.45497
9.45497
9.45497
9.45592
9.45711
9.45711
9.45711
9.45807
9.45807
9.45807
9.45902
9.45902
9.45902
9.45902
9.45902
9.45997
9.45997
9.45997
9.46093
9.46093
9.46093
9.46116
9.46212
9.46212
9.46307
9.46307
9.46307
9.46307
9.46403
9.46403
9.46498
9.46498
9.46498
9.46498
9.46498
9.46498
9.46498
9.46593
9.46593
9.46593
9.46593
9.46593
9.46617
9.46617
9.46689
9.46689
9.46689
9.46689
9.46712
9.46784
9.46808
9.46808
9.46808
9.46808
9.46808
9.46903
9.46903
9.46903
9.46903
9.46903
9.46903
9.46903
9.46903
9.46903
9.46999
9.46999
9.46999
9.46999
9.46999
9.46999
9.46999
9.46999
9.46999
9.47094
9.47094
9.47094
9.47118
9.47118
9.47189
9.47189
9.47189
9.47189
9.47189
9.47189
9.47189
9.47189
9.47189
9.47213
9.47213
9.47213
9.47213
9.47213
9.47285
9.47285
9.47285
9.47285
9.47285
9.47309
9.47309
9.47309
9.47309
9.47309
9.47309
9.4738
9.4738
9.47404
9.47404
9.47404
9.47404
9.47404
9.47404
9.47404
9.47404
9.47404
9.47404
9.47404
9.47404
9.47404
9.47404
9.47404
9.47404
9.47499
9.47499
9.47499
9.47499
9.47499
9.47499
9.47499
9.47499
9.47499
9.47499
9.47499
9.47499
9.47595
9.47595
9.47595
9.47595
9.47595
9.47618
9.4769
9.4769
9.47714
9.47714
9.47714
9.47714
9.47785
9.47785
9.47809
9.47809
9.47809
9.47809
9.47809
9.47881
9.47881
9.47881
9.47905
9.47905
9.47905
9.47905
9.48
9.48
9.48
9.48
9.48
9.48
9.48
9.48
9.48
9.48
9.48095
9.48095
9.48095
9.48095
9.48095
9.48095
9.48119
9.48191
9.48191
9.48191
9.48191
9.48215
9.4831
9.4831
9.48381
9.48405
9.48405
9.48501
9.48501
9.48501
9.48501
9.48596
9.48596
9.48596
9.48596
9.4862
9.4862
9.4862
9.48691
9.48691
9.48691
9.48691
9.48691
9.48691
9.48691
9.48715
9.48715
9.48715
9.48787
9.48787
9.48787
9.48787
9.48787
9.48811
9.48811
9.48906
9.48906
9.48906
9.49001
9.49001
9.49001
9.49001
9.49001
9.49097
9.49097
9.49097
9.49192
9.49192
9.49192
9.49192
9.49216
9.49216
9.49287
9.49287
9.49287
9.49311
9.49311
9.49311
9.49311
9.49407
9.49407
9.49407
9.49407
9.49502
9.49502
9.49502
9.49502
9.49502
9.49502
9.49502
9.49502
9.49502
9.49502
9.49597
9.49597
9.49597
9.49597
9.49597
9.49597
9.49597
9.49597
9.49597
9.49597
9.49597
9.49597
9.49597
9.49597
9.49621
9.49693
9.49693
9.49693
9.49693
9.49693
9.49693
9.49693
9.49693
9.49693
9.49693
9.49717
9.49717
9.49717
9.49717
9.49788
9.49788
9.49788
9.49788
9.49788
9.49788
9.49788
9.49812
9.49812
9.49812
9.49812
9.49812
9.49812
9.49812
9.49883
9.49883
9.49883
9.49883
9.49883
9.49883
9.49907
9.49907
9.49907
9.49907
9.49907
9.49907
9.49907
9.49907
9.49907
9.49907
9.49979
9.49979
9.50003
9.50003
9.50003
9.50003
9.50003
9.50003
9.50003
9.50003
9.50003
9.50003
9.50003
9.50003
9.50003
9.50003
9.50003
9.50003
9.50003
9.50003
9.50003
9.50003
9.50098
9.50098
9.50098
9.50098
9.50098
9.50098
9.50098
9.50098
9.50098
9.50098
9.50098
9.50098
9.50098
9.50098
9.50098
9.50098
9.50098
9.50098
9.50098
9.50098
9.50098
9.50098
9.50098
9.50098
9.50122
9.50122
9.50122
9.50193
9.50193
9.50193
9.50193
9.50193
9.50193
9.50193
9.50193
9.50193
9.50193
9.50193
9.50193
9.50193
9.50193
9.50193
9.50193
9.50193
9.50193
9.50193
9.50193
9.50193
9.50193
9.50193
9.50193
9.50193
9.50193
9.50217
9.50217
9.50217
9.50217
9.50217
9.50217
9.50217
9.50289
9.50289
9.50289
9.50289
9.50289
9.50289
9.50289
9.50289
9.50289
9.50289
9.50289
9.50289
9.50289
9.50289
9.50289
9.50289
9.50289
9.50289
9.50313
9.50313
9.50313
9.50313
9.50313
9.50313
9.50313
9.50313
9.50313
9.50313
9.50313
9.50384
9.50384
9.50384
9.50384
9.50384
9.50384
9.50384
9.50384
9.50384
9.50384
9.50408
9.50408
9.50408
9.50408
9.50408
9.50408
9.50408
9.50408
9.50408
9.50408
9.50408
9.50408
9.50408
9.50408
9.50408
9.50408
9.50408
9.50408
9.50408
9.50408
9.50408
9.50408
9.50408
9.50408
9.5048
9.5048
9.5048
9.5048
9.5048
9.5048
9.5048
9.5048
9.50503
9.50503
9.50503
9.50503
9.50503
9.50503
9.50503
9.50503
9.50503
9.50503
9.50503
9.50503
9.50503
9.50503
9.50503
9.50503
9.50503
9.50503
9.50503
9.50503
9.50503
9.50503
9.50503
9.50503
9.50503
9.50503
9.50503
9.50503
9.50503
9.50503
9.50503
9.50503
9.50503
9.50503
9.50503
9.50503
9.50503
9.50503
9.50503
9.50503
9.50599
9.50599
9.50599
9.50599
9.50599
9.50599
9.50599
9.50599
9.50599
9.50599
9.50599
9.50599
9.50599
9.50599
9.50599
9.50599
9.50599
9.50599
9.50599
9.50599
9.50599
9.50599
9.50599
9.50599
9.50599
9.50599
9.50599
9.50599
9.50599
9.50599
9.50599
9.50599
9.50599
9.50599
9.50599
9.50599
9.50599
9.50599
9.50599
9.50599
9.50599
9.50599
9.50599
9.50599
9.50599
9.50599
9.50599
9.50599
9.50599
9.50599
9.50599
9.50599
9.50599
9.50599
9.50599
9.50599
9.50599
9.50599
9.50599
9.50599
9.50599
9.50599
9.50599
9.50599
9.50599
9.50599
9.50599
9.50599
9.50599
9.50599
9.50623
9.50623
9.50694
9.50694
9.50694
9.50694
9.50694
9.50694
9.50694
9.50694
9.50694
9.50694
9.50694
9.50694
9.50694
9.50694
9.50694
9.50694
9.50694
9.50694
9.50694
9.50694
9.50694
9.50694
9.50694
9.50694
9.50694
9.50694
9.50694
9.50694
9.50694
9.50694
9.50694
9.50694
9.50694
9.50694
9.50694
9.50694
9.50694
9.50694
9.50694
9.50694
9.50694
9.50694
9.50694
9.50694
9.50694
9.50694
9.50694
9.50694
9.50694
9.50694
9.50694
9.50694
9.50694
9.50694
9.50694
9.50694
9.50694
9.50694
9.50694
9.50694
9.50694
9.50694
9.50718
9.50718
9.50718
9.50718
9.50718
9.50718
9.50718
9.50718
9.50718
9.50718
9.50718
9.50718
9.50789
9.50789
9.50789
9.50789
9.50789
9.50789
9.50789
9.50789
9.50789
9.50789
9.50789
9.50789
9.50789
9.50789
9.50789
9.50789
9.50789
9.50789
9.50789
9.50789
9.50789
9.50789
9.50789
9.50789
9.50789
9.50789
9.50789
9.50789
9.50789
9.50789
9.50789
9.50789
9.50789
9.50789
9.50789
9.50789
9.50789
9.50789
9.50789
9.50789
9.50813
9.50813
9.50813
9.50813
9.50813
9.50813
9.50813
9.50813
9.50813
9.50813
9.50813
9.50813
9.50813
9.50813
9.50813
9.50813
9.50813
9.50813
9.50813
9.50813
9.50813
9.50813
9.50813
9.50813
9.50813
9.50813
9.50813
9.50813
9.50813
9.50813
9.50813
9.50813
9.50813
9.50813
9.50813
9.50813
9.50813
9.50813
9.50813
9.50813
9.50813
9.50885
9.50885
9.50885
9.50885
9.50885
9.50885
9.50885
9.50885
9.50885
9.50885
9.50885
9.50885
9.50885
9.50885
9.50885
9.50885
9.50885
9.50885
9.50885
9.50885
9.50885
9.50885
9.50885
9.50885
9.50885
9.50885
9.50885
9.50885
9.50885
9.50885
9.50909
9.50909
9.50909
9.50909
9.50909
9.50909
9.50909
9.50909
9.50909
9.50909
9.50909
9.50909
9.50909
9.50909
9.50909
9.50909
9.50909
9.50909
9.50909
9.50909
9.50909
9.50909
9.50909
9.50909
9.50909
9.50909
9.50909
9.50909
9.50909
9.50909
9.50909
9.50909
9.50909
9.50909
9.50909
9.50909
9.50909
9.50909
9.50909
9.50909
9.50909
9.50909
9.50909
9.50909
9.50909
9.50909
9.50909
9.50909
9.50909
9.50909
9.50909
9.50909
9.50909
9.50909
9.50909
9.5098
9.5098
9.5098
9.5098
9.5098
9.5098
9.5098
9.5098
9.51004
9.51004
9.51004
9.51004
9.51004
9.51004
9.51004
9.51004
9.51004
9.51004
9.51004
9.51004
9.51004
9.51004
9.51004
9.51004
9.51004
9.51004
9.51004
9.51004
9.51004
9.51004
9.51004
9.51004
9.51004
9.51004
9.51004
9.51004
9.51004
9.51004
9.51004
9.51004
9.51004
9.51004
9.51004
9.51004
9.51004
9.51004
9.51004
9.51004
9.51004
9.51004
9.51004
9.51004
9.51099
9.51099
9.51099
9.51099
9.51099
9.51099
9.51099
9.51099
9.51099
9.51099
9.51099
9.51099
9.51099
9.51099
9.51099
9.51099
9.51099
9.51099
9.51099
9.51099
9.51099
9.51099
9.51099
9.51099
9.51099
9.51099
9.51099
9.51099
9.51099
9.51099
9.51099
9.51099
9.51099
9.51099
9.51099
9.51099
9.51099
9.51099
9.51099
9.51099
9.51099
9.51099
9.51099
9.51099
9.51099
9.51195
9.51195
9.51195
9.51195
9.51195
9.51195
9.51195
9.51195
9.51195
9.51195
9.51195
9.51195
9.51195
9.51195
9.51195
9.51195
9.51195
9.51195
9.51195
9.51195
9.51195
9.51195
9.51195
9.51195
9.51195
9.51195
9.51195
9.51195
9.51195
9.51195
9.51219
9.51219
9.51219
9.51219
9.51219
9.51219
9.51219
9.51219
9.5129
9.5129
9.5129
9.5129
9.5129
9.5129
9.5129
9.5129
9.5129
9.5129
9.5129
9.5129
9.5129
9.5129
9.5129
9.5129
9.5129
9.51314
9.51314
9.51314
9.51314
9.51314
9.51314
9.51314
9.51314
9.51314
9.51314
9.51314
9.51314
9.51314
9.51314
9.51314
9.51314
9.51314
9.51314
9.51314
9.51314
9.51314
9.51314
9.51314
9.51314
9.51314
9.51314
9.51314
9.51385
9.51385
9.51385
9.51385
9.51385
9.51385
9.51385
9.51385
9.51385
9.51385
9.51385
9.51385
9.51385
9.51409
9.51409
9.51409
9.51409
9.51409
9.51409
9.51409
9.51409
9.51409
9.51409
9.51481
9.51481
9.51481
9.51481
9.51481
9.51481
9.51505
9.51505
9.51505
9.51505
9.51505
9.51505
9.51505
9.51505
9.51505
9.51505
9.51505
9.51505
9.51505
9.51505
9.51505
9.51505
9.51505
9.51505
9.51505
9.51505
9.51505
9.51505
9.51505
9.51505
9.516
9.516
9.516
9.516
9.516
9.516
9.516
9.516
9.516
9.516
9.516
9.516
9.516
9.516
9.516
9.516
9.516
9.516
9.516
9.516
9.516
9.51695
9.51695
9.51695
9.51695
9.51695
9.51695
9.51695
9.51695
9.51695
9.51695
9.51695
9.51695
9.51695
9.51695
9.51695
9.51695
9.51719
9.51791
9.51791
9.51791
9.51791
9.51791
9.51791
9.51791
9.51791
9.51791
9.51791
9.51815
9.51815
9.51815
9.51815
9.51815
9.51815
9.51815
9.51886
9.51886
9.51886
9.51886
9.5191
9.5191
9.5191
9.5191
9.5191
9.5191
9.5191
9.5191
9.5191
9.5191
9.51982
9.51982
9.51982
9.52005
9.52005
9.52005
9.52005
9.52005
9.52005
9.52005
9.52005
9.52005
9.52077
9.52101
9.52101
9.52101
9.52101
9.52101
9.52101
9.52101
9.52101
9.52101
9.52101
9.52101
9.52101
9.52101
9.52101
9.52196
9.52196
9.52196
9.52196
9.5222
9.52291
9.52291
9.52291
9.52291
9.52291
9.52291
9.52291
9.52315
9.52315
9.52315
9.52387
9.52411
9.52411
9.52411
9.52506
9.52506
9.52601
9.52601
9.52601
9.52601
9.52601
9.52601
9.52601
9.52601
9.52601
9.52601
9.52697
9.52697
9.52721
9.52792
9.52792
9.52792
9.52816
9.52816
9.52816
9.52888
9.52888
9.52888
9.52888
9.52911
9.52911
9.52911
9.52911
9.52983
9.53007
9.53007
9.53007
9.53007
9.53102
9.53102
9.53102
9.53102
9.53102
9.53197
9.53197
9.53197
9.53197
9.53293
9.53293
9.53293
9.53317
9.53388
9.53388
9.53388
9.53388
9.53388
9.53388
9.53412
9.53412
9.53412
9.53507
9.53507
9.53507
9.53579
9.53579
9.53603
9.53603
9.53603
9.53603
9.53603
9.53603
9.53698
9.53698
9.53698
9.53698
9.53698
9.53794
9.53794
9.53794
9.53794
9.53794
9.53794
9.53794
9.53817
9.53889
9.53889
9.53889
9.53889
9.53889
9.53913
9.53913
9.53913
9.53913
9.53913
9.53984
9.53984
9.53984
9.53984
9.53984
9.54008
9.54008
9.54008
9.54008
9.54008
9.54008
9.54008
9.54008
9.54008
9.54008
9.54008
9.5408
9.54103
9.54103
9.54103
9.54103
9.54103
9.54103
9.54103
9.54199
9.54199
9.54199
9.54199
9.54199
9.54199
9.54199
9.54199
9.54199
9.54199
9.54199
9.54294
9.54294
9.54294
9.54294
9.54294
9.54294
9.54294
9.54294
9.54294
9.54318
9.54318
9.54318
9.5439
9.5439
9.5439
9.5439
9.54413
9.54413
9.54413
9.54485
9.54485
9.54485
9.54485
9.54509
9.54509
9.54509
9.54509
9.54509
9.5458
9.5458
9.54604
9.54604
9.54604
9.54604
9.54604
9.54604
9.547
9.547
9.547
9.547
9.547
9.54795
9.54795
9.54795
9.54795
9.54819
9.5489
9.5489
9.54914
9.54914
9.54914
9.55009
9.55081
9.55081
9.552
9.552
9.552
9.552
9.55296
9.55296
9.55296
9.55391
9.55486
9.5551
9.55701
9.55701
9.55796
9.55796
9.5582
9.55892
9.55892
9.56106
9.56106
9.56202
9.56202
9.56202
9.56321
9.56321
9.56392
9.56392
9.56392
9.56392
9.56392
9.56416
9.56488
9.56511
9.56511
9.56511
9.56583
9.56607
9.56607
9.56607
9.56607
9.56702
9.56702
9.56798
9.56798
9.56798
9.56821
9.56893
9.56893
9.56893
9.56893
9.56917
9.56917
9.56917
9.56988
9.56988
9.57012
9.57012
9.57012
9.57084
9.57084
9.57084
9.57084
9.57108
9.57108
9.57108
9.57108
9.57108
9.57108
9.57108
9.57203
9.57203
9.57203
9.57203
9.57203
9.57203
9.57298
9.57298
9.57298
9.57298
9.57298
9.57298
9.57298
9.57298
9.57298
9.57298
9.57298
9.57298
9.57394
9.57394
9.57394
9.57394
9.57417
9.57417
9.57489
9.57489
9.57489
9.57489
9.57489
9.57489
9.57489
9.57513
9.57513
9.57513
9.57513
9.57584
9.57584
9.57584
9.57584
9.57608
9.57608
9.57608
9.57608
9.57608
9.57608
9.57608
9.57608
9.57608
9.57704
9.57704
9.57704
9.57704
9.57704
9.57704
9.57704
9.57704
9.57704
9.57704
9.57704
9.57704
9.57704
9.57704
9.57704
9.57799
9.57799
9.57799
9.57799
9.57799
9.57799
9.57799
9.57799
9.57799
9.57799
9.57799
9.57894
9.57894
9.57894
9.57894
9.57894
9.57918
9.5799
9.5799
9.58014
9.58014
9.58014
9.58085
9.58109
9.5818
9.58204
9.58204
9.58204
9.58204
9.58204
9.58204
9.583
9.583
9.58395
9.58395
9.58395
9.58395
9.58419
9.5849
9.5849
9.5849
9.58514
9.58586
9.5861
9.5861
9.58681
9.58705
9.58705
9.58705
9.588
9.588
9.588
9.588
9.588
9.58896
9.58896
9.58896
9.58991
9.59086
9.59086
9.59086
9.59086
9.5911
9.5911
9.59206
9.59206
9.59206
9.59206
9.59206
9.59277
9.59301
9.59301
9.59301
9.59301
9.59301
9.59301
9.59301
9.59396
9.59396
9.59396
9.59396
9.59396
9.5942
9.59492
9.59492
9.59492
9.59492
9.59492
9.59516
9.59516
9.59587
9.59587
9.59587
9.59611
9.59611
9.59611
9.59611
9.59611
9.59611
9.59611
9.59611
9.59611
9.59611
9.59682
9.59682
9.59682
9.59706
9.59706
9.59706
9.59706
9.59706
9.59706
9.59706
9.59706
9.59706
9.59706
9.59802
9.59802
9.59802
9.59802
9.59802
9.59802
9.59802
9.59802
9.59802
9.59802
9.59802
9.59802
9.59802
9.59897
9.59897
9.59897
9.59897
9.59897
9.59897
9.59897
9.59897
9.59897
9.59897
9.59897
9.59897
9.59897
9.59897
9.59897
9.59992
9.59992
9.59992
9.59992
9.59992
9.59992
9.59992
9.59992
9.59992
9.59992
9.59992
9.59992
9.60016
9.60016
9.60016
9.60016
9.60016
9.60016
9.60016
9.60088
9.60088
9.60088
9.60088
9.60088
9.60088
9.60088
9.60088
9.60088
9.60088
9.60112
9.60112
9.60112
9.60112
9.60112
9.60112
9.60112
9.60112
9.60183
9.60183
9.60183
9.60183
9.60183
9.60183
9.60183
9.60207
9.60207
9.60207
9.60207
9.60207
9.60207
9.60207
9.60207
9.60207
9.60207
9.60207
9.60207
9.60207
9.60207
9.60207
9.60207
9.60207
9.60207
9.60207
9.60207
9.60207
9.60279
9.60279
9.60279
9.60302
9.60302
9.60302
9.60302
9.60302
9.60302
9.60302
9.60302
9.60302
9.60302
9.60302
9.60302
9.60302
9.60302
9.60302
9.60302
9.60302
9.60302
9.60302
9.60302
9.60302
9.60302
9.60302
9.60302
9.60302
9.60302
9.60302
9.60302
9.60302
9.60302
9.60302
9.60302
9.60302
9.60302
9.60398
9.60398
9.60398
9.60398
9.60398
9.60398
9.60398
9.60398
9.60398
9.60398
9.60398
9.60398
9.60398
9.60398
9.60398
9.60398
9.60398
9.60398
9.60398
9.60398
9.60398
9.60398
9.60398
9.60398
9.60398
9.60398
9.60398
9.60398
9.60398
9.60398
9.60398
9.60398
9.60398
9.60398
9.60398
9.60398
9.60422
9.60422
9.60422
9.60422
9.60493
9.60493
9.60493
9.60493
9.60493
9.60493
9.60493
9.60493
9.60493
9.60493
9.60493
9.60493
9.60493
9.60493
9.60493
9.60493
9.60493
9.60493
9.60493
9.60493
9.60493
9.60493
9.60493
9.60493
9.60493
9.60493
9.60493
9.60493
9.60493
9.60493
9.60493
9.60493
9.60493
9.60493
9.60493
9.60517
9.60517
9.60517
9.60517
9.60517
9.60517
9.60517
9.60517
9.60517
9.60517
9.60517
9.60517
9.60517
9.60517
9.60517
9.60517
9.60517
9.60517
9.60588
9.60588
9.60588
9.60588
9.60588
9.60588
9.60588
9.60588
9.60588
9.60588
9.60588
9.60588
9.60588
9.60588
9.60588
9.60588
9.60588
9.60588
9.60588
9.60588
9.60588
9.60588
9.60588
9.60588
9.60588
9.60588
9.60588
9.60588
9.60588
9.60588
9.60588
9.60588
9.60588
9.60588
9.60588
9.60588
9.60588
9.60588
9.60588
9.60588
9.60588
9.60588
9.60588
9.60612
9.60612
9.60612
9.60612
9.60612
9.60612
9.60612
9.60612
9.60612
9.60612
9.60612
9.60612
9.60612
9.60612
9.60612
9.60612
9.60612
9.60612
9.60612
9.60612
9.60612
9.60612
9.60612
9.60612
9.60612
9.60612
9.60612
9.60612
9.60612
9.60612
9.60612
9.60612
9.60684
9.60684
9.60684
9.60684
9.60684
9.60684
9.60684
9.60684
9.60684
9.60684
9.60684
9.60684
9.60684
9.60684
9.60684
9.60684
9.60684
9.60684
9.60684
9.60684
9.60684
9.60684
9.60684
9.60684
9.60684
9.60684
9.60684
9.60684
9.60684
9.60684
9.60708
9.60708
9.60708
9.60708
9.60708
9.60708
9.60708
9.60708
9.60708
9.60708
9.60708
9.60708
9.60708
9.60708
9.60708
9.60708
9.60708
9.60708
9.60708
9.60708
9.60708
9.60708
9.60708
9.60708
9.60708
9.60708
9.60708
9.60708
9.60708
9.60708
9.60708
9.60708
9.60708
9.60708
9.60708
9.60708
9.60708
9.60708
9.60708
9.60708
9.60708
9.60708
9.60708
9.60708
9.60708
9.60708
9.60708
9.60708
9.60708
9.60708
9.60708
9.60708
9.60708
9.60708
9.60708
9.60708
9.60708
9.60708
9.60708
9.60708
9.60708
9.60708
9.60708
9.60779
9.60779
9.60779
9.60779
9.60779
9.60779
9.60803
9.60803
9.60803
9.60803
9.60803
9.60803
9.60803
9.60803
9.60803
9.60803
9.60803
9.60803
9.60803
9.60803
9.60803
9.60803
9.60803
9.60803
9.60803
9.60803
9.60803
9.60803
9.60803
9.60803
9.60803
9.60803
9.60803
9.60803
9.60803
9.60803
9.60803
9.60803
9.60803
9.60803
9.60803
9.60803
9.60803
9.60803
9.60803
9.60803
9.60803
9.60803
9.60803
9.60803
9.60803
9.60803
9.60803
9.60803
9.60803
9.60803
9.60803
9.60803
9.60803
9.60803
9.60803
9.60803
9.60803
9.60803
9.60803
9.60803
9.60803
9.60803
9.60803
9.60803
9.60803
9.60803
9.60898
9.60898
9.60898
9.60898
9.60898
9.60898
9.60898
9.60898
9.60898
9.60898
9.60898
9.60898
9.60898
9.60898
9.60898
9.60898
9.60898
9.60898
9.60898
9.60898
9.60898
9.60898
9.60898
9.60898
9.60898
9.60898
9.60898
9.60898
9.60898
9.60898
9.60898
9.60898
9.60898
9.60898
9.60898
9.60898
9.60898
9.60898
9.60898
9.60898
9.60898
9.60898
9.60898
9.60898
9.60898
9.60898
9.60898
9.60898
9.60898
9.60898
9.60898
9.60898
9.60898
9.60898
9.60898
9.60898
9.60898
9.60898
9.60898
9.60898
9.60898
9.60898
9.60898
9.60898
9.60898
9.60898
9.60898
9.60898
9.60898
9.60898
9.60898
9.60898
9.60898
9.60898
9.60898
9.60898
9.60922
9.60922
9.60922
9.60922
9.60922
9.60922
9.60922
9.60994
9.60994
9.60994
9.60994
9.60994
9.60994
9.60994
9.60994
9.60994
9.60994
9.60994
9.60994
9.60994
9.60994
9.60994
9.60994
9.60994
9.60994
9.60994
9.60994
9.60994
9.60994
9.60994
9.60994
9.60994
9.60994
9.60994
9.60994
9.60994
9.60994
9.60994
9.60994
9.60994
9.60994
9.60994
9.60994
9.60994
9.60994
9.60994
9.60994
9.60994
9.60994
9.60994
9.60994
9.60994
9.60994
9.60994
9.60994
9.60994
9.60994
9.60994
9.60994
9.60994
9.60994
9.60994
9.60994
9.60994
9.60994
9.61018
9.61018
9.61018
9.61018
9.61018
9.61018
9.61018
9.61018
9.61018
9.61018
9.61018
9.61018
9.61018
9.61018
9.61018
9.61089
9.61089
9.61089
9.61089
9.61089
9.61089
9.61089
9.61089
9.61089
9.61089
9.61089
9.61089
9.61089
9.61089
9.61089
9.61089
9.61089
9.61089
9.61089
9.61089
9.61089
9.61089
9.61113
9.61113
9.61113
9.61113
9.61113
9.61113
9.61113
9.61113
9.61113
9.61113
9.61113
9.61185
9.61185
9.61185
9.61185
9.61185
9.61185
9.61185
9.61185
9.61185
9.61185
9.61185
9.61185
9.61185
9.61185
9.61185
9.61208
9.61208
9.61208
9.61208
9.61208
9.61208
9.61208
9.61208
9.61208
9.61208
9.61208
9.61208
9.61208
9.61208
9.61208
9.61208
9.61208
9.61208
9.61208
9.61208
9.61208
9.61208
9.61208
9.61208
9.61208
9.61208
9.61208
9.61208
9.61208
9.6128
9.6128
9.6128
9.6128
9.6128
9.6128
9.61304
9.61304
9.61304
9.61304
9.61304
9.61304
9.61304
9.61304
9.61304
9.61304
9.61304
9.61304
9.61304
9.61304
9.61304
9.61304
9.61304
9.61304
9.61304
9.61304
9.61304
9.61304
9.61304
9.61304
9.61304
9.61304
9.61304
9.61304
9.61304
9.61304
9.61304
9.61304
9.61304
9.61304
9.61304
9.61399
9.61399
9.61399
9.61399
9.61399
9.61399
9.61399
9.61399
9.61399
9.61399
9.61399
9.61399
9.61399
9.61399
9.61399
9.61399
9.61399
9.61399
9.61399
9.61399
9.61399
9.61399
9.61399
9.61399
9.61399
9.61399
9.61399
9.61399
9.61399
9.61399
9.61399
9.61399
9.61399
9.61399
9.61399
9.61399
9.61399
9.61494
9.61494
9.61494
9.61494
9.61494
9.61494
9.61494
9.61494
9.61494
9.61494
9.61494
9.61494
9.61494
9.61494
9.61494
9.61518
9.61518
9.6159
9.6159
9.6159
9.6159
9.6159
9.6159
9.6159
9.6159
9.6159
9.61614
9.61614
9.61614
9.61614
9.61614
9.61614
9.61685
9.61685
9.61685
9.61685
9.61685
9.61685
9.61685
9.61685
9.61709
9.61709
9.61709
9.61709
9.61709
9.61709
9.61709
9.61709
9.61709
9.61709
9.61709
9.61709
9.61709
9.61709
9.61709
9.61781
9.61781
9.61781
9.61781
9.61781
9.61804
9.61804
9.61804
9.61804
9.61804
9.61804
9.61804
9.61804
9.619
9.619
9.619
9.619
9.619
9.619
9.619
9.619
9.619
9.619
9.619
9.61995
9.61995
9.61995
9.61995
9.61995
9.61995
9.61995
9.61995
9.62019
9.62019
9.62019
9.6209
9.6209
9.6209
9.6209
9.6209
9.62114
9.62114
9.62114
9.62114
9.62186
9.62186
9.62186
9.62186
9.62186
9.62186
9.6221
9.6221
9.62281
9.62305
9.62305
9.62305
9.62305
9.62305
9.62305
9.62305
9.62305
9.62305
9.62305
9.62305
9.624
9.624
9.624
9.624
9.62496
9.62496
9.62496
9.62496
9.62496
9.62496
9.62496
9.6252
9.6252
9.62591
9.62591
9.62591
9.62591
9.62591
9.62615
9.62615
9.62687
9.62687
9.62687
9.6271
9.6271
9.6271
9.6271
9.62806
9.62806
9.62806
9.62806
9.62806
9.62901
9.62901
9.62901
9.62901
9.62996
9.62996
9.62996
9.62996
9.62996
9.63092
9.63092
9.63116
9.63116
9.63187
9.63187
9.63211
9.63211
9.63211
9.63283
9.63306
9.63306
9.63306
9.63306
9.63402
9.63402
9.63497
9.63497
9.63497
9.63497
9.63497
9.63593
9.63593
9.63616
9.63616
9.63688
9.63688
9.63688
9.63688
9.63688
9.63688
9.63688
9.63783
9.63783
9.63783
9.63783
9.63783
9.63783
9.63807
9.63807
9.63807
9.63807
9.63807
9.63807
9.63879
9.63879
9.63902
9.63902
9.63902
9.63902
9.63902
9.63902
9.63998
9.63998
9.63998
9.63998
9.63998
9.63998
9.63998
9.63998
9.63998
9.63998
9.63998
9.64093
9.64093
9.64093
9.64093
9.64117
9.64117
9.64117
9.64117
9.64117
9.64117
9.64189
9.64189
9.64189
9.64189
9.64189
9.64189
9.64189
9.64212
9.64212
9.64212
9.64212
9.64212
9.64212
9.64284
9.64284
9.64284
9.64284
9.64284
9.64308
9.64308
9.64308
9.64308
9.64308
9.64308
9.64308
9.64308
9.64308
9.64308
9.64379
9.64379
9.64403
9.64403
9.64403
9.64403
9.64403
9.64499
9.64499
9.64499
9.64499
9.64499
9.64499
9.64499
9.64499
9.64499
9.64499
9.64499
9.64499
9.64499
9.64499
9.64499
9.64499
9.64499
9.64499
9.64499
9.64499
9.64594
9.64594
9.64594
9.64594
9.64594
9.64594
9.64618
9.64618
9.64618
9.64618
9.64618
9.64689
9.64689
9.64689
9.64689
9.64689
9.64713
9.64785
9.64785
9.64785
9.64785
9.64785
9.64808
9.64808
9.64808
9.64808
9.64808
9.64808
9.6488
9.64904
9.64904
9.64904
9.64904
9.64904
9.64904
9.64999
9.64999
9.64999
9.65095
9.65095
9.65118
9.6519
9.6519
9.6519
9.65285
9.65405
9.655
9.65619
9.65786
9.6581
9.6581
9.65905
9.65905
9.66001
9.66001
9.66096
9.66096
9.66096
9.66096
9.66191
9.66191
9.66191
9.66191
9.66191
9.66191
9.66215
9.66215
9.66287
9.66287
9.66287
9.66311
9.66311
9.66406
9.66406
9.66406
9.66406
9.66406
9.66406
9.66406
9.66406
9.66501
9.66597
9.66597
9.66597
9.66597
9.66692
9.66692
9.66692
9.66692
9.66692
9.66692
9.66716
9.66716
9.66716
9.66716
9.66716
9.66787
9.66787
9.66787
9.66811
9.66811
9.66811
9.66811
9.66811
9.66811
9.66811
9.66811
9.66811
9.66811
9.66883
9.66883
9.66907
9.66907
9.66907
9.66907
9.66907
9.66907
9.67002
9.67002
9.67002
9.67002
9.67002
9.67002
9.67002
9.67002
9.67002
9.67002
9.67002
9.67097
9.67097
9.67097
9.67097
9.67097
9.67097
9.67097
9.67097
9.67121
9.67193
9.67193
9.67193
9.67193
9.67193
9.67193
9.67193
9.67193
9.67216
9.67216
9.67216
9.67216
9.67288
9.67288
9.67288
9.67288
9.67288
9.67312
9.67312
9.67312
9.67312
9.67312
9.67312
9.67312
9.67312
9.67383
9.67383
9.67383
9.67383
9.67383
9.67407
9.67407
9.67407
9.67407
9.67407
9.67407
9.67479
9.67479
9.67503
9.67503
9.67503
9.67503
9.67503
9.67503
9.67503
9.67503
9.67503
9.67598
9.67598
9.67598
9.67598
9.67598
9.67598
9.67598
9.67598
9.67598
9.67598
9.67598
9.67622
9.67693
9.67693
9.67693
9.67693
9.67693
9.67693
9.67693
9.67717
9.67717
9.67717
9.67789
9.67789
9.67789
9.67789
9.67789
9.67789
9.67789
9.67789
9.67813
9.67813
9.67813
9.67813
9.67813
9.67908
9.68003
9.68003
9.68003
9.68003
9.68003
9.68003
9.68099
9.68099
9.68099
9.68099
9.68099
9.68099
9.68099
9.68099
9.68099
9.68194
9.68194
9.68194
9.68194
9.68218
9.68289
9.68313
9.68313
9.68385
9.68385
9.68409
9.68409
9.68409
9.68409
9.68409
9.6848
9.68504
9.68504
9.68504
9.68504
9.68504
9.68599
9.68599
9.68599
9.68695
9.68695
9.68695
9.68695
9.68719
9.68719
9.68719
9.6879
9.6879
9.6879
9.6879
9.6879
9.6879
9.68814
9.68814
9.68814
9.68909
9.68909
9.68909
9.69005
9.69005
9.69005
9.69005
9.69005
9.691
9.691
9.691
9.69195
9.69195
9.69195
9.69195
9.69291
9.69291
9.69315
9.69315
9.69315
9.69386
9.69386
9.69386
9.6941
9.6941
9.6941
9.6941
9.6941
9.69481
9.69481
9.69481
9.69505
9.69505
9.69505
9.69577
9.69577
9.69601
9.69601
9.69601
9.69601
9.69601
9.69601
9.69601
9.69601
9.69601
9.69601
9.69601
9.69696
9.69696
9.69696
9.69696
9.69696
9.69696
9.69696
9.69696
9.69696
9.69696
9.69696
9.6972
9.69791
9.69791
9.69791
9.69791
9.69791
9.69791
9.69791
9.69815
9.69815
9.69815
9.69815
9.69815
9.69887
9.69887
9.69887
9.69887
9.69887
9.69887
9.69887
9.69887
9.69887
9.69887
9.69911
9.69911
9.69911
9.69911
9.69911
9.69911
9.69911
9.69911
9.69911
9.69911
9.69982
9.69982
9.69982
9.69982
9.69982
9.69982
9.69982
9.70006
9.70006
9.70006
9.70006
9.70006
9.70006
9.70006
9.70006
9.70006
9.70006
9.70006
9.70006
9.70006
9.70006
9.70006
9.70006
9.70006
9.70006
9.70006
9.70006
9.70006
9.70078
9.70101
9.70101
9.70101
9.70101
9.70101
9.70101
9.70101
9.70101
9.70101
9.70101
9.70101
9.70101
9.70101
9.70101
9.70101
9.70101
9.70101
9.70101
9.70101
9.70101
9.70101
9.70101
9.70101
9.70101
9.70101
9.70101
9.70101
9.70197
9.70197
9.70197
9.70197
9.70197
9.70197
9.70197
9.70197
9.70197
9.70197
9.70197
9.70197
9.70197
9.70197
9.70197
9.70197
9.70197
9.70197
9.70197
9.70197
9.70197
9.70197
9.70197
9.70197
9.70197
9.70197
9.70221
9.70221
9.70221
9.70292
9.70292
9.70292
9.70292
9.70292
9.70292
9.70292
9.70292
9.70292
9.70292
9.70292
9.70292
9.70292
9.70292
9.70292
9.70292
9.70316
9.70316
9.70316
9.70316
9.70316
9.70316
9.70316
9.70316
9.70316
9.70316
9.70387
9.70387
9.70387
9.70387
9.70387
9.70387
9.70387
9.70387
9.70387
9.70387
9.70387
9.70387
9.70387
9.70387
9.70387
9.70387
9.70411
9.70411
9.70411
9.70411
9.70411
9.70411
9.70411
9.70411
9.70411
9.70411
9.70411
9.70411
9.70411
9.70411
9.70411
9.70483
9.70483
9.70483
9.70483
9.70483
9.70483
9.70483
9.70483
9.70483
9.70483
9.70483
9.70483
9.70483
9.70507
9.70507
9.70507
9.70507
9.70507
9.70507
9.70507
9.70507
9.70507
9.70507
9.70507
9.70507
9.70507
9.70507
9.70507
9.70507
9.70507
9.70507
9.70507
9.70507
9.70507
9.70507
9.70507
9.70507
9.70507
9.70507
9.70507
9.70507
9.70507
9.70507
9.70507
9.70507
9.70507
9.70507
9.70507
9.70507
9.70507
9.70507
9.70507
9.70507
9.70507
9.70507
9.70507
9.70507
9.70578
9.70578
9.70578
9.70602
9.70602
9.70602
9.70602
9.70602
9.70602
9.70602
9.70602
9.70602
9.70602
9.70602
9.70602
9.70602
9.70602
9.70602
9.70602
9.70602
9.70602
9.70602
9.70602
9.70602
9.70602
9.70602
9.70602
9.70602
9.70602
9.70602
9.70602
9.70602
9.70602
9.70602
9.70602
9.70602
9.70602
9.70602
9.70602
9.70602
9.70602
9.70602
9.70602
9.70602
9.70602
9.70602
9.70602
9.70602
9.70602
9.70602
9.70697
9.70697
9.70697
9.70697
9.70697
9.70697
9.70697
9.70697
9.70697
9.70697
9.70697
9.70697
9.70697
9.70697
9.70697
9.70697
9.70697
9.70697
9.70697
9.70697
9.70697
9.70697
9.70697
9.70697
9.70697
9.70697
9.70697
9.70697
9.70697
9.70697
9.70697
9.70697
9.70697
9.70697
9.70697
9.70697
9.70697
9.70697
9.70697
9.70697
9.70697
9.70697
9.70697
9.70697
9.70697
9.70697
9.70697
9.70697
9.70697
9.70697
9.70697
9.70697
9.70697
9.70697
9.70697
9.70697
9.70697
9.70697
9.70721
9.70721
9.70721
9.70721
9.70721
9.70721
9.70721
9.70721
9.70721
9.70721
9.70721
9.70793
9.70793
9.70793
9.70793
9.70793
9.70793
9.70793
9.70793
9.70793
9.70793
9.70793
9.70793
9.70793
9.70793
9.70793
9.70793
9.70793
9.70793
9.70793
9.70793
9.70793
9.70793
9.70793
9.70793
9.70793
9.70793
9.70793
9.70793
9.70793
9.70793
9.70793
9.70793
9.70793
9.70793
9.70793
9.70817
9.70817
9.70817
9.70817
9.70817
9.70817
9.70817
9.70817
9.70817
9.70817
9.70817
9.70817
9.70817
9.70817
9.70817
9.70817
9.70817
9.70817
9.70817
9.70817
9.70817
9.70817
9.70817
9.70817
9.70888
9.70888
9.70888
9.70888
9.70888
9.70888
9.70888
9.70888
9.70888
9.70888
9.70888
9.70888
9.70888
9.70888
9.70888
9.70888
9.70888
9.70888
9.70888
9.70888
9.70888
9.70888
9.70888
9.70888
9.70888
9.70888
9.70888
9.70888
9.70888
9.70888
9.70912
9.70912
9.70912
9.70912
9.70912
9.70912
9.70912
9.70912
9.70912
9.70912
9.70912
9.70912
9.70912
9.70912
9.70912
9.70912
9.70912
9.70912
9.70912
9.70912
9.70912
9.70912
9.70912
9.70912
9.70912
9.70912
9.70912
9.70912
9.70912
9.70912
9.70912
9.70912
9.70912
9.70912
9.70912
9.70912
9.70912
9.70912
9.70912
9.70912
9.70984
9.70984
9.70984
9.70984
9.70984
9.70984
9.70984
9.70984
9.70984
9.70984
9.70984
9.70984
9.70984
9.70984
9.70984
9.71007
9.71007
9.71007
9.71007
9.71007
9.71007
9.71007
9.71007
9.71007
9.71007
9.71007
9.71007
9.71007
9.71007
9.71007
9.71007
9.71007
9.71007
9.71007
9.71007
9.71007
9.71007
9.71007
9.71007
9.71007
9.71007
9.71007
9.71007
9.71007
9.71007
9.71007
9.71007
9.71007
9.71007
9.71007
9.71007
9.71007
9.71007
9.71007
9.71007
9.71007
9.71007
9.71007
9.71007
9.71079
9.71079
9.71079
9.71079
9.71103
9.71103
9.71103
9.71103
9.71103
9.71103
9.71103
9.71103
9.71103
9.71103
9.71103
9.71103
9.71103
9.71103
9.71103
9.71103
9.71103
9.71103
9.71103
9.71103
9.71103
9.71103
9.71103
9.71103
9.71103
9.71103
9.71103
9.71103
9.71103
9.71103
9.71103
9.71103
9.71103
9.71103
9.71103
9.71103
9.71103
9.71103
9.71103
9.71198
9.71198
9.71198
9.71198
9.71198
9.71198
9.71198
9.71198
9.71198
9.71198
9.71198
9.71198
9.71198
9.71198
9.71198
9.71198
9.71198
9.71198
9.71198
9.71198
9.71198
9.71198
9.71198
9.71198
9.71198
9.71198
9.71198
9.71198
9.71198
9.71198
9.71198
9.71198
9.71198
9.71198
9.71198
9.71198
9.71198
9.71198
9.71198
9.71198
9.71222
9.71222
9.71293
9.71293
9.71293
9.71293
9.71293
9.71293
9.71293
9.71293
9.71293
9.71293
9.71293
9.71293
9.71293
9.71293
9.71293
9.71293
9.71293
9.71293
9.71293
9.71293
9.71293
9.71293
9.71293
9.71293
9.71293
9.71293
9.71293
9.71293
9.71293
9.71317
9.71317
9.71317
9.71317
9.71317
9.71317
9.71389
9.71389
9.71389
9.71389
9.71389
9.71389
9.71389
9.71389
9.71389
9.71389
9.71389
9.71389
9.71389
9.71389
9.71389
9.71413
9.71413
9.71413
9.71413
9.71413
9.71413
9.71413
9.71413
9.71413
9.71413
9.71413
9.71413
9.71413
9.71413
9.71484
9.71484
9.71484
9.71484
9.71484
9.71484
9.71484
9.71484
9.71508
9.71508
9.71508
9.71508
9.71508
9.71508
9.71508
9.71508
9.71508
9.71508
9.71508
9.71508
9.71508
9.71508
9.7158
9.7158
9.7158
9.7158
9.7158
9.7158
9.7158
9.71603
9.71603
9.71603
9.71603
9.71603
9.71603
9.71603
9.71603
9.71603
9.71603
9.71603
9.71603
9.71603
9.71603
9.71603
9.71603
9.71603
9.71603
9.71699
9.71699
9.71699
9.71699
9.71699
9.71699
9.71699
9.71699
9.71699
9.71699
9.71699
9.71699
9.71699
9.71699
9.71699
9.71699
9.71699
9.71699
9.71699
9.71699
9.71794
9.71794
9.71794
9.71794
9.71794
9.71794
9.71794
9.71794
9.71794
9.71794
9.71794
9.71794
9.71794
9.71818
9.71818
9.71818
9.71818
9.71818
9.71889
9.71889
9.71889
9.71889
9.71889
9.71889
9.71889
9.71889
9.71889
9.71913
9.71913
9.71913
9.71913
9.71913
9.71985
9.71985
9.71985
9.72009
9.72009
9.72009
9.72009
9.72009
9.72009
9.7208
9.7208
9.72104
9.72104
9.72104
9.72104
9.72104
9.72104
9.72104
9.72104
9.72104
9.72104
9.72104
9.72104
9.72199
9.72199
9.72199
9.72199
9.72199
9.72199
9.72223
9.72295
9.72295
9.72295
9.72295
9.72295
9.72295
9.7239
9.7239
9.72414
9.72414
9.72414
9.72414
9.72486
9.72486
9.72509
9.72509
9.72509
9.72581
9.72605
9.72605
9.727
9.727
9.727
9.727
9.727
9.727
9.727
9.727
9.727
9.72795
9.72819
9.72819
9.72819
9.72915
9.72915
9.72915
9.7301
9.7301
9.7301
9.7301
9.73105
9.73105
9.73105
9.73201
9.73201
9.73201
9.73201
9.73201
9.73296
9.7332
9.73392
9.73392
9.73392
9.73487
9.73487
9.73511
9.73511
9.73582
9.73606
9.73606
9.73606
9.73606
9.73606
9.73678
9.73701
9.73701
9.73701
9.73701
9.73701
9.73701
9.73797
9.73797
9.73797
9.73797
9.73797
9.73797
9.73797
9.73797
9.73797
9.73797
9.73892
9.73892
9.73892
9.73892
9.73892
9.73892
9.73916
9.73916
9.73988
9.73988
9.73988
9.73988
9.74011
9.74011
9.74011
9.74011
9.74011
9.74011
9.74083
9.74083
9.74083
9.74083
9.74083
9.74083
9.74107
9.74107
9.74107
9.74107
9.74107
9.74107
9.74107
9.74202
9.74202
9.74202
9.74202
9.74202
9.74202
9.74202
9.74202
9.74202
9.74202
9.74298
9.74298
9.74298
9.74298
9.74298
9.74298
9.74298
9.74298
9.74298
9.74321
9.74321
9.74321
9.74321
9.74393
9.74393
9.74393
9.74393
9.74393
9.74393
9.74393
9.74393
9.74393
9.74417
9.74417
9.74417
9.74417
9.74417
9.74417
9.74488
9.74488
9.74488
9.74488
9.74488
9.74512
9.74512
9.74512
9.74512
9.74512
9.74512
9.74512
9.74584
9.74584
9.74607
9.74607
9.74607
9.74607
9.74607
9.74607
9.74607
9.74607
9.74607
9.74703
9.74703
9.74703
9.74703
9.74703
9.74703
9.74703
9.74703
9.74703
9.74703
9.74798
9.74798
9.74798
9.74798
9.74798
9.74798
9.74798
9.74798
9.74894
9.74894
9.74894
9.74894
9.74894
9.74917
9.74917
9.74989
9.74989
9.74989
9.74989
9.74989
9.74989
9.74989
9.74989
9.75013
9.75013
9.75084
9.75108
9.75108
9.7518
9.75204
9.75204
9.75204
9.75299
9.75299
9.75299
9.75299
9.75323
9.75394
9.75394
9.75513
9.75513
9.75513
9.75585
9.75585
9.75704
9.75704
9.75704
9.758
9.75895
9.76086
9.7611
9.7611
9.763
9.76396
9.76396
9.76396
9.76396
9.76419
9.76491
9.76491
9.76491
9.76491
9.76491
9.76515
9.76586
9.76586
9.76586
9.76586
9.76586
9.76586
9.76586
9.7661
9.7661
9.76682
9.76682
9.76682
9.76682
9.76706
9.76706
9.76706
9.76801
9.76801
9.76801
9.76801
9.76801
9.76801
9.76896
9.76896
9.76896
9.76896
9.76896
9.76896
9.76896
9.76896
9.76896
9.76896
9.76896
9.7692
9.7692
9.76992
9.76992
9.76992
9.76992
9.77015
9.77015
9.77015
9.77015
9.77015
9.77015
9.77087
9.77087
9.77087
9.77111
9.77111
9.77111
9.77111
9.77111
9.77111
9.77111
9.77111
9.77111
9.77111
9.77182
9.77182
9.77206
9.77206
9.77206
9.77206
9.77206
9.77206
9.77206
9.77206
9.77206
9.77206
9.77206
9.77206
9.77206
9.77278
9.77302
9.77302
9.77302
9.77302
9.77302
9.77302
9.77302
9.77302
9.77302
9.77302
9.77302
9.77302
9.77302
9.77302
9.77302
9.77302
9.77302
9.77302
9.77302
9.77302
9.77302
9.77302
9.77397
9.77397
9.77397
9.77397
9.77397
9.77397
9.77397
9.77397
9.77397
9.77397
9.77421
9.77492
9.77492
9.77492
9.77492
9.77492
9.77492
9.77492
9.77492
9.77492
9.77492
9.77516
9.77516
9.77588
9.77588
9.77588
9.77588
9.77612
9.77612
9.77612
9.77612
9.77612
9.77612
9.77683
9.77683
9.77683
9.77683
9.77707
9.77707
9.77707
9.77707
9.77707
9.77707
9.77707
9.77707
9.77707
9.77707
9.77707
9.77707
9.77707
9.77802
9.77802
9.77802
9.77802
9.77802
9.77898
9.77898
9.77898
9.77898
9.77898
9.77898
9.77898
9.77898
9.77993
9.77993
9.77993
9.78017
9.78017
9.78017
9.78088
9.78088
9.78088
9.78088
9.78112
9.78184
9.78184
9.78184
9.78208
9.78208
9.78208
9.78208
9.78208
9.78279
9.78279
9.78303
9.78303
9.78303
9.78303
9.78398
9.78398
9.78398
9.78398
9.78422
9.78422
9.78494
9.78494
9.78518
9.78518
9.78589
9.78589
9.78589
9.78613
9.78613
9.78684
9.78708
9.78708
9.78804
9.78804
9.78804
9.78804
9.78804
9.78804
9.78899
9.78899
9.78994
9.79018
9.79018
9.79018
9.79018
9.79018
9.7909
9.7909
9.7909
9.7909
9.79114
9.79114
9.79114
9.79185
9.79185
9.79185
9.79209
9.79209
9.79209
9.79209
9.79304
9.79304
9.794
9.794
9.794
9.794
9.794
9.794
9.794
9.79495
9.79495
9.79495
9.79495
9.79495
9.79495
9.79495
9.79495
9.79519
9.7959
9.7959
9.7959
9.7959
9.7959
9.7959
9.79614
9.79614
9.79614
9.79686
9.79686
9.79686
9.79686
9.7971
9.7971
9.7971
9.7971
9.7971
9.7971
9.7971
9.7971
9.7971
9.7971
9.7971
9.79781
9.79781
9.79781
9.79805
9.79805
9.79805
9.79805
9.79805
9.799
9.799
9.799
9.799
9.799
9.799
9.799
9.799
9.799
9.799
9.799
9.799
9.799
9.799
9.799
9.799
9.79996
9.79996
9.79996
9.79996
9.79996
9.79996
9.79996
9.79996
9.79996
9.79996
9.79996
9.79996
9.8002
9.80091
9.80091
9.80091
9.80091
9.80091
9.80091
9.80091
9.80091
9.80091
9.80091
9.80091
9.80115
9.80115
9.80115
9.80115
9.80115
9.80115
9.80115
9.80115
9.80186
9.80186
9.80186
9.80186
9.80186
9.80186
9.80186
9.80186
9.80186
9.80186
9.80186
9.80186
9.80186
9.8021
9.8021
9.8021
9.8021
9.8021
9.8021
9.8021
9.8021
9.80282
9.80282
9.80282
9.80282
9.80282
9.80282
9.80282
9.80282
9.80282
9.80306
9.80306
9.80306
9.80306
9.80306
9.80306
9.80306
9.80306
9.80306
9.80306
9.80306
9.80306
9.80306
9.80306
9.80306
9.80306
9.80306
9.80306
9.80306
9.80306
9.80306
9.80306
9.80306
9.80306
9.80306
9.80306
9.80306
9.80377
9.80377
9.80401
9.80401
9.80401
9.80401
9.80401
9.80401
9.80401
9.80401
9.80401
9.80401
9.80401
9.80401
9.80401
9.80401
9.80401
9.80401
9.80401
9.80401
9.80401
9.80401
9.80401
9.80401
9.80401
9.80401
9.80401
9.80401
9.80401
9.80401
9.80401
9.80401
9.80401
9.80401
9.80401
9.80401
9.80401
9.80401
9.80401
9.80401
9.80401
9.80401
9.80401
9.80401
9.80401
9.80496
9.80496
9.80496
9.80496
9.80496
9.80496
9.80496
9.80496
9.80496
9.80496
9.80496
9.80496
9.80496
9.80496
9.80496
9.80496
9.80496
9.80496
9.80496
9.80496
9.80496
9.80496
9.80496
9.80496
9.80496
9.80496
9.80496
9.80496
9.80496
9.80496
9.80496
9.80496
9.80496
9.80496
9.80496
9.80496
9.80496
9.80496
9.80496
9.80496
9.80496
9.8052
9.8052
9.8052
9.8052
9.8052
9.8052
9.8052
9.8052
9.8052
9.8052
9.80592
9.80592
9.80592
9.80592
9.80592
9.80592
9.80592
9.80592
9.80592
9.80592
9.80592
9.80592
9.80592
9.80592
9.80592
9.80592
9.80592
9.80592
9.80592
9.80592
9.80592
9.80592
9.80592
9.80592
9.80592
9.80592
9.80592
9.80592
9.80592
9.80592
9.80592
9.80592
9.80592
9.80592
9.80592
9.80592
9.80592
9.80592
9.80592
9.80592
9.80592
9.80592
9.80592
9.80592
9.80592
9.80592
9.80592
9.80592
9.80592
9.80592
9.80616
9.80616
9.80616
9.80616
9.80616
9.80616
9.80616
9.80616
9.80616
9.80616
9.80616
9.80616
9.80616
9.80616
9.80616
9.80616
9.80616
9.80616
9.80616
9.80687
9.80687
9.80687
9.80687
9.80687
9.80687
9.80687
9.80687
9.80687
9.80687
9.80687
9.80687
9.80687
9.80687
9.80687
9.80687
9.80687
9.80687
9.80687
9.80687
9.80687
9.80687
9.80687
9.80687
9.80687
9.80687
9.80687
9.80687
9.80687
9.80687
9.80687
9.80687
9.80687
9.80687
9.80711
9.80711
9.80711
9.80711
9.80711
9.80711
9.80711
9.80711
9.80711
9.80711
9.80711
9.80711
9.80711
9.80711
9.80711
9.80711
9.80711
9.80711
9.80711
9.80711
9.80711
9.80711
9.80711
9.80711
9.80711
9.80711
9.80711
9.80711
9.80711
9.80711
9.80711
9.80711
9.80711
9.80711
9.80711
9.80711
9.80711
9.80711
9.80711
9.80711
9.80711
9.80711
9.80711
9.80711
9.80711
9.80711
9.80783
9.80783
9.80783
9.80783
9.80783
9.80783
9.80783
9.80783
9.80783
9.80783
9.80783
9.80783
9.80783
9.80783
9.80783
9.80783
9.80783
9.80783
9.80783
9.80783
9.80783
9.80806
9.80806
9.80806
9.80806
9.80806
9.80806
9.80806
9.80806
9.80806
9.80806
9.80806
9.80806
9.80806
9.80806
9.80806
9.80806
9.80806
9.80806
9.80806
9.80806
9.80806
9.80806
9.80806
9.80806
9.80806
9.80806
9.80806
9.80806
9.80806
9.80806
9.80806
9.80806
9.80806
9.80806
9.80806
9.80806
9.80806
9.80806
9.80806
9.80806
9.80806
9.80806
9.80806
9.80806
9.80806
9.80806
9.80806
9.80806
9.80806
9.80806
9.80806
9.80806
9.80806
9.80806
9.80806
9.80806
9.80806
9.80806
9.80806
9.80878
9.80878
9.80878
9.80878
9.80878
9.80878
9.80902
9.80902
9.80902
9.80902
9.80902
9.80902
9.80902
9.80902
9.80902
9.80902
9.80902
9.80902
9.80902
9.80902
9.80902
9.80902
9.80902
9.80902
9.80902
9.80902
9.80902
9.80902
9.80902
9.80902
9.80902
9.80902
9.80902
9.80902
9.80902
9.80902
9.80902
9.80902
9.80902
9.80902
9.80902
9.80902
9.80902
9.80902
9.80902
9.80902
9.80902
9.80902
9.80902
9.80902
9.80902
9.80902
9.80902
9.80902
9.80902
9.80902
9.80902
9.80902
9.80902
9.80902
9.80902
9.80902
9.80902
9.80902
9.80902
9.80902
9.80902
9.80902
9.80902
9.80902
9.80902
9.80902
9.80902
9.80902
9.80902
9.80902
9.80902
9.80902
9.80997
9.80997
9.80997
9.80997
9.80997
9.80997
9.80997
9.80997
9.80997
9.80997
9.80997
9.80997
9.80997
9.80997
9.80997
9.80997
9.80997
9.80997
9.80997
9.80997
9.80997
9.80997
9.80997
9.80997
9.80997
9.80997
9.80997
9.80997
9.80997
9.80997
9.80997
9.80997
9.80997
9.80997
9.80997
9.80997
9.80997
9.80997
9.80997
9.80997
9.80997
9.80997
9.80997
9.80997
9.80997
9.80997
9.80997
9.80997
9.80997
9.81021
9.81021
9.81021
9.81021
9.81021
9.81021
9.81092
9.81092
9.81092
9.81092
9.81092
9.81092
9.81092
9.81092
9.81092
9.81092
9.81092
9.81092
9.81092
9.81092
9.81092
9.81092
9.81092
9.81092
9.81092
9.81092
9.81092
9.81092
9.81092
9.81092
9.81092
9.81092
9.81092
9.81092
9.81092
9.81092
9.81092
9.81092
9.81092
9.81092
9.81092
9.81092
9.81092
9.81092
9.81116
9.81116
9.81116
9.81116
9.81116
9.81116
9.81116
9.81116
9.81116
9.81116
9.81116
9.81116
9.81116
9.81116
9.81188
9.81188
9.81188
9.81188
9.81188
9.81188
9.81188
9.81188
9.81188
9.81188
9.81188
9.81188
9.81188
9.81188
9.81188
9.81188
9.81188
9.81188
9.81188
9.81188
9.81188
9.81188
9.81212
9.81212
9.81212
9.81212
9.81212
9.81212
9.81212
9.81212
9.81212
9.81212
9.81212
9.81212
9.81212
9.81212
9.81212
9.81212
9.81212
9.81212
9.81283
9.81283
9.81283
9.81283
9.81283
9.81283
9.81283
9.81283
9.81283
9.81283
9.81307
9.81307
9.81307
9.81307
9.81307
9.81307
9.81307
9.81307
9.81307
9.81307
9.81307
9.81307
9.81307
9.81307
9.81307
9.81307
9.81307
9.81307
9.81307
9.81307
9.81307
9.81307
9.81307
9.81307
9.81307
9.81307
9.81307
9.81307
9.81307
9.81307
9.81307
9.81379
9.81379
9.81379
9.81402
9.81402
9.81402
9.81402
9.81402
9.81402
9.81402
9.81402
9.81402
9.81402
9.81402
9.81402
9.81402
9.81402
9.81402
9.81402
9.81402
9.81402
9.81498
9.81498
9.81498
9.81498
9.81498
9.81498
9.81498
9.81498
9.81498
9.81498
9.81498
9.81498
9.81498
9.81498
9.81498
9.81498
9.81498
9.81498
9.81498
9.81498
9.81498
9.81522
9.81593
9.81593
9.81593
9.81593
9.81593
9.81593
9.81593
9.81593
9.81593
9.81593
9.81593
9.81593
9.81617
9.81617
9.81617
9.81617
9.81617
9.81688
9.81688
9.81688
9.81688
9.81688
9.81688
9.81688
9.81688
9.81688
9.81688
9.81712
9.81712
9.81712
9.81712
9.81712
9.81712
9.81712
9.81712
9.81712
9.81712
9.81784
9.81784
9.81784
9.81784
9.81784
9.81808
9.81808
9.81808
9.81808
9.81808
9.81808
9.81808
9.81808
9.81808
9.81808
9.81808
9.81879
9.81903
9.81903
9.81903
9.81903
9.81903
9.81903
9.81903
9.81903
9.81903
9.81903
9.81903
9.81903
9.81903
9.81998
9.81998
9.81998
9.81998
9.81998
9.81998
9.81998
9.81998
9.81998
9.81998
9.81998
9.81998
9.82094
9.82094
9.82094
9.82094
9.82189
9.82189
9.82189
9.82213
9.82213
9.82213
9.82213
9.82213
9.82285
9.82285
9.82285
9.82308
9.82308
9.8238
9.82404
9.82404
9.82499
9.82499
9.82499
9.82499
9.82499
9.82499
9.82594
9.82594
9.82594
9.82594
9.8269
9.8269
9.82714
9.82714
9.82785
9.82809
9.82809
9.82881
9.82904
9.82904
9.82904
9.82904
9.82904
9.83
9.83
9.83
9.83
9.83
9.83
9.83
9.83095
9.83095
9.83095
9.83095
9.83119
9.83191
9.83191
9.83191
9.83191
9.83214
9.83214
9.83214
9.83286
9.83286
9.8331
9.8331
9.8331
9.83381
9.83381
9.83381
9.83405
9.83405
9.835
9.835
9.835
9.835
9.835
9.835
9.835
9.83596
9.83596
9.83596
9.83596
9.83596
9.8362
9.83691
9.83691
9.83691
9.83715
9.83715
9.8381
9.8381
9.83882
9.83906
9.83906
9.83906
9.83906
9.83906
9.83906
9.83906
9.83906
9.83906
9.84001
9.84001
9.84001
9.84001
9.84001
9.84001
9.84001
9.84001
9.84001
9.84001
9.84001
9.84001
9.84097
9.84097
9.84097
9.84097
9.84097
9.84097
9.84097
9.84097
9.84097
9.84097
9.84097
9.84097
9.84097
9.84097
9.84097
9.8412
9.8412
9.8412
9.8412
9.84192
9.84192
9.84192
9.84192
9.84192
9.84192
9.84192
9.84216
9.84216
9.84216
9.84287
9.84287
9.84311
9.84311
9.84311
9.84311
9.84383
9.84383
9.84383
9.84406
9.84406
9.84406
9.84406
9.84406
9.84406
9.84406
9.84502
9.84502
9.84502
9.84502
9.84502
9.84502
9.84502
9.84502
9.84502
9.84502
9.84502
9.84502
9.84597
9.84597
9.84597
9.84597
9.84597
9.84597
9.84597
9.84693
9.84693
9.84693
9.84716
9.84788
9.84788
9.84788
9.84788
9.84788
9.84788
9.84788
9.84812
9.84883
9.84907
9.84907
9.84907
9.84907
9.84907
9.84907
9.84907
9.84907
9.84907
9.85003
9.85003
9.85098
9.85098
9.85098
9.85098
9.85098
9.85193
9.85193
9.85193
9.85193
9.85193
9.85289
9.85289
9.85312
9.85312
9.85312
9.85384
9.85408
9.85479
9.85503
9.85503
9.85503
9.85503
9.85503
9.85599
9.85599
9.85599
9.85599
9.85599
9.85694
9.85694
9.85789
9.85789
9.85813
9.85885
9.85885
9.85885
9.85885
9.85885
9.85909
9.8598
9.86004
9.86099
9.86099
9.86314
9.86314
9.86385
9.86385
9.86409
9.86409
9.86505
9.86505
9.86505
9.86505
9.86505
9.86505
9.86505
9.86505
9.86505
9.86505
9.86505
9.86505
9.866
9.866
9.866
9.866
9.866
9.866
9.866
9.866
9.86695
9.86695
9.86695
9.86695
9.86695
9.86791
9.86791
9.86791
9.86791
9.86814
9.86814
9.86886
9.86886
9.86886
9.8691
9.86981
9.86981
9.87005
9.87005
9.87005
9.87005
9.87005
9.87005
9.87005
9.87005
9.87101
9.87101
9.87101
9.87101
9.87101
9.87101
9.87101
9.87196
9.87196
9.87196
9.87196
9.87196
9.87196
9.87196
9.87196
9.87291
9.87291
9.87291
9.87291
9.87315
9.87315
9.87315
9.87387
9.87387
9.87387
9.87387
9.87411
9.87411
9.87411
9.87411
9.87411
9.87411
9.87411
9.87482
9.87482
9.87482
9.87482
9.87506
9.87506
9.87506
9.87506
9.87506
9.87506
9.87506
9.87506
9.87506
9.87577
9.87577
9.87601
9.87601
9.87601
9.87601
9.87601
9.87601
9.87601
9.87601
9.87601
9.87601
9.87697
9.87697
9.87697
9.87697
9.87697
9.87697
9.87697
9.87697
9.87697
9.87697
9.8772
9.8772
9.87792
9.87816
9.87816
9.87887
9.87887
9.87887
9.87887
9.87887
9.87887
9.87911
9.87911
9.87911
9.87911
9.87983
9.88007
9.88007
9.88007
9.88007
9.88007
9.88007
9.88007
9.88102
9.88102
9.88102
9.88102
9.88102
9.88197
9.88197
9.88197
9.88197
9.88197
9.88197
9.88221
9.88293
9.88293
9.88293
9.88293
9.88317
9.88317
9.88388
9.88388
9.88412
9.88412
9.88412
9.88412
9.88483
9.88483
9.88507
9.88507
9.88507
9.88507
9.88579
9.88603
9.88603
9.88603
9.88698
9.88698
9.88793
9.88793
9.88817
9.88817
9.88889
9.88889
9.88889
9.88913
9.88984
9.88984
9.89008
9.89008
9.89008
9.89008
9.89103
9.89103
9.89103
9.89199
9.89199
9.89199
9.89199
9.89294
9.89294
9.89294
9.89294
9.89318
9.89318
9.89389
9.89389
9.89389
9.89413
9.89413
9.89413
9.89413
9.89413
9.89485
9.89485
9.89509
9.89509
9.89509
9.8958
9.89604
9.89604
9.89604
9.89604
9.89604
9.89604
9.89699
9.89699
9.89699
9.89699
9.89699
9.89699
9.89699
9.89699
9.89699
9.89699
9.89699
9.89795
9.89795
9.89795
9.89795
9.89795
9.89795
9.89795
9.89819
9.8989
9.8989
9.8989
9.8989
9.8989
9.8989
9.8989
9.8989
9.8989
9.8989
9.8989
9.8989
9.8989
9.8989
9.8989
9.89914
9.89914
9.89914
9.89914
9.89914
9.89914
9.89985
9.89985
9.89985
9.89985
9.90009
9.90009
9.90009
9.90009
9.90009
9.90009
9.90009
9.90009
9.90009
9.90009
9.90009
9.90009
9.90009
9.90105
9.90105
9.90105
9.90105
9.90105
9.90105
9.90105
9.902
9.902
9.902
9.902
9.902
9.902
9.902
9.902
9.902
9.902
9.902
9.902
9.902
9.902
9.902
9.902
9.902
9.902
9.902
9.902
9.902
9.902
9.902
9.902
9.902
9.902
9.902
9.902
9.902
9.902
9.902
9.902
9.902
9.902
9.902
9.902
9.902
9.902
9.902
9.902
9.902
9.902
9.902
9.902
9.902
9.902
9.902
9.90295
9.90295
9.90295
9.90295
9.90295
9.90295
9.90295
9.90295
9.90295
9.90295
9.90295
9.90295
9.90295
9.90295
9.90295
9.90295
9.90295
9.90295
9.90295
9.90295
9.90295
9.90295
9.90319
9.90319
9.90319
9.90319
9.90319
9.90391
9.90391
9.90391
9.90391
9.90391
9.90391
9.90391
9.90391
9.90391
9.90391
9.90391
9.90391
9.90391
9.90391
9.90391
9.90391
9.90391
9.90391
9.90391
9.90391
9.90391
9.90391
9.90391
9.90391
9.90391
9.90391
9.90391
9.90391
9.90391
9.90391
9.90415
9.90415
9.90415
9.90415
9.90415
9.90415
9.90415
9.90415
9.90415
9.90415
9.90486
9.90486
9.90486
9.90486
9.90486
9.90486
9.90486
9.90486
9.90486
9.90486
9.90486
9.90486
9.90486
9.90486
9.90486
9.90486
9.90486
9.9051
9.9051
9.9051
9.9051
9.9051
9.9051
9.9051
9.9051
9.9051
9.9051
9.9051
9.9051
9.9051
9.9051
9.9051
9.9051
9.9051
9.9051
9.9051
9.9051
9.9051
9.9051
9.9051
9.9051
9.9051
9.9051
9.9051
9.9051
9.9051
9.9051
9.9051
9.9051
9.9051
9.90582
9.90582
9.90582
9.90582
9.90582
9.90582
9.90582
9.90582
9.90582
9.90582
9.90582
9.90582
9.90582
9.90582
9.90605
9.90605
9.90605
9.90605
9.90605
9.90605
9.90605
9.90605
9.90605
9.90605
9.90605
9.90605
9.90605
9.90605
9.90605
9.90605
9.90605
9.90605
9.90605
9.90605
9.90605
9.90605
9.90605
9.90605
9.90605
9.90605
9.90605
9.90605
9.90605
9.90605
9.90605
9.90605
9.90605
9.90605
9.90605
9.90605
9.90605
9.90605
9.90605
9.90605
9.90605
9.90605
9.90605
9.90605
9.90605
9.90605
9.90605
9.90605
9.90605
9.90605
9.90605
9.90605
9.90605
9.90605
9.90605
9.90605
9.90605
9.90605
9.90605
9.90605
9.90605
9.90605
9.90605
9.90605
9.90605
9.90605
9.90605
9.90605
9.90605
9.90605
9.90605
9.90605
9.90605
9.90605
9.90677
9.90701
9.90701
9.90701
9.90701
9.90701
9.90701
9.90701
9.90701
9.90701
9.90701
9.90701
9.90701
9.90701
9.90701
9.90701
9.90701
9.90701
9.90701
9.90701
9.90701
9.90701
9.90701
9.90701
9.90701
9.90701
9.90701
9.90701
9.90701
9.90701
9.90701
9.90701
9.90701
9.90701
9.90701
9.90701
9.90701
9.90701
9.90701
9.90701
9.90701
9.90701
9.90701
9.90701
9.90701
9.90701
9.90701
9.90701
9.90701
9.90701
9.90701
9.90701
9.90701
9.90701
9.90701
9.90701
9.90701
9.90701
9.90701
9.90701
9.90701
9.90701
9.90701
9.90701
9.90701
9.90701
9.90701
9.90701
9.90701
9.90701
9.90701
9.90701
9.90701
9.90701
9.90701
9.90701
9.90701
9.90701
9.90701
9.90701
9.90701
9.90796
9.90796
9.90796
9.90796
9.90796
9.90796
9.90796
9.90796
9.90796
9.90796
9.90796
9.90796
9.90796
9.90796
9.90796
9.90796
9.90796
9.90796
9.90796
9.90796
9.90796
9.90796
9.90796
9.90796
9.90796
9.90796
9.90796
9.90796
9.90796
9.90796
9.90796
9.90796
9.90796
9.90796
9.90796
9.90796
9.90796
9.90796
9.90796
9.90796
9.90796
9.90796
9.90796
9.90796
9.90796
9.90796
9.90796
9.90796
9.90796
9.90796
9.90796
9.90796
9.90796
9.90796
9.90796
9.90796
9.90796
9.90796
9.90796
9.90796
9.90796
9.90796
9.90796
9.90796
9.90796
9.90796
9.90796
9.90796
9.90796
9.90796
9.90796
9.90796
9.90796
9.90796
9.90796
9.90796
9.90796
9.90796
9.90796
9.90796
9.90796
9.90796
9.90796
9.90796
9.9082
9.9082
9.9082
9.9082
9.9082
9.9082
9.9082
9.9082
9.9082
9.9082
9.9082
9.9082
9.9082
9.9082
9.9082
9.9082
9.90891
9.90891
9.90891
9.90891
9.90891
9.90891
9.90891
9.90891
9.90891
9.90891
9.90891
9.90891
9.90891
9.90891
9.90891
9.90891
9.90891
9.90891
9.90891
9.90891
9.90891
9.90891
9.90891
9.90891
9.90891
9.90891
9.90891
9.90891
9.90891
9.90891
9.90891
9.90891
9.90891
9.90891
9.90891
9.90891
9.90891
9.90891
9.90891
9.90891
9.90891
9.90891
9.90915
9.90915
9.90915
9.90915
9.90915
9.90915
9.90915
9.90915
9.90915
9.90915
9.90915
9.90915
9.90915
9.90915
9.90915
9.90915
9.90915
9.90915
9.90915
9.90915
9.90915
9.90915
9.90915
9.90915
9.90915
9.90915
9.90915
9.90915
9.90987
9.90987
9.90987
9.90987
9.90987
9.90987
9.90987
9.90987
9.90987
9.90987
9.90987
9.90987
9.90987
9.90987
9.90987
9.90987
9.90987
9.90987
9.90987
9.90987
9.90987
9.90987
9.90987
9.90987
9.90987
9.90987
9.91011
9.91011
9.91011
9.91011
9.91011
9.91011
9.91011
9.91011
9.91011
9.91011
9.91011
9.91011
9.91011
9.91011
9.91011
9.91011
9.91011
9.91011
9.91011
9.91011
9.91011
9.91011
9.91011
9.91011
9.91011
9.91011
9.91011
9.91011
9.91011
9.91011
9.91011
9.91082
9.91082
9.91082
9.91082
9.91082
9.91082
9.91082
9.91082
9.91082
9.91082
9.91082
9.91082
9.91082
9.91082
9.91082
9.91106
9.91106
9.91106
9.91106
9.91106
9.91106
9.91106
9.91106
9.91106
9.91106
9.91106
9.91106
9.91106
9.91106
9.91106
9.91106
9.91106
9.91106
9.91106
9.91106
9.91106
9.91106
9.91106
9.91106
9.91106
9.91106
9.91106
9.91106
9.91106
9.91106
9.91106
9.91106
9.91106
9.91106
9.91106
9.91106
9.91106
9.91178
9.91178
9.91178
9.91201
9.91201
9.91201
9.91201
9.91201
9.91201
9.91201
9.91201
9.91201
9.91201
9.91201
9.91201
9.91201
9.91201
9.91201
9.91201
9.91201
9.91201
9.91201
9.91201
9.91201
9.91201
9.91201
9.91201
9.91201
9.91201
9.91201
9.91201
9.91201
9.91201
9.91201
9.91201
9.91201
9.91201
9.91201
9.91201
9.91201
9.91201
9.91201
9.91201
9.91201
9.91201
9.91201
9.91201
9.91201
9.91297
9.91297
9.91297
9.91297
9.91297
9.91297
9.91297
9.91297
9.91297
9.91297
9.91297
9.91297
9.91297
9.91297
9.91297
9.91297
9.91297
9.91297
9.91297
9.91297
9.91297
9.91297
9.91297
9.91297
9.91297
9.91297
9.91297
9.91321
9.91321
9.91321
9.91321
9.91321
9.91392
9.91392
9.91392
9.91392
9.91392
9.91392
9.91416
9.91416
9.91416
9.91416
9.91416
9.91416
9.91416
9.91416
9.91416
9.91488
9.91488
9.91488
9.91488
9.91488
9.91488
9.91511
9.91511
9.91511
9.91511
9.91511
9.91511
9.91511
9.91511
9.91511
9.91511
9.91511
9.91511
9.91583
9.91583
9.91583
9.91583
9.91583
9.91583
9.91607
9.91607
9.91607
9.91607
9.91607
9.91607
9.91607
9.91607
9.91607
9.91607
9.91678
9.91702
9.91702
9.91702
9.91702
9.91702
9.91702
9.91702
9.91702
9.91702
9.91797
9.91797
9.91797
9.91797
9.91797
9.91797
9.91797
9.91797
9.91797
9.91797
9.91821
9.91821
9.91821
9.91893
9.91893
9.91893
9.91893
9.91893
9.91893
9.91893
9.91893
9.91917
9.91917
9.91988
9.91988
9.91988
9.92012
9.92012
9.92012
9.92012
9.92012
9.92084
9.92084
9.92084
9.92084
9.92107
9.92107
9.92107
9.92107
9.92107
9.92179
9.92179
9.92179
9.92203
9.92203
9.92203
9.92203
9.92203
9.92203
9.92203
9.92298
9.92298
9.92298
9.92298
9.92298
9.92298
9.92298
9.92298
9.92298
9.92298
9.92298
9.92298
9.92322
9.92322
9.92393
9.92393
9.92393
9.92417
9.92417
9.92489
9.92489
9.92489
9.92513
9.92513
9.92513
9.92608
9.92608
9.92608
9.92608
9.92608
9.92608
9.92608
9.9268
9.92799
9.92799
9.92823
9.92894
9.92894
9.92894
9.92894
9.92918
9.9299
9.93013
9.93013
9.93013
9.93109
9.93109
9.93109
9.93204
9.93204
9.93204
9.93204
9.93299
9.93299
9.93299
9.93299
9.93299
9.93395
9.93395
9.93395
9.93395
9.9349
9.9349
9.9349
9.9349
9.9349
9.9349
9.93514
9.93586
9.93609
9.93609
9.93681
9.93681
9.93705
9.93705
9.93705
9.938
9.938
9.938
9.938
9.938
9.938
9.938
9.93896
9.93896
9.93896
9.93896
9.93896
9.93896
9.93896
9.93896
9.93896
9.93896
9.93896
9.93896
9.93896
9.93896
9.93919
9.93991
9.93991
9.93991
9.93991
9.94015
9.94015
9.94086
9.94086
9.94086
9.94086
9.94086
9.94086
9.94086
9.9411
9.9411
9.9411
9.9411
9.9411
9.9411
9.94182
9.94182
9.94182
9.94205
9.94205
9.94205
9.94205
9.94205
9.94205
9.94205
9.94205
9.94205
9.94277
9.94301
9.94301
9.94301
9.94301
9.94301
9.94301
9.94396
9.94396
9.94396
9.94396
9.94396
9.94396
9.94396
9.9442
9.94492
9.94492
9.94492
9.94492
9.94492
9.94492
9.94492
9.94492
9.94492
9.94515
9.94515
9.94587
9.94587
9.94587
9.94587
9.94611
9.94611
9.94611
9.94611
9.94682
9.94706
9.94706
9.94706
9.94706
9.94706
9.94706
9.94706
9.94802
9.94802
9.94802
9.94802
9.94802
9.94802
9.94802
9.94897
9.94897
9.94992
9.94992
9.94992
9.95016
9.95016
9.95016
9.95088
9.95111
9.95183
9.95207
9.95207
9.95207
9.95207
9.95302
9.95302
9.95398
9.95398
9.95398
9.95398
9.95398
9.95493
9.95517
9.95588
9.95684
9.95898
9.95898
9.95898
9.96089
9.96089
9.96113
9.96208
9.96208
9.96304
9.96399
9.96399
9.96494
9.96494
9.9659
9.96614
9.96614
9.96614
9.96685
9.96685
9.96685
9.96685
9.96709
9.96709
9.9678
9.96804
9.96804
9.969
9.969
9.969
9.969
9.969
9.969
9.969
9.96995
9.96995
9.96995
9.96995
9.96995
9.96995
9.96995
9.97019
9.97019
9.97019
9.9709
9.9709
9.97114
9.97114
9.9721
9.9721
9.9721
9.9721
9.9721
9.9721
9.97281
9.97281
9.97305
9.97305
9.97305
9.97305
9.97305
9.974
9.974
9.974
9.974
9.974
9.974
9.97496
9.97496
9.97496
9.97496
9.97496
9.97496
9.97496
9.97496
9.97496
9.97519
9.97591
9.97591
9.97591
9.97591
9.97615
9.97615
9.97615
9.97615
9.97615
9.97686
9.97686
9.97686
9.9771
9.9771
9.9771
9.97782
9.97782
9.97806
9.97806
9.97806
9.97806
9.97806
9.97901
9.97901
9.97901
9.97901
9.97901
9.97901
9.97901
9.97901
9.97901
9.97901
9.97996
9.97996
9.98092
9.98092
9.98092
9.98116
9.98187
9.98187
9.98187
9.98211
9.98282
9.98282
9.98306
9.98306
9.98306
9.98402
9.98402
9.98402
9.98402
9.98402
9.98402
9.98497
9.98592
9.98592
9.98592
9.98592
9.98688
9.98712
9.98712
9.98783
9.98807
9.98807
9.98902
9.98902
9.98902
9.98902
9.98902
9.98998
9.98998
9.98998
9.98998
9.98998
9.98998
9.98998
9.98998
9.98998
9.99117
9.99117
9.99188
9.99188
9.99212
9.99308
9.99308
9.99308
9.99403
9.99403
9.99403
9.99403
9.99403
9.99403
9.99403
9.99498
9.99498
9.99498
9.99498
9.99498
9.99498
9.99498
9.99498
9.99498
9.99594
9.99594
9.99594
9.99594
9.99594
9.99594
9.99594
9.99594
9.99594
9.99618
9.99618
9.99618
9.99618
9.99689
9.99689
9.99689
9.99689
9.99689
9.99689
9.99713
9.99713
9.99713
9.99713
9.99784
9.99784
9.99784
9.99784
9.99784
9.99808
9.99808
9.99808
9.99808
9.99808
9.99808
9.99808
9.99808
9.99808
9.99808
9.99808
9.99808
9.99808
9.9988
9.9988
9.9988
9.99904
9.99904
9.99904
9.99904
9.99904
9.99904
9.99904
9.99904
9.99904
9.99904
9.99904
9.99904
9.99904
9.99904
9.99904
9.99904
9.99904
9.99904
9.99999
9.99999
9.99999
9.99999
9.99999
9.99999
9.99999
9.99999
9.99999
9.99999
9.99999
9.99999
9.99999
9.99999
9.99999
9.99999
9.99999
9.99999
9.99999
10.0009
10.0009
10.0009
10.0009
10.0009
10.0009
10.0009
10.0009
10.0009
10.0009
10.0009
10.0009
10.0009
10.0009
10.0009
10.0012
10.0012
10.0012
10.0012
10.0019
10.0019
10.0019
10.0019
10.0019
10.0019
10.0019
10.0019
10.0019
10.0019
10.0019
10.0019
10.0019
10.0019
10.0019
10.0019
10.0019
10.0021
10.0021
10.0021
10.0021
10.0021
10.0021
10.0021
10.0021
10.0021
10.0021
10.0021
10.0021
10.0029
10.0029
10.0029
10.0029
10.0029
10.0029
10.0029
10.0029
10.0029
10.0029
10.0029
10.0029
10.0031
10.0031
10.0031
10.0031
10.0031
10.0031
10.0031
10.0031
10.0031
10.0031
10.0031
10.0031
10.0031
10.0031
10.0031
10.0031
10.0031
10.0031
10.0031
10.0031
10.0031
10.0031
10.0031
10.0031
10.0031
10.0031
10.0038
10.0038
10.0038
10.0038
10.0038
10.0038
10.0038
10.0038
10.0038
10.004
10.004
10.004
10.004
10.004
10.004
10.004
10.004
10.004
10.004
10.004
10.004
10.004
10.004
10.004
10.004
10.004
10.004
10.004
10.004
10.004
10.004
10.004
10.004
10.004
10.004
10.005
10.005
10.005
10.005
10.005
10.005
10.005
10.005
10.005
10.005
10.005
10.005
10.005
10.005
10.005
10.005
10.005
10.005
10.005
10.005
10.005
10.005
10.005
10.005
10.005
10.005
10.005
10.005
10.005
10.005
10.005
10.005
10.005
10.005
10.005
10.005
10.005
10.005
10.005
10.005
10.005
10.005
10.005
10.005
10.005
10.005
10.005
10.005
10.005
10.005
10.005
10.005
10.005
10.006
10.006
10.006
10.006
10.006
10.006
10.006
10.006
10.006
10.006
10.006
10.006
10.006
10.006
10.006
10.006
10.006
10.006
10.006
10.006
10.006
10.006
10.006
10.006
10.006
10.006
10.006
10.006
10.006
10.006
10.006
10.006
10.006
10.006
10.006
10.006
10.006
10.006
10.006
10.006
10.006
10.006
10.006
10.006
10.006
10.006
10.006
10.006
10.006
10.006
10.006
10.006
10.006
10.006
10.006
10.0062
10.0062
10.0062
10.0062
10.0062
10.0062
10.0062
10.0062
10.0062
10.0062
10.0062
10.0062
10.0062
10.0062
10.0062
10.0069
10.0069
10.0069
10.0069
10.0069
10.0069
10.0069
10.0069
10.0069
10.0069
10.0069
10.0069
10.0069
10.0069
10.0069
10.0069
10.0069
10.0069
10.0069
10.0069
10.0069
10.0069
10.0069
10.0069
10.0069
10.0069
10.0069
10.0069
10.0069
10.0069
10.0069
10.0069
10.0069
10.0069
10.0069
10.0069
10.0069
10.0069
10.0069
10.0069
10.0069
10.0069
10.0069
10.0069
10.0069
10.0069
10.0069
10.0069
10.0069
10.0069
10.0069
10.0069
10.0069
10.0069
10.0069
10.0069
10.0069
10.0069
10.0069
10.0069
10.0069
10.0069
10.0069
10.0069
10.0069
10.0069
10.0069
10.0069
10.0069
10.0069
10.0069
10.0069
10.0071
10.0071
10.0071
10.0071
10.0071
10.0071
10.0071
10.0071
10.0071
10.0071
10.0071
10.0071
10.0071
10.0071
10.0071
10.0071
10.0071
10.0071
10.0071
10.0071
10.0071
10.0071
10.0071
10.0071
10.0071
10.0071
10.0071
10.0071
10.0071
10.0071
10.0071
10.0071
10.0071
10.0071
10.0071
10.0071
10.0071
10.0071
10.0071
10.0071
10.0079
10.0079
10.0079
10.0079
10.0079
10.0079
10.0079
10.0079
10.0079
10.0079
10.0079
10.0079
10.0079
10.0079
10.0079
10.0079
10.0079
10.0079
10.0079
10.0079
10.0079
10.0079
10.0079
10.0079
10.0079
10.0079
10.0079
10.0079
10.0079
10.0079
10.0079
10.0079
10.0079
10.0079
10.0079
10.0079
10.0079
10.0079
10.0079
10.0079
10.0079
10.0079
10.0079
10.0079
10.0079
10.0079
10.0079
10.0079
10.0079
10.0079
10.0079
10.0079
10.0081
10.0081
10.0081
10.0081
10.0081
10.0081
10.0081
10.0081
10.0081
10.0081
10.0081
10.0081
10.0081
10.0081
10.0081
10.0081
10.0081
10.0081
10.0081
10.0081
10.0081
10.0081
10.0081
10.0081
10.0081
10.0081
10.0081
10.0081
10.0081
10.0081
10.0081
10.0081
10.0081
10.0081
10.0081
10.0081
10.0081
10.0081
10.0081
10.0081
10.0081
10.0081
10.0081
10.0081
10.0081
10.0081
10.0081
10.0081
10.0081
10.0081
10.0081
10.0081
10.0081
10.0081
10.0081
10.0081
10.0081
10.0081
10.0088
10.0088
10.0088
10.0088
10.0088
10.0088
10.0088
10.0088
10.0088
10.0088
10.0088
10.0088
10.0088
10.0088
10.0088
10.0088
10.0088
10.0088
10.0091
10.0091
10.0091
10.0091
10.0091
10.0091
10.0091
10.0091
10.0091
10.0091
10.0091
10.0091
10.0091
10.0091
10.0091
10.0091
10.0091
10.0091
10.0091
10.0091
10.0091
10.0091
10.0091
10.0091
10.0091
10.0091
10.0091
10.0091
10.0091
10.0091
10.0091
10.0091
10.0091
10.0091
10.0091
10.0091
10.0091
10.0091
10.0091
10.0091
10.0091
10.0091
10.0091
10.0091
10.0091
10.0091
10.0091
10.0091
10.0091
10.0091
10.0091
10.0091
10.0091
10.0091
10.0091
10.0091
10.0091
10.0091
10.0091
10.0091
10.0091
10.0091
10.0091
10.0091
10.0091
10.0091
10.0091
10.0091
10.0091
10.0091
10.0091
10.0091
10.0091
10.0091
10.0091
10.0091
10.0091
10.0091
10.0091
10.0098
10.01
10.01
10.01
10.01
10.01
10.01
10.01
10.01
10.01
10.01
10.01
10.01
10.01
10.01
10.01
10.01
10.01
10.01
10.01
10.01
10.01
10.01
10.01
10.01
10.01
10.01
10.01
10.01
10.01
10.01
10.01
10.01
10.01
10.01
10.01
10.01
10.01
10.01
10.01
10.01
10.01
10.01
10.01
10.01
10.01
10.01
10.01
10.01
10.01
10.01
10.01
10.01
10.01
10.01
10.01
10.01
10.01
10.01
10.01
10.011
10.011
10.011
10.011
10.011
10.011
10.011
10.011
10.011
10.011
10.011
10.011
10.011
10.011
10.011
10.011
10.011
10.011
10.011
10.011
10.011
10.011
10.011
10.011
10.011
10.011
10.011
10.011
10.011
10.011
10.011
10.011
10.011
10.011
10.011
10.011
10.011
10.011
10.011
10.011
10.011
10.011
10.011
10.011
10.011
10.011
10.011
10.011
10.011
10.011
10.011
10.0112
10.0112
10.0112
10.0112
10.0112
10.0112
10.0112
10.0112
10.0112
10.0112
10.0112
10.0112
10.0112
10.0112
10.0112
10.0119
10.0119
10.0119
10.0119
10.0119
10.0119
10.0119
10.0119
10.0119
10.0119
10.0119
10.0119
10.0119
10.0119
10.0119
10.0119
10.0119
10.0119
10.0119
10.0119
10.0119
10.0119
10.0119
10.0119
10.0119
10.0119
10.0119
10.0119
10.0119
10.0119
10.0119
10.0121
10.0121
10.0121
10.0121
10.0121
10.0121
10.0121
10.0121
10.0121
10.0121
10.0121
10.0121
10.0129
10.0129
10.0129
10.0129
10.0129
10.0129
10.0129
10.0129
10.0129
10.0129
10.0129
10.0129
10.0129
10.0129
10.0129
10.0129
10.0129
10.0131
10.0131
10.0131
10.0131
10.0131
10.0131
10.0131
10.0131
10.0131
10.0131
10.0131
10.0131
10.0131
10.0131
10.0131
10.0131
10.0131
10.0131
10.0131
10.0131
10.0131
10.0131
10.0131
10.0131
10.0131
10.0131
10.0138
10.0138
10.0138
10.0138
10.0138
10.0138
10.0141
10.0141
10.0141
10.0141
10.0141
10.0141
10.0141
10.0141
10.0141
10.0141
10.0141
10.0141
10.0141
10.0141
10.0141
10.0141
10.0141
10.0141
10.0141
10.0141
10.0141
10.0141
10.0141
10.0148
10.0148
10.0148
10.015
10.015
10.015
10.015
10.015
10.015
10.015
10.015
10.015
10.015
10.015
10.015
10.015
10.015
10.015
10.015
10.015
10.015
10.015
10.015
10.015
10.016
10.016
10.016
10.016
10.016
10.016
10.016
10.016
10.016
10.016
10.016
10.016
10.016
10.016
10.016
10.016
10.016
10.016
10.016
10.016
10.016
10.0162
10.0162
10.0169
10.0169
10.0169
10.0169
10.0169
10.0169
10.0169
10.0169
10.0169
10.0169
10.0169
10.0169
10.0169
10.0169
10.0169
10.0169
10.0169
10.0169
10.0172
10.0172
10.0172
10.0172
10.0172
10.0179
10.0179
10.0179
10.0179
10.0179
10.0181
10.0181
10.0181
10.0181
10.0181
10.0188
10.0188
10.0191
10.0191
10.0191
10.0191
10.0191
10.0191
10.0191
10.0191
10.0191
10.0198
10.02
10.02
10.02
10.02
10.02
10.021
10.021
10.021
10.021
10.0219
10.0219
10.0219
10.0219
10.0222
10.0222
10.0229
10.0229
10.0229
10.0229
10.0231
10.0231
10.0231
10.0238
10.0238
10.0241
10.0241
10.0241
10.0248
10.025
10.025
10.025
10.025
10.026
10.026
10.026
10.0262
10.0269
10.0269
10.0269
10.0269
10.0269
10.0272
10.0272
10.0272
10.0279
10.0281
10.0281
10.0281
10.0281
10.0291
10.0291
10.0291
10.03
10.03
10.031
10.031
10.031
10.031
10.0319
10.0319
10.0322
10.0329
10.0331
10.0331
10.0338
10.0341
10.0341
10.0348
10.0348
10.0348
10.035
10.035
10.035
10.035
10.035
10.036
10.036
10.036
10.036
10.036
10.0362
10.0369
10.0369
10.0369
10.0372
10.0372
10.0379
10.0381
10.0381
10.0381
10.0381
10.0381
10.0389
10.0389
10.0389
10.0389
10.0391
10.0391
10.0391
10.0391
10.0398
10.04
10.04
10.04
10.04
10.04
10.04
10.04
10.041
10.041
10.041
10.041
10.041
10.041
10.041
10.041
10.041
10.041
10.041
10.042
10.042
10.042
10.042
10.042
10.042
10.0422
10.0422
10.0422
10.0429
10.0429
10.0429
10.0429
10.0431
10.0431
10.0431
10.0439
10.0439
10.0441
10.0441
10.0441
10.0441
10.0441
10.0451
10.0451
10.0451
10.0451
10.0451
10.0451
10.0451
10.0451
10.0451
10.0458
10.046
10.046
10.046
10.046
10.047
10.047
10.047
10.0472
10.0479
10.0479
10.0479
10.0482
10.0482
10.0489
10.0489
10.0491
10.0498
10.0501
10.0501
10.0501
10.051
10.051
10.051
10.051
10.052
10.052
10.0532
10.0551
10.0551
10.056
10.056
10.0601
10.061
10.061
10.062
10.0629
10.0629
10.0651
10.066
10.0689
10.0689
10.0698
10.071
10.083
10.102
10.1111
10.113
10.123
10.1252
10.1268
10.1399
10.1399
10.1461
10.1709
10.1821
10.196
10.2139
10.221
10.2301
10.232
10.2348
10.2389
10.2408
10.253
10.258
10.2601
10.2642
10.268
10.294
10.2959
10.3059
10.3211
10.3261
10.3281
10.3481
10.3579
10.3641
10.366
10.3738
10.3741
10.3829
10.3929
10.3989
10.4101
10.4389
10.458
10.4899
10.505
10.556
10.5569
10.586
10.587
10.6361
10.6361
10.6449
10.6449
10.649
10.6499
10.6559
10.6709
10.6781
10.679
10.72
10.73
10.7949
10.807
10.8609
10.864
10.8662
10.9
10.9022
10.9119
10.9382
10.9439
10.9551
10.957
10.994
11.034
11.0581
11.066
11.1129
11.1239
11.1458
11.2441
11.272
11.282
11.342
11.519
11.534
11.5559
11.6611
11.718
11.7671
11.7888
11.821
11.8639
11.94
11.991
11.9991
12.007
12.269
12.6381
