279.016
279.020
282.014
294.012
297.019
285.012
288.015
297.021
300.015
261.069
264.000
225.000
282.018
294.013
237.014
282.016
282.016
234.010
288.012
276.023
282.016
249.011
261.016
249.014
237.018
276.009
243.011
267.012
261.014
243.010
294.192
236.977
297.007
279.020
234.027
297.017
261.016
300.014
300.019
264.011
264.019
261.011
270.015
246.014
261.016
282.016
231.018
246.013
291.014
294.018
297.012
276.022
243.017
255.035
300.013
260.996
228.041
248.995
228.032
270.021
273.016
224.997
282.034
273.012
285.038
300.029
270.016
243.044
297.019
273.033
287.991
264.013
231.016
261.014
291.016
273.013
243.014
300.015
297.017
237.019
291.013
297.014
291.011
237.026
252.015
294.014
276.013
261.016
240.016
285.010
231.016
288.011
291.013
294.016
267.010
273.028
291.015
234.015
297.010
291.018
282.011
288.021
255.026
294.012
246.014
243.015
273.046
269.996
240.037
272.997
285.035
236.994
267.037
279.007
255.015
299.998
270.029
234.015
267.006
294.021
300.019
272.989
285.031
287.996
270.028
248.997
261.123
264.012
249.138
249.017
249.286
285.011
249.019
273.064
234.018
225.014
240.018
255.013
273.014
228.022
273.013
237.013
282.012
234.015
243.015
252.040
243.018
284.993
249.015
249.015
261.016
231.012
234.024
228.004
264.023
282.026
270.022
225.048
237.006
225.014
258.009
264.023
285.011
282.015
240.040
294.010
282.637
260.396
255.015
258.012
267.017
225.016
276.014
246.027
234.015
294.018
279.014
255.020
276.013
231.018
279.031
240.037
246.012
294.161
245.998
285.028
273.026
291.001
291.013
294.014
291.015
252.017
261.043
282.015
231.014
282.015
279.022
294.019
239.988
231.034
249.015
282.015
234.237
230.988
234.028
243.008
300.013
288.015
279.010
282.012
225.012
261.019
297.015
246.014
261.013
246.016
228.020
237.013
237.015
300.016
234.019
231.057
252.006
270.014
288.007
264.056
248.989
267.005
264.004
267.013
279.015
294.020
252.010
288.015
300.032
260.993
237.022
228.020
255.015
291.011
285.020
255.012
258.012
279.018
276.015
300.017
225.016
285.018
234.011
243.025
288.032
246.019
249.011
243.013
297.017
243.011
291.016
246.024
291.014
252.013
294.014
267.014
249.014
243.025
255.009
255.024
288.013
273.012
258.016
240.014
267.014
240.012
276.016
300.010
300.016
255.014
297.063
300.012
243.014
237.010
246.017
228.010
258.022
279.028
249.014
252.047
297.001
237.015
279.017
291.011
270.013
270.022
255.010
294.021
297.014
291.016
246.018
288.012
267.018
285.016
231.013
234.016
300.018
282.018
231.009
300.014
234.644
234.169
225.016
258.009
169.848
8.295
8.708
9.312
7.504
9.706
7.812
7.517
7.707
9.707
9.911
9.207
8.810
8.507
9.211
8.607
8.210
7.509
8.106
9.809
9.610
8.506
7.509
9.707
7.810
7.806
9.607
8.307
8.120
9.909
9.411
9.008
8.308
8.306
8.210
8.508
7.907
8.709
8.506
8.408
8.308
8.506
7.510
9.705
9.507
9.407
8.408
7.807
9.708
9.310
7.665
9.409
7.705
7.607
9.010
8.308
7.915
8.810
9.307
8.715
8.607
8.709
7.808
9.606
9.709
8.717
8.005
7.708
10.009
9.210
8.607
8.207
7.610
8.905
7.809
9.608
8.210
9.006
10.009
8.074
8.208
7.507
9.907
8.410
7.805
9.108
9.412
8.506
7.808
8.708
9.708
9.106
7.507
7.708
8.611
9.705
8.908
9.308
9.909
8.808
8.408
8.508
9.612
8.513
9.910
7.508
8.010
8.208
9.013
8.106
8.809
9.910
8.111
8.809
8.507
8.712
7.808
7.809
9.709
8.311
9.049
9.510
7.510
9.008
9.710
8.836
8.613
8.611
8.003
8.712
9.908
9.111
9.908
9.611
7.507
9.908
9.711
8.110
8.012
8.808
8.908
9.508
8.715
9.812
8.509
9.733
8.409
9.008
10.011
8.013
7.507
9.011
10.007
7.510
8.108
9.708
9.110
9.314
8.205
9.898
7.914
8.210
8.908
7.712
7.808
8.910
7.508
7.611
9.711
8.209
8.910
8.611
7.911
7.509
8.310
8.910
9.911
9.408
8.008
9.911
9.912
8.008
9.040
9.812
8.309
9.615
9.608
9.908
9.008
7.910
9.809
9.671
8.710
8.837
10.011
9.210
7.909
7.614
9.307
7.711
8.412
8.177
8.810
9.008
8.413
9.813
8.009
8.209
9.313
8.508
8.210
9.112
9.109
9.907
9.112
9.909
9.709
8.609
9.909
8.609
9.113
9.810
8.211
7.908
8.609
8.310
9.610
9.011
8.512
8.804
9.215
9.609
9.608
8.210
8.507
8.110
8.109
9.011
9.109
10.012
10.009
10.012
9.232
9.211
9.913
8.206
9.211
9.509
9.417
9.210
8.208
8.611
9.011
9.169
9.007
7.715
10.006
8.709
9.409
8.411
10.008
8.532
7.909
9.715
9.410
9.110
7.807
7.712
8.010
9.409
7.809
8.111
9.311
9.509
7.508
9.312
7.709
9.208
8.916
9.808
8.412
9.706
8.317
9.907
8.912
10.118
7.711
8.808
8.608
9.609
9.710
8.511
8.207
7.708
8.311
7.605
9.310
8.812
8.007
10.011
8.307
8.309
8.108
7.610
7.909
8.309
9.648
8.322
10.015
8.705
8.066
8.311
8.306
9.011
8.306
9.912
8.907
8.708
8.713
10.008
8.207
8.513
8.607
9.026
9.010
9.577
9.299
8.210
8.210
9.812
8.210
9.171
8.212
9.011
9.410
8.812
9.814
9.108
9.714
9.911
7.776
7.923
8.405
8.715
9.410
9.412
8.614
8.210
8.112
10.012
8.411
8.812
8.411
9.515
7.710
9.913
9.109
9.712
8.319
7.511
9.416
9.218
9.111
7.709
8.312
8.621
9.112
8.044
7.820
8.911
8.012
8.116
9.209
8.915
9.318
8.710
8.404
8.011
9.515
9.110
7.914
8.008
8.012
9.008
10.014
8.351
8.909
9.115
8.108
9.713
9.109
7.511
8.811
8.311
7.912
9.610
9.612
9.513
7.707
9.914
8.512
8.514
8.109
7.715
9.913
7.610
8.915
8.319
8.203
8.513
7.514
8.614
9.010
8.109
7.613
9.209
9.111
9.012
8.411
9.715
8.911
7.611
9.913
7.808
8.611
7.813
7.617
8.106
10.009
8.060
8.109
8.511
9.010
8.816
8.910
9.113
8.911
7.793
7.610
9.814
9.020
7.809
8.209
7.911
8.410
8.509
9.898
10.012
7.805
8.105
9.811
9.309
8.209
9.708
9.619
9.307
10.010
9.911
7.507
7.510
7.920
8.208
8.513
9.606
9.709
9.908
8.811
8.707
7.868
9.109
8.315
9.311
9.409
9.311
9.913
7.708
7.909
9.713
7.808
8.111
7.709
7.511
9.907
8.508
9.909
9.712
7.909
9.812
9.509
8.008
9.913
9.914
8.704
8.509
9.712
8.510
8.609
8.485
9.714
8.910
10.013
8.112
8.107
9.508
9.947
7.908
9.715
7.810
7.511
7.610
8.604
8.013
7.909
8.510
9.009
7.770
8.107
9.410
7.514
7.711
9.910
7.511
7.810
8.711
8.710
10.011
9.910
9.810
8.509
9.516
8.661
8.709
7.812
9.408
8.109
7.612
7.508
8.011
8.109
7.709
8.113
9.510
8.209
8.510
7.909
9.709
8.813
8.728
9.322
9.008
9.109
9.310
9.212
9.413
8.009
8.007
9.309
8.009
7.809
8.009
7.517
9.107
9.208
7.810
8.509
9.811
8.107
8.723
7.711
9.014
8.910
8.614
8.429
9.709
9.813
9.007
9.509
8.708
7.808
8.714
7.809
9.408
8.009
9.511
8.812
8.707
7.510
8.207
9.232
7.995
8.708
9.408
9.615
8.009
9.950
8.212
7.808
8.207
9.610
8.212
9.725
8.503
9.517
8.204
8.112
9.509
9.711
7.511
8.109
7.613
9.009
8.513
9.720
9.712
8.111
8.611
8.314
8.310
9.409
7.611
9.012
8.210
9.812
8.812
8.808
9.612
9.524
9.308
7.715
9.311
7.616
7.509
7.714
9.909
8.211
8.510
9.317
8.013
8.709
9.916
8.113
7.618
8.511
7.809
9.814
9.211
8.909
8.210
7.612
8.410
8.613
9.215
9.502
8.405
7.913
8.108
8.012
7.513
7.506
8.369
9.369
7.614
8.407
9.709
7.613
9.110
8.108
9.410
9.813
9.412
9.312
7.913
9.710
7.708
8.412
9.713
9.639
10.016
8.010
10.012
8.413
9.107
9.112
7.722
7.515
9.708
8.513
8.109
9.712
8.588
8.909
9.212
8.813
9.922
8.810
9.013
9.109
9.710
8.315
8.913
9.210
7.709
9.510
8.811
8.210
7.819
8.610
7.748
7.694
9.212
7.609
8.810
8.413
9.411
9.012
8.511
9.007
7.609
9.109
8.905
8.854
8.194
8.007
7.808
8.107
9.606
9.510
9.807
9.110
7.913
8.809
8.428
8.210
8.206
9.808
8.907
8.708
8.310
9.309
9.107
7.607
9.709
7.905
8.609
9.011
9.604
9.611
8.207
10.007
8.806
9.611
8.706
9.650
7.705
9.007
7.608
9.905
8.409
7.509
9.206
8.907
8.816
7.506
9.814
9.708
10.066
8.844
8.507
8.517
8.205
7.806
8.610
7.806
8.407
9.708
9.610
7.906
9.427
7.811
8.007
8.307
10.009
9.308
7.807
7.812
8.404
8.207
7.607
9.611
8.208
9.512
8.406
9.806
9.608
8.308
9.607
9.711
9.608
8.306
8.107
7.708
8.610
9.305
8.315
9.506
9.202
7.808
7.508
8.710
8.208
8.108
9.509
8.304
7.510
7.504
8.708
8.407
8.210
8.908
7.909
9.107
8.434
9.008
8.808
8.106
9.808
8.612
7.708
9.508
9.411
8.610
10.008
7.910
7.809
8.206
7.509
9.608
8.759
7.695
8.205
9.410
8.308
7.905
7.609
8.309
7.910
8.908
9.508
8.874
7.696
9.907
7.808
8.805
8.908
9.208
9.612
8.875
7.909
7.506
8.308
9.829
8.609
8.407
7.810
9.119
9.107
8.007
8.810
7.712
8.207
9.808
9.810
9.105
7.608
7.509
7.512
8.205
8.969
9.508
9.506
9.309
9.409
10.011
8.105
8.411
9.306
7.811
9.711
9.773
7.812
8.112
9.408
8.910
9.010
9.913
8.109
8.213
7.816
9.512
8.615
8.610
9.208
8.315
7.813
9.312
8.313
8.014
7.610
9.710
7.511
9.812
9.013
9.640
9.706
9.812
8.170
9.017
7.519
7.907
8.610
7.911
8.611
8.214
9.507
7.713
8.009
7.609
8.509
8.612
9.820
9.810
9.912
8.912
8.113
7.810
8.311
9.112
8.312
8.413
8.812
8.512
8.112
7.913
8.211
7.711
7.811
8.808
9.413
7.815
9.308
8.010
8.411
8.012
8.714
8.110
8.212
9.409
8.212
9.410
8.110
7.910
9.211
8.109
9.509
10.011
8.410
7.713
9.010
9.512
8.608
7.912
7.915
9.405
8.308
8.922
9.811
8.612
7.611
9.212
9.210
9.611
9.713
7.709
7.511
8.513
8.310
8.510
8.011
9.276
8.013
8.712
9.810
9.910
9.510
9.209
9.810
7.907
9.410
8.869
9.909
8.112
9.410
7.912
7.608
7.711
9.309
10.007
9.008
9.707
9.110
8.309
9.209
8.909
8.610
9.325
7.508
9.610
7.906
8.025
8.889
8.407
9.412
8.507
8.312
8.910
7.990
8.016
9.511
10.008
9.512
9.506
8.310
8.910
7.509
8.469
9.309
9.409
8.311
8.409
9.211
7.508
9.509
8.307
9.114
8.209
7.712
9.104
7.719
8.108
9.716
9.208
9.315
9.207
7.707
7.510
8.222
8.310
8.277
7.608
8.207
7.914
9.807
9.207
9.511
9.906
7.608
8.908
9.408
8.612
10.006
8.509
8.709
9.410
9.512
7.908
7.510
9.810
9.608
8.011
8.008
9.408
9.716
9.809
8.509
7.507
10.010
9.550
8.309
8.211
9.809
9.310
8.612
9.603
8.408
8.207
9.412
8.625
9.610
8.718
9.906
9.507
9.707
8.510
8.909
9.307
9.108
9.111
9.050
8.610
9.608
9.809
7.910
9.324
9.510
9.210
9.311
9.508
8.807
7.811
7.808
8.510
9.610
9.110
8.008
7.909
9.810
9.908
9.213
9.311
8.709
9.009
8.709
8.507
7.615
7.706
7.811
9.216
9.408
9.510
8.008
9.110
9.208
8.411
8.309
8.909
7.711
7.809
8.509
9.009
8.109
8.810
7.507
7.609
7.812
8.208
8.211
7.709
8.169
10.021
9.410
9.306
9.012
8.308
8.009
9.307
8.819
8.308
8.610
8.312
7.714
9.010
9.910
9.512
7.510
8.411
8.310
8.013
8.709
9.512
9.710
9.513
8.213
9.909
9.608
8.711
8.109
7.913
9.111
8.911
8.012
8.711
8.309
9.715
9.514
8.807
9.012
8.414
9.616
10.011
9.410
9.911
9.118
9.311
9.511
9.354
7.812
7.722
9.811
9.211
9.912
9.510
8.734
7.891
9.311
8.311
9.413
9.911
8.917
8.413
8.712
9.410
9.610
9.611
9.109
9.211
8.542
8.010
7.611
8.130
8.108
9.564
8.131
9.712
8.912
7.510
9.111
9.454
8.020
8.908
8.512
7.711
8.311
9.815
8.259
7.511
8.011
7.711
7.613
9.512
8.611
9.008
9.013
8.313
8.712
8.208
10.010
9.811
8.711
7.710
7.814
9.508
10.010
8.412
9.313
9.010
8.509
8.417
8.428
9.013
9.873
9.609
9.264
8.206
9.409
7.513
8.218
7.512
7.707
8.522
9.709
9.009
7.508
8.706
9.807
8.708
9.417
9.907
8.607
8.309
7.608
8.908
7.909
7.710
10.006
9.808
9.210
8.507
8.107
7.710
10.010
8.008
9.909
9.108
8.728
9.273
9.323
9.606
9.407
9.513
8.109
9.107
8.407
8.341
7.912
8.308
9.707
10.008
8.206
8.307
8.409
8.509
9.936
8.905
8.714
9.909
8.604
8.008
8.509
9.406
8.306
8.508
9.908
8.108
7.721
8.708
10.006
9.609
8.210
9.308
9.207
9.006
8.507
7.807
9.807
8.910
8.710
9.711
9.111
9.509
7.908
10.030
7.907
7.709
8.807
9.307
7.587
7.567
9.908
8.807
9.611
8.107
9.809
9.612
8.907
7.608
8.206
8.809
9.906
9.209
8.208
9.112
8.107
9.326
9.411
8.110
8.308
8.107
7.707
9.915
7.897
8.311
7.506
8.209
8.508
9.008
7.708
8.812
9.110
7.505
7.520
8.905
8.307
10.008
8.407
9.723
7.508
9.311
8.406
10.009
8.406
9.309
9.207
9.307
8.510
8.724
7.508
9.607
9.308
7.907
9.714
9.612
8.707
9.606
8.007
9.709
8.615
8.310
8.713
7.813
8.405
8.608
9.308
9.209
8.708
7.606
8.810
8.805
9.513
9.912
8.900
8.007
9.109
8.208
9.809
7.808
9.408
9.807
7.510
8.815
7.608
9.608
8.418
9.027
9.438
9.095
8.908
8.110
10.007
10.013
8.617
8.309
8.806
7.809
7.602
10.007
8.212
9.104
8.908
7.607
9.110
7.905
8.310
8.308
8.608
8.109
8.610
7.907
8.006
8.807
9.509
8.409
8.409
8.007
9.907
7.906
9.611
8.705
8.509
9.706
8.910
9.609
7.910
7.606
7.509
8.206
7.726
8.194
9.822
9.203
8.509
8.831
9.797
9.409
9.610
8.411
10.013
8.410
9.015
8.108
9.712
8.412
9.011
8.211
9.111
9.145
8.674
8.611
7.713
9.823
8.214
9.312
9.309
8.811
9.615
9.629
9.512
9.910
7.712
9.413
9.208
8.844
8.110
8.911
8.111
7.961
10.012
8.213
9.016
9.210
8.808
8.607
7.710
8.011
9.610
9.428
9.613
8.308
8.107
10.010
8.111
8.911
9.308
7.514
7.809
8.810
9.610
7.515
8.812
9.916
9.407
7.910
8.811
7.713
9.610
9.610
8.128
9.515
7.713
9.813
8.681
9.213
8.309
9.110
9.713
8.012
8.410
9.408
8.911
9.010
9.610
9.721
8.036
8.926
9.710
8.413
7.709
9.543
8.411
9.314
9.310
7.912
9.721
8.211
8.113
9.210
7.709
8.910
8.940
8.111
8.611
7.612
9.913
9.710
9.210
9.711
7.611
7.718
9.212
9.209
9.514
8.714
8.808
10.011
7.610
8.712
8.511
8.111
8.113
9.608
9.910
7.512
7.510
9.511
8.213
8.311
8.910
8.617
9.810
7.710
9.212
8.511
8.010
9.122
8.111
9.812
8.910
8.510
7.610
8.110
7.809
9.612
9.511
9.210
9.810
9.912
7.811
8.213
7.913
8.408
8.010
7.711
8.609
8.014
9.912
9.315
8.809
8.911
7.813
8.710
9.309
9.711
9.811
9.908
8.717
8.013
9.607
7.811
9.025
9.911
8.620
9.404
9.505
8.010
8.712
9.211
7.813
9.205
7.511
8.413
7.710
8.244
8.814
8.811
8.719
8.703
8.209
7.711
7.710
8.511
9.159
9.613
8.333
8.811
9.410
9.570
9.413
9.109
9.811
8.511
8.911
8.517
8.011
8.556
9.209
9.411
7.815
9.608
8.513
8.112
8.007
8.710
8.817
9.509
7.605
7.513
8.111
8.310
7.910
8.611
9.512
9.522
8.111
7.709
8.511
7.611
10.011
8.010
9.212
9.913
9.010
8.211
8.410
9.810
9.312
7.609
9.112
9.810
9.916
7.808
7.811
8.009
9.209
9.289
7.515
9.486
9.437
8.310
7.810
10.020
9.410
7.510
9.526
10.014
7.710
7.859
7.511
7.809
8.311
9.424
7.712
7.510
7.613
8.806
10.032
9.611
8.911
9.009
9.311
8.711
9.511
9.918
9.309
8.708
9.012
9.312
8.209
8.512
7.510
8.510
8.412
9.708
8.509
7.910
9.614
9.012
8.523
9.913
9.309
9.311
9.211
9.712
9.566
9.509
8.414
9.412
9.010
10.013
8.611
8.510
8.775
8.012
8.510
8.111
9.213
7.610
7.510
7.512
8.610
7.712
8.616
9.713
9.910
9.862
7.512
9.710
8.716
8.507
9.511
8.210
8.010
8.611
7.810
7.610
8.314
9.010
9.610
10.011
8.913
8.309
8.612
7.708
8.811
9.651
8.510
8.211
9.711
8.510
8.226
8.411
9.009
9.511
8.012
9.017
9.308
8.308
8.612
8.110
9.545
8.010
8.812
10.011
9.412
9.411
7.830
7.613
8.313
7.508
7.510
9.723
8.311
8.710
10.012
9.812
8.409
8.609
8.112
8.315
9.711
9.110
9.210
8.812
8.511
10.012
7.709
7.909
8.410
8.910
8.809
7.812
9.615
7.706
8.011
9.110
9.611
8.314
9.419
7.809
8.311
9.517
7.725
9.313
8.326
7.817
9.012
9.433
8.971
9.910
7.610
8.709
8.908
9.415
10.021
7.510
9.513
7.912
8.009
7.810
9.511
9.410
8.106
9.009
9.513
8.811
8.310
9.309
9.611
7.610
9.810
8.011
9.813
10.008
9.819
8.011
7.910
9.011
10.010
9.411
8.810
7.742
8.214
7.809
9.611
8.209
7.812
9.218
8.811
8.310
9.554
8.217
7.704
7.812
9.927
10.006
9.108
8.107
9.415
8.908
8.309
9.107
9.608
8.008
9.108
9.614
8.877
9.706
8.706
9.011
9.117
10.008
9.108
10.079
7.706
8.908
8.337
8.207
8.006
9.635
9.099
7.576
7.712
9.509
8.008
7.505
9.608
9.811
8.209
8.919
8.607
9.312
8.007
8.409
9.710
9.807
8.108
8.708
9.408
9.320
10.014
8.609
9.407
9.310
8.504
9.808
8.106
9.309
7.908
8.607
8.810
9.529
8.809
9.207
9.208
9.308
9.208
8.707
9.308
7.566
7.606
7.807
9.207
8.309
8.909
9.108
8.009
9.507
7.606
7.508
8.706
7.808
8.612
8.010
9.611
9.808
7.709
7.608
9.209
8.205
8.909
7.908
7.806
7.932
9.808
9.711
9.908
9.210
8.408
9.107
9.210
8.708
9.510
8.606
9.710
8.511
7.809
7.605
8.011
7.910
7.608
9.415
8.407
9.009
7.606
7.908
8.710
8.008
8.215
7.912
8.910
9.912
8.509
9.508
7.709
8.512
9.190
7.509
7.609
7.610
9.207
9.310
9.009
8.812
8.011
8.608
9.809
8.308
8.708
7.909
9.009
9.194
7.511
9.978
8.208
7.610
8.011
9.406
8.337
8.904
10.004
9.808
8.715
8.714
9.209
9.118
9.715
8.408
9.209
9.813
8.808
8.311
9.209
7.712
9.815
10.010
8.913
9.712
8.210
7.711
7.810
9.973
9.511
7.805
10.012
7.608
8.109
7.912
9.811
8.910
9.513
9.709
8.812
8.410
8.511
8.110
10.012
8.111
9.110
9.113
7.811
7.810
7.512
9.811
8.211
9.809
9.713
9.611
9.712
8.009
7.512
10.009
7.915
9.711
7.757
7.810
9.913
8.556
8.407
9.612
7.509
8.011
9.410
8.914
8.909
7.905
9.513
8.907
8.707
8.710
8.107
9.307
9.206
8.204
9.008
10.007
8.131
8.809
9.706
7.914
9.308
9.909
7.809
9.715
9.608
8.207
7.701
9.409
9.207
8.709
9.108
9.308
9.308
8.610
8.305
8.109
9.207
7.709
9.706
7.910
9.208
7.810
9.705
8.307
8.707
8.609
8.469
9.519
9.911
8.298
10.011
9.304
8.125
7.705
9.208
7.646
8.508
9.508
9.709
7.808
8.207
8.906
9.611
7.605
7.506
7.810
8.406
9.208
8.368
8.107
9.608
7.609
8.606
9.407
8.609
9.838
7.912
9.607
9.408
7.910
7.807
9.310
10.007
8.606
9.808
9.110
8.805
8.411
8.508
8.405
8.755
9.409
9.908
8.516
9.507
7.509
9.008
8.007
9.306
10.011
8.706
9.009
7.507
10.009
8.309
8.708
9.710
9.005
8.209
9.207
9.607
8.761
8.510
9.564
9.808
8.407
8.708
8.708
9.309
9.894
9.913
8.106
9.108
9.908
9.412
8.810
9.908
8.312
9.407
9.264
8.206
8.007
8.123
8.509
7.917
9.211
9.706
7.742
8.107
8.010
9.605
7.620
9.409
8.210
9.904
9.308
9.109
8.508
8.010
8.506
8.209
7.809
9.220
7.509
7.607
8.607
9.009
10.007
9.408
8.312
9.308
7.807
9.011
10.009
9.012
9.606
9.108
8.608
10.018
9.922
9.319
9.515
7.609
8.812
7.711
10.017
8.008
9.311
8.511
8.512
8.011
9.412
8.819
9.910
9.612
9.111
8.409
8.509
9.212
8.010
9.510
8.511
8.570
8.412
8.612
10.010
7.909
7.811
8.711
7.812
7.610
8.153
9.905
7.713
9.411
7.710
7.713
9.911
9.709
8.910
8.414
7.614
8.407
9.911
10.095
8.213
9.011
8.611
9.412
8.311
9.111
8.911
9.312
7.512
10.011
8.009
7.609
7.911
8.312
8.810
8.411
8.410
9.412
8.408
8.911
8.734
8.610
9.408
8.711
8.527
8.111
9.610
8.611
9.209
9.711
8.812
9.910
8.811
9.910
9.312
9.613
9.110
8.310
9.116
9.308
8.212
9.611
9.411
8.811
7.911
8.111
9.812
9.048
7.612
8.311
7.812
9.008
9.510
9.710
7.612
8.111
7.814
9.811
9.207
9.627
9.611
8.136
9.598
8.308
7.905
9.011
8.011
9.711
9.811
9.610
8.910
8.012
9.411
8.210
9.311
10.011
9.009
9.212
8.910
9.110
7.512
9.312
8.011
9.710
9.012
8.225
7.711
9.410
8.109
9.611
9.112
7.610
7.711
8.652
8.614
8.109
7.609
9.109
7.810
7.514
8.911
9.211
8.011
8.210
7.611
7.512
8.109
9.111
9.501
9.512
8.212
9.410
8.911
8.912
9.012
7.912
9.816
9.408
9.812
7.813
9.010
8.812
8.115
9.230
7.527
9.212
10.009
7.610
8.515
7.914
7.911
9.909
9.713
8.612
8.009
10.016
8.611
8.812
9.012
8.009
8.411
9.911
7.510
9.916
9.010
9.312
7.712
8.710
8.610
7.612
9.331
7.819
9.111
9.911
9.412
9.110
9.311
9.612
9.510
7.731
10.101
9.911
7.714
9.810
8.611
8.411
9.711
9.812
9.711
8.944
7.911
8.014
8.707
8.111
7.820
7.601
9.912
8.210
8.910
8.711
8.511
8.125
8.911
7.712
8.186
8.311
9.412
9.909
8.011
9.011
7.710
7.910
9.013
8.109
7.712
7.510
9.012
9.910
10.009
8.612
8.712
8.035
9.410
7.610
8.711
9.711
7.709
8.510
8.112
9.310
9.732
9.310
7.791
8.812
9.610
8.412
9.811
9.117
8.412
7.710
8.012
8.710
8.111
9.711
9.310
8.311
9.912
8.511
8.410
9.912
9.610
9.812
7.812
8.912
9.910
9.210
8.812
7.819
7.909
9.612
9.819
7.712
8.810
9.911
9.011
8.513
8.409
8.712
7.511
9.312
8.910
8.209
8.111
9.612
7.810
7.611
8.012
7.711
8.609
8.913
7.708
8.126
8.712
8.212
9.812
8.512
10.008
8.712
9.012
7.820
8.407
8.811
8.211
9.911
8.810
9.848
8.401
9.705
8.407
8.411
8.912
9.907
9.207
9.611
9.609
9.706
9.710
7.508
7.509
8.408
9.008
7.711
9.010
7.806
8.709
8.908
9.009
8.609
7.707
8.009
9.110
8.607
9.508
9.811
8.509
8.224
9.708
9.433
8.082
8.109
7.907
9.409
8.169
9.907
9.109
7.609
9.508
8.908
7.809
9.507
9.810
9.511
10.005
9.008
9.809
8.611
8.006
8.806
9.910
8.313
9.509
9.109
9.409
8.907
9.009
8.009
9.807
8.709
7.510
7.708
9.309
8.009
9.829
7.510
7.710
8.907
7.606
9.909
7.909
8.152
9.611
7.710
7.609
9.710
9.208
9.909
8.207
9.710
8.810
8.206
8.123
8.408
10.008
7.513
10.006
8.909
8.207
9.709
7.507
8.310
7.507
9.511
9.011
9.911
9.708
9.407
8.909
9.808
9.412
9.306
7.908
9.072
9.556
8.207
8.613
8.804
8.008
9.507
8.707
9.610
7.809
9.305
7.910
7.706
9.584
7.908
9.113
7.712
7.777
9.404
8.712
7.809
9.007
7.607
7.808
8.709
9.509
9.207
8.609
8.910
8.606
9.210
8.013
8.107
9.937
9.109
9.608
8.110
8.708
8.210
7.608
9.009
7.506
8.208
9.207
9.508
8.810
8.507
9.909
9.110
8.008
8.537
9.608
9.509
8.806
7.507
8.308
8.507
9.207
9.509
9.912
7.705
8.813
7.906
8.509
8.762
9.708
8.309
9.394
8.410
9.008
9.612
7.507
9.209
7.709
9.589
8.708
9.308
7.908
8.708
8.510
8.408
9.817
8.006
8.009
8.508
8.007
8.908
9.513
9.904
8.520
9.608
7.708
9.837
7.608
9.008
8.608
9.808
9.817
7.809
8.361
8.909
7.508
8.416
8.106
8.011
7.810
9.510
9.808
8.408
8.111
8.207
9.511
8.006
8.926
10.009
9.113
9.406
9.008
8.708
9.408
10.008
8.407
9.610
10.009
8.609
8.708
8.510
8.512
8.609
9.143
9.509
7.507
9.109
7.808
8.310
9.608
8.308
7.909
9.509
9.410
8.709
7.607
8.810
9.314
9.011
9.007
8.603
8.546
7.923
9.911
7.812
8.109
8.309
7.608
8.008
9.307
8.809
9.008
7.909
10.007
8.207
10.008
7.610
9.909
7.908
8.608
9.615
9.011
9.006
9.307
8.308
7.615
9.402
9.909
9.412
8.609
8.813
8.008
9.607
9.220
7.954
7.603
10.009
8.708
7.709
7.907
8.110
9.229
9.706
8.610
9.309
7.808
8.508
9.408
7.821
9.108
8.111
7.610
8.014
9.612
9.404
8.909
10.013
8.909
8.909
9.307
10.070
7.606
7.509
9.610
9.509
7.904
9.909
9.509
9.109
7.510
9.909
9.909
9.410
9.706
8.411
8.708
7.707
9.608
8.222
8.213
8.706
8.915
8.302
9.209
8.608
7.810
8.207
8.508
9.310
9.606
8.009
9.208
9.906
8.010
8.910
9.412
8.412
8.708
8.812
7.608
8.909
8.812
10.007
8.309
8.511
8.606
9.513
8.913
8.103
7.815
9.606
9.307
9.207
7.944
8.708
8.012
8.410
9.608
9.010
7.609
9.410
9.507
9.611
9.209
10.037
8.397
8.508
8.512
9.904
10.008
8.806
8.708
8.807
8.808
9.507
10.008
9.908
9.108
8.812
7.909
9.507
8.308
10.008
8.828
8.909
8.809
9.308
9.909
8.511
8.392
10.010
7.807
7.908
9.509
9.607
8.106
8.109
8.207
9.109
7.944
8.206
7.907
9.108
9.509
9.408
8.807
9.610
9.207
7.809
8.307
9.808
10.009
9.108
9.908
8.808
8.206
8.869
8.207
8.007
9.907
9.011
8.108
7.861
9.507
7.809
7.505
7.711
8.408
8.305
9.307
9.008
9.006
9.908
8.018
8.650
9.409
9.507
8.107
8.709
9.906
9.109
8.506
10.103
8.310
8.506
8.709
9.009
7.505
9.508
9.710
7.508
8.608
7.807
7.808
8.210
8.106
7.908
8.407
9.210
8.906
7.908
8.109
8.007
7.910
8.806
9.144
9.911
8.304
9.905
8.507
8.306
8.917
9.707
8.207
9.714
8.409
9.706
9.021
8.405
9.310
8.515
8.608
8.009
9.012
8.908
8.807
9.810
9.506
9.907
8.909
8.308
7.908
9.506
8.888
8.609
8.310
8.007
8.407
9.312
7.910
9.610
7.509
9.407
9.306
8.209
9.326
7.808
8.009
8.108
8.906
9.810
9.307
10.008
8.008
8.308
8.809
9.308
8.007
8.308
9.318
9.710
9.314
10.112
9.106
8.109
8.507
7.507
8.610
9.409
9.310
9.270
9.121
9.512
8.504
8.506
7.706
7.709
8.809
8.404
8.508
7.607
8.408
7.807
7.711
8.907
8.810
9.106
8.330
9.303
7.538
7.507
9.108
9.507
10.010
8.208
7.505
8.609
8.406
8.910
7.906
7.908
8.009
9.606
9.907
9.008
8.006
7.708
9.512
9.611
8.706
7.908
9.907
9.713
8.205
7.610
8.407
9.609
9.409
9.407
9.009
9.685
9.407
8.008
9.006
9.611
8.907
9.108
8.105
7.508
7.910
8.835
7.907
8.608
8.612
7.710
7.508
9.306
8.008
9.510
8.708
9.408
10.007
8.807
8.910
8.307
8.910
10.006
8.008
8.263
9.311
9.706
7.705
8.808
7.807
9.210
8.507
9.507
8.410
9.406
9.511
9.010
8.306
9.908
7.509
9.307
7.707
7.889
8.655
8.207
10.010
7.505
7.508
9.908
8.808
9.108
8.407
7.807
9.209
9.104
8.513
8.607
8.705
8.907
10.009
9.207
8.209
8.611
8.607
9.205
8.109
8.105
8.308
8.907
8.007
8.605
8.310
8.306
8.907
9.508
9.206
8.808
9.707
9.507
9.019
8.405
8.509
9.806
9.003
7.909
9.009
9.909
9.064
7.810
8.906
9.108
9.508
9.611
7.706
8.109
8.706
8.510
8.808
9.809
10.006
9.619
8.307
8.209
8.007
9.707
7.810
9.706
8.607
7.612
9.109
10.055
8.713
7.802
9.910
7.508
8.209
8.809
9.906
9.708
9.107
8.906
8.805
8.608
8.509
9.208
9.411
9.938
7.607
8.308
9.612
7.709
7.809
7.806
8.711
8.308
7.608
9.208
8.207
8.808
9.407
9.809
8.707
8.008
7.707
8.719
8.106
8.409
7.506
8.107
8.307
9.208
9.609
9.807
7.908
8.009
8.907
10.073
7.809
9.208
8.209
7.607
9.509
8.807
7.915
8.110
9.805
8.398
9.808
7.907
9.615
9.307
7.910
8.206
9.908
8.108
9.508
8.111
9.405
9.809
8.708
7.513
9.000
8.406
9.807
9.509
9.108
8.810
9.411
9.503
7.907
7.507
9.810
7.506
9.011
7.605
8.310
8.805
8.408
8.362
9.408
8.107
7.508
9.808
9.109
7.507
8.107
8.507
8.121
10.002
8.208
9.608
9.910
9.806
7.908
9.808
9.298
9.609
8.508
8.507
9.218
9.097
8.807
8.909
9.408
7.707
9.207
7.607
9.006
7.608
8.607
8.607
8.410
8.707
8.308
10.008
8.713
8.903
8.515
9.660
8.910
9.408
9.107
8.940
9.408
9.509
8.607
8.510
9.020
9.814
9.806
8.307
9.119
8.509
9.705
8.408
8.963
8.908
8.707
8.109
9.206
9.907
9.206
7.508
8.763
10.006
7.508
7.508
9.110
8.707
9.606
7.908
8.208
8.607
9.606
7.508
8.309
8.107
8.807
10.009
8.107
8.706
8.310
9.707
9.907
7.907
8.275
8.709
9.509
9.411
9.510
8.605
9.413
8.623
8.910
8.015
8.807
8.931
8.304
8.009
7.725
7.802
8.604
8.408
9.218
8.112
8.703
7.609
8.807
7.609
7.507
9.660
8.810
8.305
9.207
8.610
9.007
7.507
10.097
8.409
9.608
9.562
9.808
9.063
8.208
8.621
9.711
9.502
7.608
7.911
7.608
7.805
8.628
8.833
8.896
7.603
9.417
7.713
7.906
8.310
7.808
7.911
7.819
9.301
9.017
9.707
8.008
7.909
9.713
8.010
9.009
9.411
7.624
8.715
8.410
8.308
10.010
8.118
8.007
7.508
8.707
8.109
8.010
9.707
9.414
9.708
10.007
9.010
9.906
7.808
9.812
7.909
8.217
7.807
9.911
9.708
10.008
7.907
7.709
9.909
8.607
9.509
9.334
8.698
8.308
7.814
9.505
8.309
8.308
7.609
8.508
9.507
8.426
9.309
9.310
7.815
8.909
9.208
9.308
8.910
9.509
9.315
9.510
7.908
9.608
9.408
7.708
9.707
10.010
8.008
9.708
8.506
7.611
9.109
9.908
8.407
9.413
9.508
9.408
7.908
9.709
8.109
9.911
7.918
9.909
9.207
8.412
8.909
8.507
7.709
7.736
8.003
9.513
10.011
8.407
9.008
9.510
8.607
8.808
9.410
9.310
8.507
8.008
9.610
7.506
7.807
8.010
9.511
10.005
7.510
9.907
9.609
8.308
9.908
7.610
8.109
9.209
8.610
9.707
7.710
8.807
10.010
8.407
8.408
7.523
9.305
7.512
9.511
8.011
8.806
8.807
7.510
10.008
9.505
9.611
7.507
10.009
7.708
9.711
9.988
7.809
9.711
9.514
8.610
9.710
9.815
9.508
8.911
8.312
9.121
9.304
9.811
9.209
7.808
8.305
9.210
9.814
8.307
8.808
7.710
9.710
7.705
7.917
9.619
9.717
7.521
9.811
9.625
7.709
9.609
9.714
8.297
9.254
9.315
9.607
8.908
9.020
9.203
7.908
7.509
8.417
9.904
10.011
7.614
7.602
8.363
9.507
7.518
9.112
8.511
7.703
8.922
8.704
8.409
8.720
8.404
8.425
8.623
8.113
8.804
8.207
7.908
9.611
9.908
9.719
9.303
8.911
8.908
8.415
9.505
8.910
9.309
9.507
8.861
9.607
9.818
9.603
9.374
10.132
8.587
7.706
7.721
7.708
8.913
8.606
9.110
10.007
9.709
7.708
8.313
8.413
8.407
8.910
8.109
8.405
8.612
9.907
7.512
10.007
8.423
9.708
9.020
7.705
9.212
7.706
10.009
9.109
7.506
9.312
8.909
8.918
9.601
9.308
9.309
8.707
7.808
8.410
8.609
7.605
8.609
9.608
8.509
9.770
8.509
9.207
8.008
9.666
9.208
8.007
9.716
7.603
7.707
8.652
8.008
9.702
9.009
7.907
8.607
9.208
9.906
7.608
8.208
9.407
9.408
7.506
8.010
9.913
8.608
9.409
10.008
9.911
9.107
8.514
9.505
7.508
7.808
7.609
9.901
9.511
8.208
9.608
9.607
8.608
8.312
7.508
8.309
10.013
8.209
9.406
9.209
8.008
9.926
10.007
7.509
9.123
7.605
8.310
9.205
8.708
7.810
9.110
8.706
9.410
7.706
8.108
9.509
8.006
8.209
9.408
7.738
9.110
9.009
9.807
7.808
9.806
7.549
8.607
9.808
8.208
8.207
9.009
8.907
8.108
8.908
8.908
9.707
9.008
9.961
9.068
7.809
7.607
8.108
9.009
9.607
8.509
9.811
9.206
9.135
8.108
8.508
9.508
10.007
7.610
9.206
7.710
10.010
9.408
9.107
9.908
7.508
10.009
8.809
9.108
8.008
7.808
8.207
7.807
9.507
8.008
9.409
10.076
8.515
7.608
8.907
8.108
8.611
8.607
10.009
7.805
9.520
8.607
9.808
9.409
8.808
9.207
9.607
8.908
8.510
8.807
8.708
8.808
8.908
7.739
7.847
9.408
8.009
8.507
10.012
7.705
9.312
9.305
7.611
7.608
9.607
9.315
8.407
8.109
8.063
8.307
8.507
10.059
9.408
8.209
9.311
8.106
9.909
9.108
9.709
8.607
7.809
8.405
9.915
9.310
8.809
7.808
8.808
9.507
8.908
8.931
9.703
8.307
8.306
9.909
8.607
7.811
9.312
9.505
8.508
9.809
7.707
9.709
9.809
9.818
7.808
9.010
8.107
7.908
8.013
7.704
9.007
8.613
8.806
9.009
8.008
7.508
9.311
9.509
9.608
8.308
8.409
9.422
9.108
9.207
9.408
7.872
9.809
8.607
9.807
8.205
8.410
7.608
8.007
8.107
10.010
8.304
9.809
8.007
8.907
8.009
8.408
8.013
9.102
9.808
9.509
9.807
10.049
9.008
9.207
9.513
9.807
7.708
9.107
9.109
9.507
8.608
9.411
9.208
9.810
9.207
7.510
8.305
9.307
8.007
8.909
9.406
9.102
8.809
7.507
8.109
9.308
8.507
8.608
8.307
8.308
8.401
8.207
8.107
9.829
10.008
7.807
9.509
7.623
9.607
8.512
9.808
8.109
7.909
9.108
7.807
9.810
9.307
8.700
9.307
10.110
7.610
8.609
9.208
9.007
8.864
9.809
8.408
9.809
8.507
9.508
7.907
9.307
7.608
8.810
9.207
7.716
9.310
8.712
7.904
8.808
9.908
7.808
9.407
7.908
9.508
10.009
7.807
8.908
8.508
9.607
8.911
8.906
8.407
8.007
8.008
9.606
7.709
8.908
9.410
8.908
8.515
10.006
8.437
8.708
8.908
7.509
8.908
8.107
8.908
9.509
9.408
9.006
9.907
9.009
9.407
9.508
8.907
9.808
8.507
7.509
9.308
9.908
8.908
7.708
8.101
9.606
9.808
8.408
8.707
9.108
9.907
9.710
9.307
8.208
8.316
8.109
8.208
10.007
8.808
9.707
9.621
8.308
8.606
9.654
9.803
8.107
9.007
8.808
8.008
7.709
8.908
10.006
7.507
8.008
7.611
8.114
7.504
10.008
9.009
8.908
9.212
9.007
8.510
8.408
9.709
9.606
9.308
8.108
9.716
8.207
7.909
9.208
9.009
9.036
8.829
9.008
9.808
7.906
7.708
7.810
8.107
9.308
7.708
8.518
9.807
7.916
9.209
10.012
7.811
8.304
8.805
9.708
9.909
10.008
8.109
9.728
9.707
7.507
7.709
9.308
8.209
8.106
8.709
9.708
9.808
10.008
8.817
9.611
7.844
9.306
9.909
8.707
8.781
7.707
9.619
8.414
8.132
8.707
8.508
8.607
9.517
10.009
8.329
9.504
7.604
9.107
9.209
9.809
9.107
9.407
9.312
9.811
7.706
7.907
9.608
10.007
7.809
8.605
9.708
8.309
7.808
9.705
9.511
9.207
10.037
9.207
7.608
8.008
7.812
8.802
9.408
7.524
9.012
7.805
9.509
9.197
9.410
8.608
8.808
8.607
8.209
8.209
8.510
8.614
8.612
8.005
8.512
8.908
9.308
8.409
10.006
9.607
8.010
9.408
8.810
7.904
8.608
9.109
8.753
9.111
8.006
8.005
9.119
9.506
8.307
8.808
8.512
7.809
7.516
7.507
8.909
8.408
8.207
9.908
9.508
9.618
8.003
8.208
8.409
9.907
9.109
8.606
9.612
9.603
8.111
8.503
7.504
9.410
7.707
8.707
8.410
8.328
9.414
7.718
7.904
7.808
9.207
9.206
8.107
9.209
9.207
9.708
7.609
7.511
9.705
9.608
9.609
7.814
7.907
8.205
7.609
9.510
9.206
10.007
9.110
9.807
8.608
9.308
9.309
8.909
8.108
7.707
9.908
7.609
8.111
7.960
8.007
9.811
9.605
8.708
8.908
8.707
8.507
9.208
9.008
8.108
9.009
8.506
8.610
9.410
9.409
9.008
9.108
8.607
8.908
8.109
8.509
7.607
7.513
7.804
9.009
8.322
8.208
9.015
8.409
9.009
9.507
9.009
8.705
9.007
7.612
7.709
7.909
8.631
9.518
9.410
9.407
8.607
8.010
8.109
7.908
10.009
9.611
9.610
8.709
8.608
7.709
9.918
8.803
7.907
7.808
7.709
8.710
8.706
9.510
9.611
7.612
8.908
8.509
8.816
8.003
8.807
9.309
8.408
7.509
8.709
7.910
9.607
9.808
8.708
7.709
7.826
8.606
9.806
7.513
10.033
8.396
7.913
10.124
9.915
8.408
7.810
7.512
9.613
9.208
9.711
9.412
9.411
8.512
8.011
8.311
9.114
9.410
7.510
7.610
9.613
8.910
8.159
9.212
8.808
9.310
9.411
9.412
8.054
9.312
9.409
8.116
7.807
9.809
8.009
7.612
8.344
8.518
7.910
7.912
7.712
7.512
10.009
9.610
8.611
7.912
8.008
7.810
10.010
8.111
8.110
9.815
9.714
8.906
8.911
8.710
8.312
8.411
8.010
8.808
7.611
9.927
9.614
8.012
9.811
7.611
8.110
8.135
8.613
8.511
8.714
8.811
8.657
8.811
8.608
10.002
9.212
9.309
7.811
9.414
7.512
8.412
9.110
9.712
7.511
8.111
8.310
8.314
9.010
8.810
9.911
9.312
8.815
9.407
10.012
8.811
9.512
8.109
9.613
8.309
9.314
8.211
9.810
8.011
9.511
8.513
8.008
8.811
7.709
8.389
8.322
7.715
9.507
7.515
9.914
9.509
8.311
8.410
7.910
9.810
9.910
7.713
9.309
8.911
9.712
9.208
7.612
9.309
10.013
9.708
7.510
9.312
8.011
7.510
10.044
7.611
8.511
8.023
8.911
8.711
11.481
7.563
9.107
8.614
10.014
9.113
8.213
8.320
10.004
8.713
8.212
7.512
8.911
10.013
8.913
8.513
9.414
9.014
8.076
9.313
8.825
8.013
8.512
9.315
8.213
8.705
9.406
9.209
9.208
8.409
8.044
8.295
8.309
9.806
9.511
8.505
8.909
7.808
9.507
9.013
9.003
7.809
9.007
8.108
8.007
7.810
9.106
9.908
9.505
9.607
9.154
8.206
7.809
7.828
7.607
8.707
9.008
9.711
7.905
8.308
8.107
8.606
9.308
9.168
8.408
8.908
7.506
10.008
9.314
9.704
8.908
8.208
7.507
7.952
9.003
8.008
8.409
8.109
8.005
7.907
7.809
9.608
8.806
8.314
7.614
9.008
9.608
9.208
8.808
7.611
10.013
9.405
8.908
9.309
8.560
10.008
8.107
8.707
9.908
7.506
8.408
9.008
8.508
8.608
9.408
10.008
9.109
7.907
8.208
9.807
8.507
8.812
9.308
7.507
9.608
9.608
9.207
9.309
8.707
7.909
9.686
8.924
9.908
8.708
8.308
8.507
8.608
9.009
9.909
8.707
9.008
8.286
7.628
7.604
9.504
9.709
7.508
8.707
7.509
8.306
8.412
8.610
9.609
7.997
8.606
9.309
10.009
7.706
8.864
8.808
8.306
8.308
7.607
8.108
9.707
8.412
9.306
8.306
7.507
9.209
9.593
9.209
7.506
9.608
9.309
9.609
9.208
9.306
8.207
9.408
7.507
9.207
8.108
9.808
9.608
9.408
9.108
9.712
9.808
8.010
8.407
8.110
8.810
8.805
8.708
8.566
9.708
8.007
9.508
9.908
9.907
9.109
9.008
9.972
8.607
8.208
9.408
7.909
7.708
7.609
9.808
7.907
9.507
8.176
7.707
9.266
10.041
9.503
8.808
9.809
10.007
9.907
7.808
8.908
8.607
9.208
7.508
8.514
9.904
9.708
8.306
9.708
8.708
7.508
9.620
10.032
8.407
9.107
7.808
8.607
9.208
7.806
9.310
8.806
8.408
9.779
7.908
8.308
9.107
9.234
8.209
9.207
9.305
8.708
8.310
7.820
7.908
8.507
9.008
7.909
8.108
9.908
7.806
9.408
9.916
7.506
9.521
8.208
9.108
9.907
9.607
8.510
7.808
8.809
9.844
8.709
8.407
7.707
9.709
7.652
9.607
8.114
9.508
8.809
9.310
7.807
9.406
9.910
8.808
8.307
8.007
9.709
8.308
8.339
9.198
8.109
8.307
8.610
9.108
9.908
8.408
8.807
8.508
8.707
7.708
8.307
7.509
8.808
8.506
10.011
9.107
8.006
8.016
8.508
9.606
9.808
8.809
8.970
9.908
7.808
9.708
7.838
10.011
8.207
8.608
9.107
9.064
9.591
7.884
8.007
9.707
8.809
9.506
8.107
7.606
9.709
8.908
7.908
8.407
7.511
7.813
10.008
8.211
8.312
8.605
7.708
8.207
7.607
9.397
8.008
8.109
9.207
8.307
8.010
9.906
9.606
9.808
8.806
9.107
7.709
9.609
8.704
9.209
9.008
9.381
9.410
8.719
8.308
10.112
9.897
8.309
7.708
10.007
9.006
8.708
8.710
9.506
9.408
8.812
8.706
10.006
9.409
7.812
8.407
7.508
7.607
8.113
10.010
9.024
9.611
7.703
8.510
8.406
9.407
7.607
7.606
8.908
9.009
8.608
8.808
8.807
9.484
9.008
8.918
8.708
7.607
7.508
8.018
9.817
9.109
9.409
9.909
8.408
9.827
8.207
8.710
7.508
8.709
8.608
9.009
8.507
8.809
7.607
9.410
8.409
7.808
9.809
9.810
9.306
8.307
8.610
8.207
7.909
7.714
9.603
9.208
8.114
9.909
9.706
8.008
8.906
9.270
7.807
10.007
8.910
8.507
8.606
9.008
10.011
9.808
8.108
8.409
8.707
8.313
7.911
9.813
8.606
7.609
9.607
8.020
8.711
8.306
8.812
9.306
8.708
8.312
8.408
9.310
8.308
8.207
10.007
9.707
9.910
7.706
9.708
8.809
8.807
8.276
7.915
8.706
8.104
8.508
9.810
9.611
9.514
7.604
9.305
8.209
8.005
9.009
8.809
9.205
9.809
7.507
8.609
8.708
8.517
9.509
8.107
9.406
7.608
8.114
9.215
7.609
8.306
8.807
9.106
9.612
9.807
9.511
8.405
7.808
8.207
8.109
7.506
7.612
8.304
9.605
8.608
9.007
8.509
9.905
8.111
8.508
7.507
9.407
9.913
8.708
8.808
7.906
8.009
9.111
8.510
10.004
9.209
9.408
8.711
8.505
9.109
8.410
8.105
7.708
9.009
8.826
8.303
9.208
9.208
9.306
8.709
7.789
8.207
10.011
7.710
9.007
8.607
7.971
8.057
8.519
8.905
9.812
9.008
9.707
8.813
7.510
9.608
8.209
9.664
8.468
9.209
8.813
9.406
9.806
9.014
8.506
8.810
9.907
7.608
8.107
9.310
9.114
8.305
7.510
9.207
8.708
9.317
7.707
9.013
7.508
8.808
7.906
10.007
7.908
7.708
8.807
7.909
10.006
9.764
7.607
8.407
9.057
9.003
7.906
8.909
7.909
8.940
7.612
7.908
9.206
8.408
9.807
8.408
9.409
10.007
7.506
8.008
9.307
7.908
9.610
9.512
9.409
7.504
9.509
9.910
7.906
8.208
7.908
7.907
8.011
8.108
8.828
9.503
9.808
9.409
8.311
7.806
8.412
8.706
8.311
7.505
9.608
8.301
8.509
9.009
8.306
8.707
9.708
7.508
9.208
9.308
9.607
8.709
9.525
9.010
8.512
9.906
9.911
9.008
7.706
7.808
9.809
9.209
10.006
9.509
8.505
8.409
9.807
9.410
9.607
8.209
9.706
9.407
9.117
8.308
8.510
9.909
9.506
8.125
7.603
8.811
7.505
9.721
7.713
9.513
8.858
8.709
9.405
8.608
7.811
9.805
9.108
7.707
9.008
9.007
9.908
7.608
9.909
9.705
9.808
9.709
8.008
9.607
9.208
9.708
7.809
7.609
9.507
10.008
8.409
9.608
9.007
8.508
9.410
9.208
8.113
8.109
8.009
10.006
9.409
8.609
9.808
8.407
8.825
8.993
7.507
8.729
9.207
7.609
8.508
9.107
9.809
9.007
8.608
8.908
8.807
9.109
9.208
8.507
9.309
7.707
8.208
8.406
8.908
7.607
7.509
9.609
8.418
8.207
9.509
8.008
9.507
9.409
9.109
8.307
8.408
9.209
9.729
7.811
9.374
8.307
9.409
9.216
10.008
8.208
8.210
8.808
10.008
9.924
9.809
9.210
7.745
7.883
7.503
9.207
8.209
7.762
8.910
9.406
8.708
8.512
9.907
8.118
8.101
8.910
9.103
9.008
8.208
8.710
9.584
7.609
9.713
9.107
9.507
9.706
9.811
7.607
8.409
9.708
7.608
8.308
8.908
7.907
8.908
9.110
9.807
9.712
9.408
8.807
9.008
8.007
9.823
9.051
8.651
7.810
8.016
7.713
9.611
9.011
9.109
9.224
9.111
8.811
8.222
8.712
8.611
7.910
8.910
9.714
7.810
9.110
7.908
9.411
9.711
9.309
8.412
9.609
8.910
7.911
8.336
8.007
8.412
8.210
9.711
9.810
8.824
7.709
7.614
8.509
9.211
9.414
7.610
8.410
8.309
8.414
9.706
9.411
9.011
8.637
9.005
9.309
7.811
9.611
8.811
10.012
8.910
10.011
9.713
7.909
7.812
7.910
8.711
9.012
8.610
8.311
8.712
9.915
8.531
9.013
8.512
7.809
8.511
8.710
8.810
9.413
9.608
8.412
8.911
8.712
9.710
8.111
8.209
10.011
7.609
9.518
7.508
9.212
9.409
9.709
9.910
9.811
7.711
8.534
8.909
9.111
9.515
7.510
9.214
8.322
9.298
7.612
8.508
7.610
8.810
10.008
9.707
8.510
8.610
8.808
9.758
8.206
9.410
7.852
8.409
9.709
9.914
8.605
8.908
9.409
8.306
8.710
9.306
8.506
9.909
8.122
7.707
9.327
8.305
9.407
10.009
10.009
9.510
8.711
7.809
8.207
8.610
7.608
9.209
9.707
8.907
8.807
8.108
8.208
9.407
9.008
7.920
9.409
7.507
9.510
8.707
8.510
8.308
8.007
9.892
8.107
8.819
10.009
7.508
9.712
9.319
7.708
9.808
8.708
8.908
7.709
9.608
7.607
7.908
8.908
9.908
9.307
7.954
8.106
7.710
9.823
9.809
8.109
9.107
9.811
7.705
7.911
8.508
8.508
8.609
8.476
9.325
10.008
8.307
9.314
9.806
7.820
9.708
9.509
9.207
8.509
9.809
8.806
8.909
7.610
7.608
8.909
9.608
8.208
9.507
9.811
7.907
9.206
8.009
9.707
9.110
8.208
7.809
7.707
9.211
8.910
8.637
8.612
9.008
9.506
7.905
8.978
9.999
7.721
8.409
9.132
8.807
8.309
8.009
7.808
8.406
8.407
9.211
8.112
9.103
8.810
7.908
9.808
7.908
8.407
9.409
9.709
9.407
9.917
10.009
8.708
9.007
8.516
9.905
8.107
8.106
7.908
9.611
8.208
8.107
7.908
9.908
9.607
8.711
8.007
9.909
9.807
8.909
9.207
7.807
8.209
7.906
8.407
7.909
8.510
9.606
10.008
8.406
8.907
7.508
8.311
7.509
9.007
9.508
7.506
9.609
7.808
7.907
9.113
8.507
8.607
9.707
8.509
8.306
8.507
9.108
8.207
8.409
8.107
7.525
8.808
9.008
8.007
9.910
9.606
9.214
9.405
9.608
7.507
8.207
9.808
8.307
8.507
8.708
8.007
8.507
8.493
8.541
9.225
7.506
9.546
7.909
9.907
8.208
8.707
8.608
10.007
9.608
9.508
8.011
9.709
8.471
9.807
7.810
8.307
9.307
9.509
7.606
9.006
9.649
8.617
8.708
8.003
9.808
9.908
8.708
8.409
8.307
9.726
7.501
8.507
9.409
7.907
8.510
7.511
9.468
9.604
10.011
8.908
9.107
8.110
8.706
10.009
8.009
9.006
8.407
9.908
8.508
8.607
8.821
8.288
9.909
7.507
8.907
9.607
7.508
7.609
7.909
8.509
9.807
8.208
9.710
9.107
8.809
8.207
9.308
8.110
7.715
9.407
9.809
9.508
7.508
8.409
9.707
8.008
7.607
8.107
8.008
8.807
9.309
9.408
9.509
9.109
9.606
8.309
8.812
9.609
8.617
9.307
8.169
8.409
10.006
7.706
7.609
8.708
8.608
9.508
9.606
9.108
8.806
9.309
8.506
9.007
7.808
8.110
9.806
8.110
8.709
7.706
9.468
7.908
9.807
9.007
9.808
9.308
7.508
8.507
9.108
8.607
7.708
9.909
9.709
7.807
7.709
9.908
9.306
8.908
9.511
9.023
7.907
8.206
8.209
9.106
10.009
8.708
9.807
9.710
9.408
8.608
9.906
8.908
9.208
9.709
7.906
8.908
9.108
8.112
7.628
8.109
9.407
8.007
7.909
9.111
8.404
8.208
8.907
7.808
9.808
8.505
9.313
7.603
9.210
7.621
9.406
9.109
9.006
9.149
8.903
8.508
7.809
9.008
10.008
9.607
8.810
8.004
8.610
7.809
8.709
8.707
8.802
7.905
9.308
9.107
9.509
7.806
10.012
8.503
8.358
9.713
9.709
7.506
10.007
8.909
7.806
9.406
8.130
9.362
8.637
9.805
8.007
9.080
8.707
7.909
8.708
10.006
8.410
10.009
7.726
9.708
8.907
8.909
7.508
8.106
8.211
9.805
8.607
8.309
8.405
9.408
8.007
8.107
9.609
8.110
9.707
7.516
8.352
6.969
9.505
8.821
7.601
10.014
7.910
8.811
7.812
9.311
8.711
8.910
9.412
9.209
8.512
8.210
8.011
8.610
9.010
8.909
8.510
7.514
9.807
9.411
9.411
7.909
7.611
9.110
8.717
9.806
9.108
8.910
7.712
8.609
7.811
7.814
8.515
8.411
9.307
9.113
7.807
8.010
7.910
9.711
9.712
9.010
7.908
7.913
7.709
9.621
9.309
8.715
9.788
9.210
8.211
9.214
9.810
8.409
8.313
8.527
8.118
7.508
9.909
8.311
8.809
7.811
8.910
9.915
8.707
8.012
8.932
9.211
8.510
9.512
8.849
8.412
8.516
9.410
8.813
8.608
9.011
8.209
10.013
8.809
10.010
8.215
7.911
9.710
9.115
8.910
8.312
9.716
9.210
8.108
8.213
7.913
8.610
9.613
7.713
10.013
7.711
9.343
9.112
8.910
9.011
7.917
9.808
9.911
10.014
8.511
8.710
9.115
9.508
8.610
7.813
9.609
9.312
8.360
9.209
8.511
9.911
7.621
8.211
9.012
8.310
9.110
9.510
9.510
8.813
9.910
9.610
9.017
9.411
8.711
8.013
8.347
9.310
7.812
8.108
9.211
9.010
9.522
8.311
8.492
8.110
8.813
8.108
7.513
9.608
9.911
8.610
9.715
7.509
9.512
8.612
8.511
8.764
8.210
8.109
10.027
8.310
7.710
9.110
7.612
8.911
9.614
8.409
8.306
7.510
9.256
7.610
9.311
8.710
8.610
7.811
9.509
10.010
8.511
9.715
9.709
8.313
8.409
9.308
8.512
8.011
8.127
9.506
9.214
9.010
7.808
9.313
9.811
8.011
8.320
9.913
9.610
8.113
8.408
7.810
8.310
7.612
8.110
7.511
9.011
9.311
7.912
8.608
9.210
8.911
8.411
8.810
9.712
9.504
8.407
8.309
7.511
9.212
7.912
9.512
8.010
8.214
8.710
7.814
8.711
9.909
7.810
8.410
8.010
8.849
8.907
8.802
9.108
9.614
8.908
8.213
8.808
9.309
9.508
8.113
8.106
7.811
9.606
7.921
9.909
7.809
8.708
7.618
9.600
9.102
9.656
7.578
7.511
8.223
8.111
8.711
8.110
8.404
9.910
8.621
9.912
8.713
10.054
8.942
8.385
8.803
9.820
9.710
8.095
9.214
7.924
8.798
9.810
7.512
9.211
9.813
8.010
8.013
9.909
7.613
9.609
9.613
7.724
9.611
8.011
8.550
8.510
8.728
9.490
8.510
9.851
9.311
9.713
9.910
8.312
8.319
8.804
8.331
7.900
9.527
7.616
8.601
8.219
7.512
8.610
9.912
9.964
9.300
8.117
9.904
9.413
7.521
9.519
9.811
10.016
10.007
8.210
8.512
8.720
7.812
9.710
8.605
9.825
9.507
8.403
8.222
7.708
9.725
9.006
8.413
9.161
9.193
9.520
10.014
9.215
8.198
10.011
9.220
10.010
7.902
9.313
9.609
8.222
8.910
9.511
8.209
9.016
7.899
9.421
7.632
8.247
9.011
8.813
8.112
8.411
9.912
8.818
8.746
9.821
7.809
9.612
8.802
9.720
9.013
9.014
9.015
9.909
8.912
8.420
9.827
9.408
7.653
9.502
7.710
9.212
9.015
8.432
8.110
9.412
7.706
8.409
7.709
9.211
9.918
8.313
7.730
9.804
9.620
8.903
9.510
7.529
8.624
8.410
9.926
7.710
9.908
9.101
7.512
9.021
10.017
7.494
8.527
7.704
9.511
8.719
9.448
8.413
9.612
7.612
7.911
10.004
8.568
8.110
9.422
8.414
8.989
9.511
8.111
8.719
8.611
7.706
8.918
9.713
8.602
8.812
7.611
8.819
7.810
7.613
7.604
7.911
7.611
8.618
8.311
9.913
10.016
7.806
8.403
9.723
7.910
8.916
9.608
8.982
9.707
8.805
10.008
8.600
8.421
8.195
10.010
9.716
8.400
8.807
9.417
9.801
7.516
9.699
8.661
8.009
9.812
8.905
8.609
7.608
7.607
9.411
7.647
7.509
9.709
8.507
9.708
7.713
7.508
9.419
9.410
9.817
8.307
9.309
8.538
9.220
7.742
8.410
8.907
8.811
9.707
8.421
8.507
10.007
8.009
9.809
8.108
7.908
8.609
9.381
8.212
8.908
8.807
8.321
8.913
8.708
9.609
8.709
8.909
9.657
8.009
8.209
9.356
9.009
7.718
7.699
8.218
7.898
8.818
9.799
9.209
8.517
8.301
7.907
8.609
9.007
7.609
9.430
9.405
9.013
8.619
7.802
8.014
7.608
8.619
9.703
8.820
8.101
8.317
7.609
7.702
9.159
8.617
9.700
8.011
8.813
10.009
8.904
9.208
8.709
8.809
8.508
9.909
9.609
8.922
8.601
8.510
9.316
8.000
8.109
8.417
9.299
8.413
8.903
9.428
9.698
8.500
8.131
7.802
9.621
8.506
8.199
8.607
9.618
7.802
9.316
8.301
7.915
8.404
7.614
9.400
9.709
8.609
9.419
9.308
7.701
8.008
7.922
9.545
8.511
8.508
8.008
7.709
9.607
9.408
9.709
9.310
8.109
7.907
9.814
7.617
8.907
7.901
8.917
8.410
8.410
8.311
9.400
9.118
9.199
9.509
8.427
8.901
8.419
7.899
8.326
8.506
8.407
8.705
8.098
9.410
10.006
8.608
9.908
9.508
7.921
9.715
8.701
8.703
7.508
8.414
9.008
9.203
9.009
7.806
7.720
7.609
8.701
9.717
9.409
7.999
9.186
7.697
9.618
9.921
8.300
7.817
8.500
9.310
9.116
9.099
8.809
9.217
7.606
8.603
8.612
8.307
8.410
9.907
9.519
8.699
8.418
8.523
7.789
7.616
8.999
8.018
7.700
7.817
7.609
9.608
8.427
9.482
10.017
7.906
9.516
8.199
8.509
8.010
7.609
7.714
9.808
9.007
9.401
10.005
7.718
7.899
8.410
8.722
7.903
8.011
9.908
8.899
9.218
7.800
9.023
8.397
8.330
9.397
8.698
8.708
9.116
9.800
8.307
9.208
7.908
7.908
9.950
9.108
8.610
7.509
9.308
8.425
9.201
8.608
8.518
9.398
9.008
9.618
8.199
9.709
7.531
8.000
8.517
9.501
8.516
7.611
7.799
9.617
9.707
9.202
8.410
8.717
9.198
9.218
7.809
9.605
9.714
7.801
8.817
8.201
8.009
8.025
9.292
9.710
9.108
7.718
9.313
8.207
9.809
10.008
7.800
10.010
8.216
9.018
9.410
9.209
9.304
9.712
8.702
8.914
9.104
9.618
7.699
8.217
8.898
8.218
7.900
8.519
8.798
9.220
9.411
9.296
9.708
8.618
9.199
8.917
9.020
8.397
9.603
8.721
8.300
7.609
8.808
9.008
9.320
8.205
8.420
8.627
8.084
9.620
7.601
9.808
9.408
8.108
7.909
8.216
8.804
8.312
9.410
7.516
7.607
8.700
9.408
9.822
10.021
8.699
8.819
8.908
9.608
8.615
7.806
7.813
8.707
9.307
9.610
7.905
10.100
7.901
9.224
8.108
7.599
9.419
7.897
9.517
10.008
8.304
7.709
8.920
9.405
9.815
9.012
9.512
8.722
8.500
9.513
8.612
9.710
8.419
7.703
9.412
9.534
8.099
9.911
8.316
9.908
9.525
8.805
10.017
10.007
8.103
8.116
7.608
7.621
8.495
9.622
7.506
9.512
10.094
9.205
9.007
10.009
8.117
8.709
8.600
9.316
8.310
9.722
9.165
9.221
7.513
8.396
8.727
8.194
8.217
9.516
8.003
7.810
8.399
8.009
7.716
9.120
8.798
8.008
9.200
10.031
7.805
9.509
9.609
7.709
8.609
8.636
7.811
9.401
10.009
8.914
8.813
8.205
8.616
7.801
9.926
8.794
8.930
8.800
9.510
9.808
8.408
7.715
7.511
9.307
8.407
8.007
8.510
9.707
8.579
7.909
9.605
8.808
7.508
9.108
9.306
8.608
7.809
9.607
8.108
7.707
8.709
9.406
8.610
9.807
9.907
8.786
8.707
8.736
9.908
8.206
8.407
8.410
8.407
8.708
7.707
9.507
9.207
8.910
9.107
7.809
9.508
8.808
9.409
9.507
8.007
8.808
8.208
8.407
8.307
8.808
8.809
9.507
8.308
7.607
9.408
8.106
8.807
8.107
9.508
8.846
9.008
8.150
9.909
7.519
9.307
7.608
9.507
8.606
9.210
8.706
9.108
8.710
10.008
8.406
8.107
8.009
9.706
8.909
9.008
8.207
7.808
8.008
7.808
8.709
8.107
10.008
9.616
9.408
8.007
9.008
8.311
9.712
9.606
8.012
9.704
9.011
8.311
9.307
7.745
7.506
7.908
9.317
8.707
7.808
7.707
9.308
8.408
7.509
8.117
7.607
8.207
8.710
8.109
8.854
9.906
8.708
8.707
9.309
8.207
9.407
8.408
9.223
9.000
8.113
9.809
8.880
9.807
8.209
8.009
10.007
8.207
8.607
9.308
9.409
9.116
9.719
8.904
10.010
9.706
9.709
7.709
8.109
8.307
8.308
9.410
8.106
9.712
8.008
7.701
8.007
9.916
8.708
9.807
9.007
9.407
9.709
7.706
9.110
7.805
8.456
9.307
8.807
9.710
8.507
8.310
8.705
8.109
9.744
8.908
7.920
9.407
9.107
8.507
7.809
7.508
8.008
8.508
10.009
8.507
8.806
7.908
8.507
10.006
7.809
7.609
9.511
7.608
7.809
8.808
8.209
8.995
8.008
9.507
8.508
9.207
7.707
9.910
10.009
7.608
8.907
7.824
9.712
7.906
9.106
10.011
8.132
9.609
8.608
8.026
8.307
9.905
8.530
9.486
7.516
9.051
9.707
9.513
9.309
7.605
8.409
9.909
9.108
8.910
9.508
7.708
8.210
9.905
7.807
8.109
10.008
9.221
8.513
9.610
9.808
7.768
9.835
7.807
9.809
8.414
8.410
8.207
8.206
9.613
7.711
8.412
8.510
7.507
8.008
7.808
7.608
9.009
7.698
9.408
8.008
9.808
9.915
8.805
9.711
7.608
9.407
9.809
9.307
8.007
9.617
9.008
8.207
9.307
9.508
8.206
7.507
7.807
9.109
8.407
9.908
9.306
9.308
8.608
9.507
9.906
8.917
9.709
8.893
9.307
9.006
9.509
9.207
8.807
8.208
8.808
9.107
7.809
8.809
8.308
8.308
8.310
10.009
9.309
7.508
9.507
10.012
7.506
10.008
9.010
8.509
7.506
8.512
7.906
8.610
7.907
7.708
7.607
7.706
9.209
9.609
9.507
8.708
8.862
8.407
9.607
7.710
7.607
9.909
9.008
8.509
8.407
9.864
8.507
7.612
9.809
8.173
7.503
7.507
8.008
9.208
8.707
8.009
7.806
9.108
9.308
8.308
9.407
9.517
8.710
8.814
9.009
8.108
9.907
7.907
9.164
9.511
8.207
9.111
9.506
9.708
7.509
7.811
9.508
8.709
7.907
9.405
9.508
8.108
9.608
7.509
7.506
8.208
8.210
7.805
7.507
7.508
8.888
9.606
9.709
7.506
8.208
8.810
8.313
8.108
9.310
9.908
7.708
10.011
9.104
9.708
9.808
9.409
7.507
9.442
8.339
7.965
8.808
7.708
9.008
8.508
7.714
9.007
9.319
8.407
9.347
9.512
8.607
8.111
9.024
8.206
8.309
9.707
9.609
9.109
7.906
8.808
9.211
8.108
8.905
8.513
8.007
8.608
7.708
8.207
8.208
8.508
9.110
9.601
8.916
7.908
7.909
9.111
9.404
9.910
7.614
8.908
9.508
9.008
9.507
8.406
9.707
7.910
8.307
9.410
9.508
8.708
8.308
8.808
9.607
9.908
9.807
7.707
8.509
10.008
8.608
9.409
8.607
7.507
8.813
10.055
8.010
9.406
9.207
7.553
9.507
9.610
8.908
8.909
8.507
8.510
7.605
8.308
8.909
8.314
7.709
8.610
9.708
8.506
9.908
9.408
8.406
9.808
9.809
9.607
9.807
8.306
8.908
8.507
8.408
7.806
8.708
9.107
9.907
7.810
9.107
9.506
7.510
8.206
8.610
8.506
9.208
8.609
9.408
8.307
9.608
9.807
9.610
9.205
8.207
9.610
8.805
9.312
9.406
8.507
8.810
9.307
9.409
7.807
7.707
7.909
8.310
8.907
9.508
8.212
9.623
8.709
7.813
9.505
9.409
8.908
8.208
8.811
10.010
7.507
9.810
9.504
9.810
9.308
8.909
8.107
8.807
7.808
10.008
8.307
8.807
8.913
7.509
8.378
9.508
8.009
8.705
7.707
9.408
8.312
8.606
9.008
9.807
9.008
8.706
9.114
7.823
9.406
8.007
8.008
9.609
7.707
7.607
9.509
9.711
9.208
7.502
8.790
9.507
7.635
9.484
8.504
9.309
9.607
9.507
8.909
7.708
8.409
9.105
9.808
9.406
7.907
8.808
9.108
9.608
10.006
8.208
7.509
9.508
8.910
8.009
9.007
9.408
8.408
8.607
9.008
7.709
8.606
7.908
10.009
9.006
9.908
8.607
8.409
9.619
8.096
9.903
9.807
9.107
9.007
9.508
8.507
9.408
8.489
7.508
9.106
8.506
8.427
9.221
7.906
9.908
9.910
9.606
9.209
8.407
8.106
8.308
8.755
9.508
8.707
8.608
8.608
8.707
9.707
9.550
8.207
7.905
9.207
8.107
9.509
8.107
7.708
7.908
7.706
8.709
7.906
9.313
9.910
8.907
8.606
8.006
8.932
8.584
7.506
8.208
9.408
8.408
9.006
8.209
8.010
7.808
9.309
9.106
9.009
9.105
8.508
9.911
9.507
7.808
8.106
8.905
8.432
8.411
9.305
8.808
9.896
9.906
8.124
9.608
8.707
9.223
7.708
7.710
7.808
7.817
8.408
10.010
8.907
7.608
8.172
9.408
7.906
7.608
8.607
9.709
9.209
9.607
9.506
8.608
7.508
7.607
10.009
8.416
8.709
9.207
9.807
8.608
9.115
8.009
8.108
8.001
9.906
8.607
8.214
7.704
8.907
9.310
7.806
7.920
9.409
8.408
10.007
7.507
8.707
8.587
9.711
7.906
8.205
9.307
9.009
8.207
9.628
9.012
9.305
8.210
8.308
9.209
9.306
7.602
9.708
7.610
8.207
9.607
8.708
9.108
10.009
7.708
8.309
7.907
8.309
7.909
8.806
8.208
8.108
7.507
9.408
7.706
8.120
7.707
9.508
9.607
8.608
9.106
8.735
7.807
10.008
9.808
9.645
9.507
10.007
9.409
9.607
8.107
9.108
8.408
9.711
9.205
8.807
8.207
9.610
9.607
8.808
8.608
7.908
9.407
8.608
9.806
9.808
9.409
7.607
9.207
8.907
8.710
8.408
7.807
9.007
8.608
7.507
8.758
8.007
10.009
8.307
7.531
8.306
9.907
8.608
8.144
9.082
10.018
8.810
8.805
9.609
7.708
9.911
10.008
9.615
8.609
9.906
9.308
7.907
7.608
8.709
9.605
8.808
9.906
9.920
7.907
8.307
7.505
9.209
8.807
10.008
10.007
9.009
8.408
10.007
7.708
9.110
9.206
7.708
8.007
8.009
9.807
8.308
8.008
9.953
8.006
9.208
9.908
7.507
9.808
10.008
8.915
9.303
8.709
8.661
9.397
9.210
9.706
9.307
8.509
8.407
9.508
8.628
7.602
7.806
8.506
7.808
9.408
7.908
8.117
10.009
8.407
8.007
8.208
9.107
7.908
8.907
8.208
7.907
8.907
8.207
7.909
7.707
10.010
9.306
8.907
9.309
8.606
8.509
8.507
9.807
9.662
8.107
8.310
9.906
8.514
9.609
7.709
7.808
10.008
8.506
7.908
8.509
9.005
8.609
7.508
9.607
7.708
8.509
7.704
9.110
9.207
8.308
9.405
9.309
7.506
8.409
8.706
8.908
9.624
10.010
8.807
9.307
8.008
9.708
9.207
9.011
9.406
9.610
9.604
9.506
8.008
10.009
7.906
9.710
8.805
8.123
9.509
9.008
9.308
9.709
8.058
8.404
7.909
7.507
7.910
8.110
8.613
9.107
9.507
8.121
9.007
8.308
10.010
9.807
8.108
9.308
8.793
10.008
8.806
8.209
9.407
9.316
8.206
10.008
9.108
9.706
8.007
8.508
8.606
7.508
8.108
9.308
8.409
8.549
9.409
9.010
9.207
7.911
8.105
8.919
8.809
9.858
9.807
8.908
9.508
8.007
8.107
8.408
8.134
9.410
9.310
7.605
8.808
10.058
7.508
7.806
9.657
8.306
8.908
8.308
8.306
9.709
7.609
9.406
8.208
9.710
8.407
7.511
7.712
9.204
9.006
9.008
9.107
8.809
8.008
8.811
9.311
8.807
9.713
10.007
8.109
9.107
7.508
9.612
9.106
7.809
7.607
8.853
8.808
9.209
9.918
9.607
8.811
10.006
9.110
9.705
9.809
7.613
9.705
10.022
9.507
8.709
9.203
8.610
7.606
9.708
7.606
9.602
8.509
9.909
9.507
9.308
8.908
9.807
9.107
8.109
7.760
9.206
9.708
9.008
8.310
9.512
8.710
9.604
9.611
7.705
9.310
9.324
7.925
9.106
9.208
9.908
7.907
8.510
8.607
8.007
8.209
8.665
7.608
9.413
8.607
9.808
8.604
7.509
9.710
7.808
8.122
9.911
9.509
7.707
8.809
7.708
9.710
10.007
7.508
9.407
7.910
9.505
8.618
8.310
8.510
8.009
8.309
9.205
9.007
9.508
9.710
9.708
8.210
10.007
9.208
9.410
10.007
8.009
9.694
9.611
8.306
7.607
9.508
7.809
8.143
8.406
8.210
7.707
8.606
8.409
9.708
9.007
7.808
8.408
9.808
9.111
8.905
8.210
8.208
7.909
7.807
8.008
7.779
8.914
8.006
9.614
8.108
7.912
7.607
7.607
7.608
8.408
7.908
9.808
8.709
8.596
8.209
9.708
9.007
9.311
8.010
8.808
8.207
8.428
9.705
8.107
7.607
8.607
8.809
8.307
9.208
9.410
8.810
9.605
8.108
9.509
9.207
8.910
9.917
9.307
9.008
7.708
7.723
9.626
10.007
9.109
8.107
8.105
8.709
9.607
7.508
9.511
8.308
8.210
8.006
8.108
9.017
8.103
9.208
8.008
9.108
8.508
9.906
7.819
8.107
8.160
9.908
9.812
9.507
9.909
9.109
8.607
7.507
9.323
8.106
7.513
8.504
8.906
8.308
9.810
8.408
8.408
9.407
9.407
9.390
9.908
7.508
8.307
8.108
9.428
9.009
9.768
7.905
8.809
10.008
8.709
9.407
10.010
8.509
9.009
9.904
7.611
7.508
7.507
9.611
8.108
7.504
8.109
9.607
8.420
8.008
8.110
9.506
9.909
7.708
8.709
9.908
7.707
9.709
7.907
9.898
8.606
7.514
7.816
7.507
7.608
9.007
9.608
7.607
7.607
8.507
7.610
7.707
8.507
7.608
10.013
9.401
7.905
8.108
8.912
9.012
8.699
9.776
8.408
8.605
9.908
9.609
8.408
7.727
9.504
9.008
7.519
8.004
9.207
8.006
8.112
9.307
9.607
7.807
9.610
9.906
8.964
9.909
7.710
7.507
7.506
7.508
9.406
8.109
8.309
8.407
9.709
9.412
8.308
7.907
7.908
8.107
7.705
9.007
8.407
9.701
7.908
8.626
7.805
9.607
9.307
8.410
9.108
9.008
8.908
8.707
8.808
7.967
8.508
9.105
8.008
8.706
9.309
7.507
9.314
7.607
8.708
9.008
9.708
9.507
9.406
7.807
7.708
9.512
9.307
8.808
9.306
9.810
9.906
9.607
9.309
9.505
8.106
8.412
8.308
9.508
9.707
9.709
10.020
8.309
8.907
8.109
9.707
8.107
8.148
9.108
8.406
9.508
8.006
8.107
8.909
9.906
8.410
9.206
9.509
7.806
7.907
8.709
7.507
8.008
8.407
9.607
9.908
9.007
8.009
8.306
8.709
7.808
7.908
8.807
8.606
9.308
9.413
8.205
7.609
7.606
9.808
8.506
9.763
7.909
9.308
8.706
7.707
7.808
8.007
10.008
8.208
8.708
8.808
8.407
9.409
9.808
7.907
9.408
8.908
8.744
7.599
7.509
9.007
8.130
8.811
7.808
7.507
8.308
8.710
7.606
8.507
8.803
8.908
8.308
9.114
8.122
9.711
9.410
8.509
7.708
9.507
9.407
8.908
8.210
7.706
8.411
7.907
8.408
7.707
9.608
9.609
7.807
9.606
8.509
8.618
8.610
8.809
8.909
9.408
7.508
9.270
8.009
8.908
8.008
9.009
7.909
8.909
8.707
9.811
7.509
8.906
9.416
9.408
7.909
7.607
9.607
9.007
8.210
8.109
9.204
7.707
7.707
9.715
9.908
8.907
8.509
8.606
7.808
9.907
7.910
8.007
9.007
8.784
9.512
9.907
7.606
9.907
8.606
8.809
9.914
8.611
7.808
9.313
7.906
8.408
9.308
7.610
9.908
10.008
8.313
9.010
7.905
8.608
8.908
7.908
10.008
9.907
9.007
7.807
9.909
9.696
8.309
9.024
8.207
7.795
8.709
8.606
7.708
9.810
7.504
10.009
8.509
7.908
9.170
9.108
8.808
8.538
9.299
8.722
8.507
7.707
7.808
9.106
8.808
9.409
9.508
8.807
9.407
8.409
9.400
9.206
8.112
7.703
8.409
9.108
8.108
9.807
7.711
8.310
9.806
7.608
8.308
8.207
8.008
9.916
9.909
9.605
8.407
9.307
8.406
9.609
9.506
8.709
8.610
8.411
8.105
8.207
9.908
7.607
9.120
9.107
9.408
9.909
9.408
7.906
8.923
10.008
7.611
9.010
8.510
9.912
9.406
9.308
8.311
7.533
9.308
8.307
9.684
7.812
7.508
7.908
7.509
9.709
9.408
8.809
8.007
7.724
9.508
7.907
7.709
8.707
9.709
9.809
8.611
9.205
7.911
10.006
9.409
8.006
9.212
7.899
8.011
8.559
9.815
9.008
8.506
9.008
9.823
8.299
9.408
9.807
8.908
9.407
9.407
8.437
8.201
7.618
8.505
7.808
8.208
9.009
9.106
7.806
8.907
7.609
9.810
9.307
7.709
9.310
10.006
9.408
9.608
8.108
8.018
9.308
9.708
9.108
8.413
9.407
7.530
7.910
9.206
8.922
10.005
8.789
9.910
8.214
8.819
8.508
8.513
9.507
7.608
7.797
7.502
9.109
7.812
9.804
8.521
8.120
9.006
8.609
7.684
8.706
9.211
8.208
8.110
8.819
10.104
9.210
8.206
7.616
9.723
7.507
9.007
9.707
8.707
9.009
7.810
7.709
7.507
9.010
9.905
7.609
9.310
9.920
9.405
9.807
9.811
8.008
8.014
8.907
9.149
8.212
7.506
8.343
9.106
8.309
9.808
9.208
7.510
7.907
9.309
9.709
8.109
8.405
9.309
9.610
10.007
9.914
9.806
7.608
8.910
9.609
7.966
8.112
9.706
9.908
7.910
9.407
8.007
8.409
8.506
9.708
9.309
8.737
8.108
8.510
9.606
7.806
7.810
9.806
8.508
9.715
9.608
9.110
8.211
9.009
8.607
8.108
8.751
8.507
8.209
7.707
8.307
8.608
8.406
7.924
8.677
9.007
10.102
9.214
7.509
8.510
9.009
9.608
9.985
9.607
8.008
9.412
9.907
8.609
9.307
8.318
8.109
8.807
10.009
9.007
7.708
8.708
9.609
9.108
9.809
7.905
9.307
8.310
9.106
7.809
8.608
7.807
9.507
8.727
9.499
9.611
9.907
8.406
9.307
9.708
8.108
10.007
9.208
8.009
8.509
8.422
9.007
9.407
9.908
9.106
8.308
7.708
7.807
7.909
9.313
7.707
8.413
8.706
8.411
7.520
9.340
9.690
7.917
8.707
8.507
7.507
8.408
8.309
8.708
7.610
8.105
9.308
7.609
10.007
10.008
8.608
8.510
9.005
8.108
8.308
8.207
9.007
8.510
8.708
9.640
7.898
9.107
8.005
9.406
10.008
8.309
8.639
9.809
8.910
9.813
8.309
8.909
8.295
9.309
7.810
8.308
7.607
9.609
8.607
7.507
9.710
10.010
8.618
8.929
8.001
9.606
9.609
9.506
8.108
8.207
9.210
8.706
7.509
9.807
8.008
10.008
8.007
9.109
10.010
9.406
9.106
8.413
8.405
9.807
7.610
8.709
8.212
7.708
8.406
9.406
8.008
8.009
9.507
9.108
9.607
10.009
8.608
9.109
9.707
9.407
10.007
8.809
8.309
10.006
8.719
8.809
7.606
9.207
8.114
7.505
8.740
9.709
8.406
9.909
9.615
8.706
8.507
7.909
9.207
9.608
10.012
9.707
7.508
9.407
8.710
9.606
9.408
10.005
8.808
9.008
9.408
9.081
7.909
7.605
8.907
9.210
9.108
9.209
8.506
9.907
9.418
10.009
9.709
7.928
9.809
9.209
9.209
8.444
9.807
8.308
7.922
9.610
7.905
8.109
9.022
9.308
7.708
8.509
9.209
9.301
7.608
8.706
8.108
8.008
9.006
9.808
9.909
8.307
8.910
8.609
8.107
8.509
8.506
7.808
8.999
8.409
9.707
8.008
9.308
9.344
9.009
9.708
9.107
9.609
7.796
8.308
8.808
8.108
9.408
8.242
7.507
9.508
9.410
8.108
7.609
8.608
8.006
7.508
9.408
9.708
8.608
7.607
8.108
9.808
7.908
9.707
8.107
7.809
7.707
9.908
9.808
9.408
9.708
8.807
9.008
7.509
9.705
7.723
8.209
9.004
8.607
8.406
8.619
8.004
9.247
8.807
9.310
9.809
8.819
8.810
9.408
7.507
8.908
7.607
10.009
9.610
9.807
8.008
7.508
7.630
8.009
9.811
9.683
7.800
8.609
8.707
7.808
8.409
8.906
8.764
7.607
7.710
9.606
8.707
8.207
8.810
10.009
7.607
8.509
8.913
9.147
7.992
9.100
7.908
8.305
9.102
7.607
8.266
9.708
7.808
8.407
7.608
7.606
8.108
7.914
8.903
9.307
8.507
9.807
8.309
9.707
9.908
8.508
9.309
8.607
9.421
8.207
8.709
9.707
9.408
7.607
8.707
7.508
9.208
9.406
8.308
8.208
9.708
9.008
7.806
7.508
7.506
8.287
7.608
8.116
8.808
9.007
7.509
9.856
8.923
8.406
9.509
8.875
9.614
8.909
7.503
9.207
9.608
8.708
8.814
9.106
9.006
7.508
9.122
8.212
9.407
7.507
9.114
9.008
9.007
9.608
9.008
9.308
7.908
9.111
7.505
9.307
8.209
7.612
9.209
9.707
8.708
8.608
8.609
8.419
7.618
8.810
7.508
9.910
7.608
9.000
8.911
9.208
8.907
8.228
7.496
8.208
8.107
9.308
9.909
9.710
9.006
8.907
9.109
9.507
8.108
9.108
8.916
8.903
9.409
8.031
8.687
8.011
9.406
10.015
9.009
9.509
8.708
9.216
9.609
8.808
8.007
8.409
8.108
9.609
9.308
8.308
7.907
9.910
7.600
7.809
9.711
9.308
9.529
8.702
8.709
10.009
7.806
7.707
9.010
9.783
8.209
7.808
7.916
7.511
7.711
9.605
9.819
8.909
8.707
9.308
7.909
9.306
7.810
8.706
8.810
9.607
9.609
9.305
9.708
9.810
9.805
9.308
9.009
9.125
8.009
7.807
9.008
8.509
8.007
8.211
8.306
8.807
8.508
8.708
9.007
8.807
8.305
8.907
7.808
9.707
8.132
8.410
8.911
8.706
9.709
7.810
8.404
9.208
9.816
8.009
9.110
9.510
9.907
8.311
8.506
8.057
8.610
7.707
9.009
9.506
8.410
10.010
8.106
9.624
8.706
9.812
8.533
9.605
8.706
8.938
9.408
9.509
9.808
8.211
8.386
9.607
8.804
9.310
8.707
8.510
10.021
8.007
8.208
9.808
8.810
9.206
7.910
7.566
9.408
9.410
9.458
7.909
9.407
7.609
7.708
8.253
10.009
8.705
7.908
8.808
7.710
9.908
8.206
7.507
8.209
9.107
9.607
9.707
8.508
8.507
8.271
8.407
9.213
8.908
8.406
7.909
8.209
8.807
7.908
7.808
8.409
7.506
8.406
7.911
7.609
8.608
8.812
7.510
9.913
9.207
8.807
7.508
9.210
9.866
7.707
7.610
9.056
7.507
9.810
7.606
8.706
8.109
8.509
7.807
9.707
9.609
8.406
7.933
8.411
9.007
8.406
9.509
9.007
9.308
9.905
9.209
7.907
8.809
9.406
7.910
8.107
8.207
8.132
9.908
8.109
8.607
7.608
9.808
8.609
9.906
9.907
10.008
8.207
8.307
7.708
7.808
7.909
8.808
8.408
9.010
7.707
9.323
8.406
9.304
8.610
8.412
8.410
9.212
9.713
7.716
9.810
7.958
8.609
8.008
7.707
9.413
9.106
8.014
9.103
7.810
7.904
8.912
7.707
8.607
10.010
8.108
9.107
8.006
9.410
7.527
9.507
9.705
9.308
8.009
9.109
8.008
9.108
10.005
9.907
8.908
7.808
9.808
9.308
9.207
7.809
9.808
8.508
9.435
7.709
7.811
10.011
8.307
9.207
7.607
9.611
9.106
8.509
8.708
9.809
7.807
8.907
9.208
10.009
8.108
9.907
9.011
8.934
9.105
9.109
8.708
7.903
9.708
8.508
10.007
8.810
9.007
9.907
10.008
8.305
7.708
7.708
8.408
8.810
9.707
8.682
8.305
8.965
9.608
9.707
8.708
7.508
8.509
8.006
7.707
9.411
8.109
9.208
8.209
9.707
8.509
9.609
7.807
8.108
8.211
7.908
9.608
9.712
7.707
9.708
8.208
7.911
10.004
9.109
9.208
9.808
7.809
7.708
8.609
7.508
7.506
10.008
7.608
8.810
8.008
7.808
8.108
8.606
9.709
9.009
8.407
8.311
8.708
8.710
9.107
9.509
9.308
8.608
9.110
9.504
8.507
9.908
7.609
8.408
9.107
9.517
8.308
9.408
9.908
9.609
9.507
10.103
9.716
9.808
8.707
7.708
7.709
9.509
9.007
9.908
8.408
9.907
8.206
9.607
8.809
10.006
9.008
8.006
8.608
8.308
7.707
9.608
8.209
7.808
8.108
9.807
10.007
9.108
9.208
9.908
8.607
8.808
9.809
8.109
8.707
8.606
8.309
8.907
8.008
9.807
8.709
8.913
9.905
9.608
8.608
8.609
9.607
7.808
9.309
8.308
8.608
9.507
8.008
9.405
10.009
8.809
9.306
10.007
7.809
8.608
10.008
8.910
7.505
9.918
9.819
8.705
8.408
8.009
7.509
9.110
8.005
8.908
8.109
7.808
8.507
9.208
9.108
8.211
9.505
8.306
9.209
8.209
8.013
9.707
7.719
8.108
8.508
9.509
8.309
8.710
8.207
8.108
7.809
8.206
7.907
10.009
9.408
9.006
8.209
9.606
8.008
9.011
8.409
8.608
9.463
9.598
8.128
8.646
7.694
7.607
9.410
9.611
8.437
7.509
9.209
8.607
8.303
7.707
8.208
8.909
9.108
8.921
9.810
9.450
9.809
7.608
9.509
9.106
9.412
7.808
8.607
7.509
9.206
9.709
8.911
8.706
9.310
9.407
9.809
9.750
9.510
9.409
9.309
8.008
9.460
8.665
9.308
7.708
8.907
10.011
9.208
8.107
9.013
9.107
10.006
8.727
9.410
9.707
7.907
8.709
10.010
9.206
8.809
9.408
9.108
7.808
8.016
8.308
9.908
7.808
8.109
9.509
9.706
9.907
7.510
9.208
8.711
9.316
9.509
7.507
9.509
8.807
8.108
8.608
7.807
8.311
7.510
9.711
8.107
8.112
8.605
8.210
7.521
9.925
7.502
9.107
7.811
8.308
9.942
7.641
8.609
8.112
9.609
8.411
8.212
9.609
7.507
9.411
9.108
9.508
9.627
8.708
8.415
7.808
10.010
8.707
8.807
10.035
8.611
9.408
8.110
9.706
7.608
8.107
9.710
7.806
9.909
10.009
8.610
9.729
7.510
9.909
7.908
9.608
8.207
8.608
9.408
8.309
7.907
8.607
7.906
10.016
9.808
8.909
8.009
9.908
7.732
9.303
9.908
8.814
8.910
8.109
8.407
9.008
8.907
8.009
9.508
8.707
7.907
8.120
8.507
8.108
7.908
8.912
7.910
8.908
7.508
9.812
9.708
8.105
8.522
7.505
8.311
8.409
9.110
8.810
8.209
9.409
8.009
8.207
8.110
9.408
8.807
9.108
8.510
7.807
9.807
8.209
9.306
7.909
9.007
7.642
8.510
9.409
9.308
8.910
8.407
9.510
8.810
8.020
7.707
9.811
8.307
8.608
8.308
9.908
10.009
9.108
9.206
8.208
9.908
7.509
7.707
8.807
9.109
8.810
9.309
9.010
9.705
8.507
9.409
8.610
8.810
7.907
8.117
8.010
9.508
9.109
7.610
8.309
9.635
7.907
8.208
8.009
9.115
9.105
7.907
9.109
8.306
9.808
9.809
8.314
9.810
10.008
9.510
9.008
8.906
8.809
8.007
8.506
9.807
9.909
9.608
8.708
7.925
7.809
9.509
10.010
9.306
9.609
8.495
9.009
7.608
9.310
9.685
9.308
8.510
7.605
8.308
9.306
7.509
8.209
7.505
7.509
8.108
9.709
9.010
9.605
8.409
9.706
8.208
8.309
9.808
7.807
9.808
7.609
8.208
9.208
7.708
7.607
8.708
8.606
9.107
8.906
7.917
8.810
8.307
8.908
9.110
9.201
8.412
9.410
9.809
8.607
9.407
8.008
8.208
8.517
7.713
9.408
8.407
8.558
7.808
8.109
9.008
7.507
8.209
9.908
9.209
8.509
10.007
7.906
9.810
9.208
9.507
7.806
8.007
7.709
9.309
9.808
9.506
7.810
9.110
9.409
8.907
8.504
9.908
9.609
9.709
7.806
9.108
8.008
9.009
9.509
8.613
7.927
9.509
9.538
7.907
8.709
8.107
7.808
9.309
8.108
9.597
8.913
8.406
7.610
9.108
7.809
7.605
8.708
8.107
9.206
8.007
9.508
7.808
8.006
9.308
10.007
8.510
8.309
8.105
10.008
7.707
9.294
8.011
10.007
8.806
8.408
8.609
9.708
8.709
8.007
7.707
8.407
9.408
8.714
8.707
8.407
9.008
8.808
9.809
9.625
8.002
7.707
9.308
8.507
8.480
8.711
8.618
9.604
9.709
9.207
9.407
10.008
8.508
10.010
7.508
9.807
8.512
8.608
9.608
9.809
9.308
9.806
8.308
8.711
8.482
9.509
9.747
9.898
8.307
9.410
9.607
9.008
9.807
9.007
7.606
8.108
7.609
8.707
7.707
7.508
7.816
9.908
7.685
9.015
10.008
7.606
8.909
8.409
8.910
8.519
8.299
8.117
8.207
9.108
9.209
9.110
8.807
8.807
9.106
9.808
8.108
8.913
8.914
8.006
7.807
9.010
8.609
8.209
7.608
9.107
8.208
8.109
8.907
8.320
9.608
8.810
8.607
8.612
9.703
10.010
9.607
8.006
8.009
7.807
9.810
9.707
9.607
8.510
8.608
8.907
8.408
9.408
7.720
9.908
9.908
8.258
8.707
8.608
9.108
9.006
7.611
10.008
9.854
9.017
8.407
9.509
7.906
9.595
8.111
7.722
9.408
7.608
8.310
7.506
7.908
8.207
9.708
7.708
9.583
8.408
9.110
7.805
7.706
9.320
7.609
7.510
7.607
9.007
8.708
9.308
8.305
9.009
9.409
7.907
8.008
7.810
10.010
8.609
10.008
8.006
8.709
9.606
8.108
9.709
9.607
8.808
7.907
9.508
9.260
7.508
7.806
8.207
7.809
8.108
7.608
8.107
8.309
7.910
9.907
9.511
9.906
8.005
8.508
9.307
8.408
9.208
9.821
8.324
7.709
9.708
9.008
9.207
9.208
9.908
9.007
8.816
8.905
9.609
8.208
7.907
9.611
8.709
8.808
10.014
9.309
8.908
8.209
7.808
9.303
8.008
9.810
9.421
8.507
8.405
8.710
9.505
7.708
8.308
7.908
8.208
7.912
9.509
9.907
9.913
9.502
9.007
8.607
8.209
8.608
9.507
8.616
8.107
8.183
9.905
8.223
7.606
8.908
9.007
7.906
8.307
9.709
7.806
7.608
8.207
9.052
8.712
7.805
9.207
9.710
8.205
9.907
7.608
7.807
9.909
7.606
9.807
8.908
8.708
7.909
7.608
8.307
9.207
8.208
9.108
9.010
9.209
9.208
8.007
8.109
9.808
8.907
7.909
7.608
9.008
8.607
9.308
7.909
8.906
8.609
7.507
9.908
8.709
7.808
7.809
8.509
7.905
7.609
7.507
9.319
8.211
7.604
7.708
10.008
8.610
9.406
9.106
7.711
8.505
9.907
8.507
8.509
8.717
8.905
8.607
7.818
7.708
8.007
8.418
9.109
9.107
8.508
9.109
7.706
9.009
9.508
9.007
9.709
9.809
9.208
9.108
8.109
9.408
9.408
8.208
7.908
8.707
9.908
8.308
9.910
9.706
9.334
8.304
8.509
8.310
9.606
8.804
8.508
7.506
9.808
7.808
9.410
8.407
9.409
9.808
7.508
9.021
8.708
9.909
8.709
7.908
9.007
9.408
10.007
8.508
7.781
7.996
9.708
7.508
8.810
9.706
9.911
8.204
8.008
8.508
9.209
7.708
7.509
7.707
7.808
9.808
8.036
9.911
8.304
7.506
9.612
8.506
9.107
8.306
8.408
7.907
8.909
9.906
10.009
8.807
8.313
7.705
9.312
8.106
7.909
8.206
7.708
8.008
9.124
8.410
9.008
8.207
8.708
9.006
8.406
9.208
8.907
9.109
9.008
9.906
9.418
8.520
8.407
8.607
9.509
9.506
9.008
8.308
9.330
9.205
9.809
7.712
9.607
9.209
8.507
10.008
9.908
8.709
8.108
8.906
9.708
9.709
9.719
8.508
8.810
8.210
7.605
7.907
7.510
9.106
7.707
9.411
7.508
8.810
7.907
9.808
8.208
9.610
8.114
7.608
8.707
8.008
8.009
8.207
9.718
9.012
8.407
9.697
7.707
9.009
8.608
7.508
8.808
8.408
8.508
7.608
9.207
8.807
8.208
9.407
7.807
8.609
8.708
8.009
7.607
9.309
7.709
8.409
8.810
8.507
8.708
7.709
9.007
9.210
8.606
8.610
8.206
9.709
8.307
8.608
8.708
9.507
8.807
7.607
7.808
10.009
7.907
9.708
8.706
8.609
9.007
9.209
10.009
7.807
9.709
7.507
9.607
10.008
8.508
8.609
8.407
9.707
9.007
9.909
9.107
7.710
8.608
10.009
10.007
9.509
8.508
8.808
8.960
10.009
8.984
9.411
7.506
9.607
9.109
8.708
8.309
8.006
7.807
8.263
8.609
7.608
8.210
8.108
7.611
9.309
9.408
8.608
8.907
8.309
8.608
7.915
8.607
9.809
7.807
8.710
9.208
9.008
7.606
8.311
9.108
9.217
7.504
9.113
8.708
9.109
7.906
9.609
9.908
8.406
7.707
8.408
8.619
8.507
9.206
8.809
7.910
8.605
10.010
9.310
9.603
8.506
10.008
8.310
8.406
7.907
9.509
7.711
9.708
9.608
8.407
8.708
9.042
8.510
8.006
7.608
7.706
8.414
9.704
7.706
9.407
7.608
8.808
8.108
8.808
8.008
9.409
9.207
9.307
9.546
8.412
8.807
8.002
8.510
9.708
9.108
9.008
9.307
9.408
8.606
9.108
7.908
10.007
8.007
8.907
7.908
8.129
9.409
8.909
8.003
9.814
8.406
8.303
8.608
9.209
9.605
9.107
8.509
8.707
8.308
8.008
9.608
9.806
8.708
8.307
9.609
7.707
10.009
8.907
9.808
8.707
8.110
7.707
8.608
8.610
9.317
9.107
9.423
8.807
8.162
7.610
8.614
9.211
8.310
9.712
8.310
7.815
8.974
9.511
9.012
9.932
10.012
8.810
9.611
8.812
9.611
9.211
9.311
9.507
8.211
9.011
8.112
8.810
9.413
9.409
7.513
8.707
8.612
9.435
10.010
9.210
9.510
8.513
8.510
7.909
8.329
9.513
8.310
9.713
9.007
9.816
9.594
8.911
8.710
9.111
7.910
8.212
8.411
9.709
7.809
9.151
8.810
8.612
8.008
8.211
8.011
8.010
9.412
9.110
9.912
9.513
8.530
9.511
8.211
9.710
10.009
9.065
9.211
8.410
8.711
8.114
8.311
8.312
9.709
9.609
9.911
7.511
7.911
8.410
9.911
8.512
7.610
8.711
9.611
8.111
9.412
7.514
8.613
8.920
9.405
8.517
8.506
8.008
8.140
9.207
7.610
8.213
8.408
9.311
9.142
9.810
9.911
7.614
8.011
9.812
9.710
8.111
9.811
7.710
9.012
9.710
8.710
9.209
8.310
8.514
9.812
7.810
8.712
8.410
9.209
8.011
9.611
7.611
8.510
7.818
9.611
8.712
8.610
7.911
7.909
7.811
7.610
8.010
7.912
8.310
7.711
7.580
8.916
7.611
8.009
7.913
10.015
9.210
9.811
8.444
7.868
9.713
8.713
9.109
8.209
8.010
9.610
7.710
8.414
8.311
8.135
7.911
9.510
9.413
8.509
7.509
9.711
8.810
8.211
7.610
9.612
8.610
7.811
8.508
8.813
8.309
9.109
8.913
7.710
9.010
7.511
8.009
8.610
8.912
9.610
9.409
9.512
9.409
9.810
8.010
7.609
7.810
8.611
9.814
9.911
9.610
10.011
9.611
8.339
8.219
10.016
8.011
9.311
7.610
9.010
8.308
8.712
8.209
9.914
9.109
9.712
9.910
9.810
8.352
8.711
9.411
7.810
8.319
8.910
7.513
8.812
9.212
8.109
9.912
8.913
7.916
9.620
8.804
7.608
7.808
9.508
10.007
8.415
9.008
7.612
7.504
9.959
8.805
8.312
9.704
8.007
8.107
9.510
7.705
8.911
8.407
9.808
9.410
9.207
8.607
9.511
8.207
7.706
7.508
8.008
9.317
8.108
7.607
8.108
8.308
8.107
7.744
8.203
9.207
9.408
8.508
9.508
9.307
10.007
7.907
8.920
7.903
8.523
8.410
8.212
7.613
9.508
7.912
9.513
8.608
9.111
8.911
9.314
9.508
9.111
7.510
8.809
9.840
7.810
9.612
8.209
8.411
9.811
8.912
7.809
9.210
10.011
9.810
8.609
7.510
7.611
10.010
8.010
8.811
8.605
8.710
9.002
7.910
9.310
8.411
9.109
8.512
10.011
8.509
8.009
9.310
8.515
9.523
9.210
8.813
9.009
9.946
10.013
8.914
8.913
7.717
8.209
9.013
7.612
9.310
9.109
7.910
9.515
9.809
9.213
7.912
8.412
8.309
8.425
7.815
9.410
7.612
8.909
9.512
8.610
9.450
8.711
9.958
9.012
8.010
8.609
8.110
8.010
8.754
9.513
9.512
9.111
7.909
8.610
9.212
9.912
7.809
9.812
9.314
7.542
9.012
9.811
8.612
10.023
8.310
9.010
9.315
8.409
7.813
8.709
9.712
9.924
7.609
9.510
8.810
8.311
8.310
9.409
8.911
9.511
9.018
8.508
8.611
9.411
9.812
7.909
9.511
7.612
7.708
8.711
7.811
9.500
8.411
9.012
9.511
9.411
8.211
8.710
7.711
8.609
7.515
7.611
8.412
7.815
9.613
9.910
8.710
8.010
9.411
7.717
7.712
8.511
8.712
9.012
8.110
8.411
9.409
7.510
8.711
9.812
8.708
9.111
9.310
9.911
8.210
8.711
9.209
8.813
7.509
9.710
9.910
7.610
9.811
8.410
8.112
9.522
8.208
9.511
7.511
7.710
9.709
7.913
8.711
8.311
9.411
9.311
9.511
8.911
9.311
8.113
8.910
8.210
9.711
8.117
8.030
7.809
9.411
9.711
9.405
9.610
9.314
9.113
9.711
9.211
10.010
8.010
8.713
8.309
10.010
8.922
8.510
9.912
9.309
9.810
8.110
8.611
9.210
7.711
7.610
8.531
8.523
9.016
9.210
8.211
9.909
9.911
8.812
9.410
9.512
8.011
8.910
9.011
9.910
8.811
8.311
10.010
9.406
9.511
8.310
9.410
8.312
9.511
9.209
7.710
9.212
7.508
9.010
8.410
7.713
9.210
9.611
8.810
8.311
9.009
9.609
8.112
8.709
8.511
10.011
8.310
9.010
8.911
9.812
9.009
7.610
8.310
9.010
9.610
7.710
9.811
8.911
8.811
9.411
8.355
9.010
8.612
8.309
8.036
9.707
8.710
9.911
9.411
7.546
8.111
8.211
9.610
9.011
9.412
8.009
8.912
7.827
9.709
7.914
7.813
8.810
8.211
8.611
7.610
7.717
8.812
7.509
9.413
7.803
9.411
7.613
9.509
8.110
8.620
7.615
7.910
9.809
10.101
10.011
9.810
8.211
8.311
9.509
10.013
7.811
7.611
9.010
8.210
9.911
9.412
8.510
8.778
7.611
9.654
9.012
8.009
8.510
9.209
7.513
8.811
8.708
7.612
8.209
9.612
8.719
8.510
10.011
8.599
8.412
7.611
8.412
9.316
8.409
7.908
9.211
8.807
8.007
8.108
9.600
8.009
7.608
8.108
9.215
7.903
7.609
8.305
8.711
8.611
10.007
8.707
7.509
8.709
8.907
8.421
8.208
7.710
9.410
8.308
8.907
7.908
8.407
9.912
10.009
9.607
7.907
9.313
8.308
8.407
7.509
7.955
9.300
7.615
8.607
8.310
8.403
8.809
9.416
9.510
7.512
9.309
8.110
7.608
8.109
9.710
8.707
8.810
10.008
8.308
9.909
8.808
8.907
8.408
8.821
8.812
7.907
9.211
8.010
8.905
7.808
8.210
9.308
9.510
8.412
7.909
7.909
9.209
9.407
9.808
8.608
9.507
9.309
9.407
9.809
9.908
9.110
8.410
8.907
9.009
9.408
8.709
7.907
8.331
9.601
9.508
9.811
7.510
8.610
8.009
8.913
8.907
8.710
8.409
8.510
9.605
9.009
9.012
8.904
8.408
8.910
7.611
7.806
8.108
9.608
7.709
8.008
8.607
8.608
9.610
7.708
8.212
8.209
8.108
9.009
7.907
7.508
8.709
8.151
8.928
9.208
9.806
7.908
7.907
8.110
9.008
7.606
9.808
8.110
9.381
8.143
9.501
9.408
8.608
7.810
9.109
8.806
8.506
7.699
7.610
8.009
7.809
8.307
8.909
8.707
10.009
9.308
8.994
8.608
10.008
7.706
8.017
9.713
8.405
8.675
7.908
9.910
8.908
7.610
7.911
8.108
8.510
7.507
7.719
9.853
7.808
9.312
8.807
8.807
9.710
8.908
9.308
7.613
9.910
8.108
8.807
9.808
7.718
7.908
8.309
7.506
8.110
9.008
9.907
9.009
7.508
7.909
9.054
9.022
8.209
9.608
9.609
9.208
9.707
10.010
9.207
10.006
9.308
7.910
9.006
8.907
9.508
8.417
9.206
9.306
9.107
8.008
9.008
9.408
8.409
10.010
9.408
9.305
9.008
9.411
8.408
9.006
9.808
7.508
8.109
7.908
9.708
7.906
9.908
9.309
7.809
9.097
9.412
9.609
9.609
8.509
8.607
9.008
9.510
7.808
8.407
8.708
8.514
9.911
8.007
9.686
10.014
7.506
8.909
8.905
9.406
9.808
8.110
9.108
9.906
8.708
9.706
9.709
9.109
9.508
9.106
9.510
8.608
8.608
9.205
8.371
9.704
8.007
9.807
9.109
8.312
8.108
7.908
9.508
8.108
8.408
9.007
8.116
8.406
7.809
9.708
7.706
7.809
7.707
9.510
7.806
9.212
9.107
10.006
8.407
8.809
9.007
8.042
7.508
7.515
9.807
8.407
9.908
7.908
8.306
8.908
8.909
9.207
9.308
8.308
10.020
7.807
9.811
8.007
8.707
7.708
7.710
9.106
8.009
8.107
8.553
8.510
10.111
7.808
8.406
8.504
9.357
7.508
8.909
9.308
7.606
8.810
7.809
7.608
9.407
8.706
9.118
8.206
8.009
8.556
9.009
7.908
9.109
8.908
8.507
7.708
9.207
8.909
9.607
9.908
9.707
8.207
8.436
9.697
8.516
9.510
8.227
7.712
9.614
9.821
9.808
9.908
8.808
7.510
10.015
8.106
8.910
9.213
8.911
9.414
7.945
8.002
7.512
9.514
9.517
8.711
9.917
8.813
7.585
9.409
8.806
9.908
7.608
9.908
9.706
8.808
9.415
7.804
9.308
9.106
7.818
9.010
8.908
9.306
9.209
9.088
9.909
8.306
8.210
8.986
7.807
8.607
9.709
7.807
8.207
9.107
9.009
8.007
8.009
9.207
7.608
9.343
9.308
7.906
9.493
8.909
9.206
8.732
9.507
8.407
7.709
10.008
7.508
9.307
9.208
9.508
8.208
9.006
7.907
9.109
8.105
8.208
7.808
7.707
8.808
8.509
9.507
7.907
9.309
10.009
9.907
9.608
9.408
9.106
10.008
8.908
8.109
9.307
7.507
7.507
7.910
7.906
7.608
7.908
9.909
9.307
7.507
8.308
8.506
7.995
9.901
9.107
8.906
7.707
9.508
7.809
9.002
8.912
8.207
8.308
9.007
8.007
8.021
8.509
9.809
7.907
10.008
7.913
10.007
7.608
8.185
7.809
8.309
8.308
8.407
8.108
7.508
8.511
8.910
8.506
9.109
9.023
7.707
8.108
9.408
9.709
8.406
8.410
8.708
9.407
9.507
7.684
9.907
10.009
8.908
9.707
8.109
8.809
7.706
8.008
9.106
8.309
8.307
9.919
9.108
9.514
8.210
9.407
7.809
9.806
7.808
9.709
8.707
8.307
7.908
8.057
7.908
8.909
9.205
9.209
8.207
8.608
9.509
8.207
8.508
8.518
8.008
9.107
10.008
8.209
9.807
9.105
9.108
8.008
9.109
8.307
10.012
9.812
7.650
7.906
9.613
8.240
7.707
8.207
9.008
8.207
9.008
9.607
9.807
8.109
8.907
7.908
9.407
8.407
8.808
7.807
9.609
9.407
9.709
9.607
7.711
9.404
8.608
9.507
10.008
7.609
7.808
7.507
7.609
8.109
8.106
9.708
8.807
8.410
8.052
7.908
9.349
9.767
7.508
9.007
7.906
8.908
9.628
9.810
10.008
8.508
7.608
9.607
7.808
9.810
9.306
8.308
9.311
7.805
7.707
9.408
8.108
8.302
9.404
8.306
8.907
7.710
8.109
7.808
8.807
8.693
8.507
8.207
8.409
8.601
9.707
8.917
7.507
9.413
8.607
7.708
7.808
9.002
10.021
8.404
8.807
9.209
9.205
8.110
9.793
9.725
10.009
7.907
7.809
9.607
8.708
9.507
9.807
9.407
9.908
8.708
8.108
8.308
9.411
9.108
9.508
9.303
7.909
9.806
8.508
9.006
10.063
8.808
7.909
9.909
9.906
9.207
9.207
9.207
10.008
8.813
8.810
10.009
9.206
9.308
9.709
8.010
8.811
9.406
7.608
8.608
8.206
8.206
9.709
7.508
9.808
9.113
9.208
7.808
9.009
7.807
9.609
8.907
9.307
7.632
8.902
9.268
9.309
8.207
8.307
9.508
9.510
9.806
9.512
8.907
9.209
9.210
9.407
7.908
8.508
9.508
9.309
9.406
7.908
9.108
9.407
7.911
8.309
8.708
8.221
9.907
9.013
7.708
8.908
8.210
7.810
7.806
9.908
9.808
8.507
8.418
9.209
8.206
8.309
8.708
9.609
7.506
7.809
9.106
8.108
9.007
8.812
7.515
8.333
9.208
9.106
7.809
9.709
10.010
9.007
7.807
10.007
7.926
8.209
8.806
8.907
8.711
9.107
8.708
8.560
7.807
9.805
7.809
8.706
8.108
9.308
8.408
8.308
9.808
10.007
9.109
9.006
8.912
9.405
10.008
8.206
8.409
8.008
7.908
8.506
9.710
8.409
8.407
7.610
9.208
10.006
9.208
8.007
9.063
8.008
9.208
9.508
7.807
9.809
8.308
8.606
9.009
9.207
9.608
8.907
9.409
8.608
8.006
8.209
7.907
8.207
9.265
9.108
8.744
9.608
7.813
8.302
8.108
8.908
8.609
10.007
8.809
7.709
8.006
8.007
8.310
9.707
10.010
8.805
9.409
8.207
9.909
8.507
7.609
9.407
7.609
9.507
8.129
8.103
7.808
8.808
8.809
9.511
7.819
7.623
9.000
8.219
8.556
9.919
9.616
9.802
9.808
8.309
7.506
7.709
8.811
8.549
10.010
8.916
9.808
9.509
9.825
9.804
8.008
9.916
9.302
8.310
9.508
7.506
8.912
9.912
8.878
7.905
9.307
9.310
8.006
8.509
7.509
9.209
8.332
9.608
9.023
8.006
8.113
9.205
8.308
9.410
7.809
8.408
8.209
7.709
8.008
7.906
10.009
8.509
8.009
9.410
9.508
10.008
9.407
8.410
9.808
8.267
9.006
9.309
7.633
9.700
7.709
7.608
8.908
8.507
10.013
8.014
9.207
8.007
9.908
10.008
7.509
7.607
8.510
8.412
7.804
9.110
9.007
7.908
7.706
9.510
9.806
9.811
9.709
9.311
8.339
9.409
7.609
9.808
8.612
7.807
9.619
9.006
8.116
8.407
10.008
8.005
9.111
9.210
8.707
8.908
9.306
8.719
9.209
8.007
9.809
9.708
9.809
8.809
7.708
7.608
8.221
7.613
7.502
7.806
9.512
8.505
10.008
9.611
8.206
8.711
7.505
8.007
7.709
8.210
8.908
7.806
8.737
8.206
9.508
7.610
9.814
9.010
9.010
9.007
9.714
8.811
8.808
9.409
7.507
9.109
9.705
8.411
9.406
9.808
9.009
8.807
8.208
9.106
8.610
9.206
7.709
8.608
9.709
8.109
9.318
8.710
8.507
8.312
9.408
8.107
8.510
9.207
9.808
10.007
8.310
9.486
8.917
9.806
8.709
9.111
9.008
8.407
7.749
8.407
8.307
9.209
9.707
9.008
8.410
8.407
8.309
8.806
9.608
7.908
9.508
9.007
9.207
7.908
9.909
8.707
8.708
8.309
8.010
8.507
8.507
9.008
7.807
7.508
8.809
9.307
9.207
7.708
7.810
9.409
8.608
8.608
8.709
8.509
7.709
9.606
9.409
8.608
8.508
9.108
9.207
7.909
8.306
8.509
8.508
8.107
9.808
9.816
9.208
7.719
8.208
7.608
9.352
8.709
7.607
8.210
7.912
9.503
8.407
8.208
9.006
9.609
9.508
7.606
8.210
10.007
9.906
7.508
8.506
8.416
9.469
7.607
9.007
7.608
8.738
7.503
8.207
8.609
10.026
9.908
9.008
8.107
7.608
8.208
9.508
8.007
9.107
10.009
10.064
7.508
8.308
9.054
9.821
8.006
9.307
7.908
7.908
9.316
7.908
9.108
7.709
9.807
9.407
9.281
9.907
8.005
9.425
8.308
9.304
9.307
8.310
8.308
7.504
8.509
9.211
9.604
9.007
8.309
9.707
9.110
8.310
8.108
8.007
8.210
8.607
7.507
8.608
9.208
9.208
9.207
8.208
9.609
9.007
7.607
8.907
9.010
8.308
8.324
10.008
7.869
7.743
8.308
8.613
7.806
9.313
7.709
7.503
8.409
8.709
9.912
7.607
9.703
7.908
8.207
7.812
9.303
8.208
8.913
8.602
7.511
8.167
9.405
9.807
9.808
9.730
8.608
8.910
8.105
9.607
8.910
8.408
9.909
9.708
9.509
7.805
9.109
10.008
7.810
7.621
8.804
7.611
7.705
8.508
8.206
8.409
8.858
10.103
9.312
7.704
8.610
9.507
8.509
8.134
9.407
8.208
7.932
8.008
9.608
8.507
7.757
8.517
9.506
7.511
8.208
9.106
7.809
9.807
9.207
8.107
9.912
8.006
8.406
7.810
9.212
9.208
8.908
7.909
9.306
8.412
8.310
8.008
7.806
9.309
8.609
10.009
7.609
9.205
7.910
10.007
7.707
8.130
8.500
9.908
8.408
9.306
9.108
8.705
9.207
8.508
9.608
9.307
9.208
8.110
9.612
8.309
9.808
8.416
8.754
9.308
9.311
9.606
9.822
9.909
9.006
8.618
9.799
9.210
7.707
7.806
9.307
8.106
8.408
7.709
7.909
9.508
9.506
9.807
8.210
8.910
8.205
7.909
8.106
9.908
8.529
7.809
8.115
8.509
8.709
9.304
7.708
8.209
9.006
7.610
8.006
8.209
8.706
7.908
7.508
9.209
8.308
9.307
9.808
9.308
9.507
7.905
8.873
9.207
7.608
9.709
8.010
8.327
7.508
8.807
8.308
8.709
9.329
8.901
9.709
7.911
8.366
7.508
8.812
7.508
7.710
9.508
8.210
9.108
9.910
8.409
8.209
8.053
7.617
8.279
9.913
9.801
8.606
8.809
8.908
8.757
8.408
9.608
9.708
8.608
8.506
7.910
9.808
7.707
9.507
9.707
8.409
7.907
9.709
9.718
7.913
7.508
9.206
8.810
9.208
9.008
9.707
7.507
9.808
10.009
8.212
9.804
9.808
9.506
8.508
8.809
8.308
9.607
8.606
7.907
8.308
9.810
8.506
8.008
7.509
8.013
7.890
8.407
8.609
7.707
8.207
9.067
7.707
7.508
8.009
9.606
9.107
7.808
9.906
9.008
7.810
8.207
8.707
7.707
7.708
9.910
9.207
8.507
9.719
7.906
9.206
7.909
7.718
7.657
8.506
7.750
8.316
8.906
8.809
9.467
9.109
9.509
8.509
9.506
9.610
9.007
9.108
8.807
9.411
9.105
7.708
9.909
9.805
9.105
7.710
7.609
8.976
9.406
8.917
8.408
9.907
8.035
8.900
7.505
8.307
9.906
7.906
9.110
8.710
9.209
8.608
7.910
8.806
9.709
10.008
8.601
8.813
9.208
9.822
8.303
8.209
7.607
8.148
7.908
9.408
8.307
8.307
8.411
7.905
9.708
9.506
7.907
7.617
8.312
8.106
8.607
8.256
8.550
7.709
9.407
7.807
9.017
9.931
9.097
8.618
10.021
7.806
7.599
9.107
7.707
8.410
9.804
7.908
9.311
7.809
10.002
7.711
8.608
8.408
8.115
8.207
7.811
8.705
8.510
8.704
9.308
9.705
9.609
7.705
7.508
8.909
8.330
9.201
8.908
7.535
7.811
8.807
7.809
8.107
7.813
8.009
9.007
7.708
8.608
8.207
8.108
8.608
8.509
9.209
9.707
9.324
7.610
10.008
8.207
8.808
8.809
10.107
8.612
8.307
7.906
8.816
10.009
8.608
8.008
9.009
8.607
8.508
7.809
9.106
9.109
8.308
9.708
8.021
8.808
8.209
9.009
9.408
9.509
7.607
8.706
9.107
9.610
9.020
9.308
7.708
7.808
8.007
7.707
9.108
9.107
8.309
7.905
9.005
9.608
8.421
7.909
8.203
9.408
8.484
9.908
8.409
9.507
9.607
9.107
8.207
8.008
8.208
7.708
7.607
8.508
8.905
9.311
8.121
8.175
8.709
8.305
8.604
9.208
8.706
7.607
8.210
9.709
8.008
9.916
9.311
9.098
7.803
7.607
8.407
8.908
7.575
9.516
8.307
9.708
8.702
9.005
7.808
9.509
9.208
7.908
8.008
8.309
9.908
8.607
8.909
8.509
9.606
10.009
7.906
8.509
7.707
8.807
8.122
8.508
8.704
9.909
7.506
9.208
10.009
8.706
8.008
7.509
8.108
8.909
9.906
9.410
8.006
7.623
8.907
10.008
8.207
9.410
8.207
8.108
7.908
9.808
9.108
7.621
9.910
9.709
8.607
7.509
8.507
9.508
8.707
9.709
9.510
8.875
9.008
9.707
10.009
9.519
9.912
8.204
8.308
9.706
7.607
8.907
10.008
9.010
9.007
8.106
8.321
9.757
8.705
8.908
9.608
8.008
9.208
9.422
7.608
7.807
9.609
8.809
10.007
8.308
8.608
9.407
9.828
7.509
9.007
9.709
9.607
8.808
7.808
8.009
8.607
8.128
9.609
8.508
9.606
8.508
9.407
8.007
8.107
8.006
9.409
7.608
8.708
8.624
9.699
9.111
9.105
9.306
7.807
9.226
7.704
9.008
8.509
10.008
9.207
7.708
9.807
8.720
9.209
7.746
9.308
7.912
8.409
9.009
9.006
7.909
7.510
8.306
8.567
8.308
9.109
8.007
8.509
7.908
9.310
8.305
9.509
8.307
7.709
7.511
7.610
7.908
9.208
8.708
7.808
8.308
9.108
7.708
9.809
8.208
8.007
9.212
8.703
9.107
8.108
7.705
9.712
8.168
8.715
8.308
9.010
7.706
8.912
7.604
8.207
8.314
8.409
7.807
9.407
8.709
8.008
9.509
9.313
9.811
8.308
9.908
8.207
9.908
7.508
7.914
8.309
8.207
9.608
9.509
9.811
7.668
9.907
9.508
8.513
8.606
7.905
10.007
9.008
9.507
7.506
9.909
7.807
8.682
7.708
9.708
10.006
8.207
9.107
9.309
8.126
10.007
9.110
8.860
10.053
9.110
9.406
8.208
7.509
8.906
7.816
9.807
9.290
7.508
9.408
7.606
8.628
9.928
7.714
7.800
9.306
7.720
7.605
9.810
9.109
7.826
9.411
9.008
8.812
8.720
8.411
9.611
8.610
7.612
8.311
8.511
9.310
7.811
9.312
9.511
9.317
9.704
9.214
8.510
9.712
8.898
8.713
8.516
8.711
9.110
9.011
8.010
9.611
9.114
7.812
8.612
9.711
9.911
7.712
8.615
8.508
8.711
8.110
9.810
8.812
9.113
8.509
8.210
9.413
7.910
7.610
8.710
7.511
9.612
9.711
9.912
8.308
8.510
8.509
9.615
7.612
10.011
7.711
9.709
9.111
8.211
8.412
8.910
8.112
8.611
10.010
9.110
10.010
8.011
9.114
9.010
9.635
7.513
9.910
9.109
7.912
7.710
7.757
8.110
10.010
7.511
7.909
8.214
8.620
9.213
7.912
8.913
9.108
8.352
8.600
8.313
9.112
9.608
9.712
9.710
8.112
9.610
8.910
8.311
7.709
7.908
10.010
9.810
8.127
9.811
9.010
8.709
7.690
9.225
9.317
7.516
9.312
9.810
8.412
8.010
9.121
8.814
9.409
8.111
9.712
8.011
9.210
8.711
7.514
8.809
8.512
8.310
8.612
7.510
9.109
8.810
8.214
9.015
8.810
8.813
9.011
7.712
7.509
9.171
9.512
9.308
9.210
8.714
9.212
7.508
9.421
8.206
9.112
8.711
9.112
8.910
9.209
8.210
7.512
9.412
9.709
8.711
7.610
8.211
8.710
9.577
9.611
9.410
8.413
8.309
8.409
9.910
8.713
8.411
9.211
8.113
7.807
8.351
9.511
9.811
8.310
8.811
7.912
7.507
7.611
9.711
8.922
9.309
8.012
9.112
8.611
7.710
7.717
9.011
8.611
9.210
8.424
8.311
8.711
9.313
9.309
9.624
9.408
8.015
7.911
8.590
8.609
8.511
9.510
8.310
8.211
7.923
9.615
8.810
8.011
9.811
8.513
9.408
9.212
9.013
8.508
8.011
9.410
8.910
9.542
8.010
8.010
8.010
9.010
9.311
10.018
8.325
8.818
9.319
8.813
9.509
7.908
9.994
7.909
7.510
8.313
8.808
8.010
7.908
7.510
8.506
7.811
8.705
8.012
9.721
7.709
9.010
7.808
9.809
8.118
9.809
7.920
8.693
7.707
9.509
8.009
7.907
7.717
9.401
9.911
9.033
9.008
7.807
9.070
9.611
8.008
9.910
8.403
8.511
7.910
8.308
9.798
8.503
9.808
7.769
8.210
7.669
9.353
8.606
9.909
10.013
8.337
8.009
8.813
8.808
10.012
9.308
9.205
7.811
8.810
9.008
9.514
7.906
9.510
8.609
10.009
7.708
8.610
8.408
8.708
9.212
9.507
8.607
7.509
9.209
9.009
8.309
9.310
8.324
9.456
9.351
8.509
7.811
9.813
10.009
9.310
9.905
9.409
8.613
7.608
8.211
7.811
9.813
8.617
10.013
8.611
8.815
7.611
9.710
9.913
9.114
8.909
9.309
7.610
8.911
8.613
9.110
9.912
7.809
7.509
9.411
9.710
8.724
10.013
9.411
8.811
9.412
9.513
8.208
8.009
9.810
8.911
8.564
9.612
7.611
8.611
8.111
9.110
9.014
7.963
9.012
8.009
9.311
8.411
8.311
8.411
9.611
7.510
8.210
9.911
7.785
7.808
9.713
9.009
7.708
9.312
7.713
9.658
8.711
8.495
7.711
8.611
10.010
8.913
8.109
7.811
7.508
8.912
9.411
9.224
9.610
8.510
9.710
8.818
9.507
8.110
9.714
9.231
8.108
8.112
9.211
8.313
8.610
8.911
10.012
9.009
8.142
7.911
8.709
9.510
9.011
9.046
8.011
9.031
7.999
8.910
9.510
8.208
7.907
9.008
9.925
10.005
7.709
9.508
9.007
9.788
7.504
8.808
9.007
8.309
9.410
8.190
9.206
8.108
9.507
9.329
9.608
7.709
9.706
8.310
9.910
8.715
10.007
7.914
7.810
7.907
9.510
10.006
8.709
7.508
8.908
8.707
7.709
9.108
8.407
9.208
8.909
8.610
7.919
7.808
9.510
7.504
8.708
8.808
8.115
8.107
8.009
7.708
8.682
7.909
8.507
8.408
9.310
8.608
9.008
9.807
9.007
8.608
9.708
7.807
8.709
8.706
9.109
8.907
7.808
10.009
8.207
9.408
8.509
8.607
10.008
8.108
8.608
8.608
9.409
9.508
9.407
7.607
9.709
7.907
8.009
8.311
9.107
9.808
9.409
8.210
9.548
8.507
9.409
9.110
8.906
8.213
7.704
8.107
9.809
8.213
8.002
7.908
7.808
9.211
9.005
7.709
9.908
7.820
9.006
9.408
9.809
8.309
9.506
9.608
9.009
10.029
8.002
8.209
9.911
7.508
9.107
9.309
8.508
8.606
8.508
7.509
9.510
9.009
8.107
9.209
9.907
8.807
9.608
7.806
8.011
8.825
8.008
8.006
9.309
9.707
9.909
9.208
8.209
9.612
8.704
9.907
9.508
9.407
8.009
9.608
9.407
9.821
9.008
7.808
8.408
7.800
7.909
7.808
9.407
8.708
9.806
9.208
7.507
9.309
9.608
8.208
8.208
7.709
8.706
7.653
7.608
8.707
9.334
8.309
8.208
8.107
8.109
7.906
10.007
8.811
10.009
9.308
8.706
9.108
9.908
9.607
9.307
7.908
7.608
8.708
9.103
9.907
8.008
9.385
9.308
7.710
10.007
7.739
8.103
8.851
7.784
8.209
7.521
9.698
9.011
8.427
7.891
9.817
8.802
7.911
8.704
8.908
9.910
10.037
7.985
9.729
9.497
10.005
7.710
9.819
8.592
9.618
9.666
9.317
8.808
8.893
9.532
8.994
9.111
7.517
7.697
9.423
8.295
7.909
9.208
10.025
8.891
9.711
9.813
7.805
7.709
8.611
9.546
7.493
8.507
7.615
10.040
8.199
7.510
7.812
7.907
8.828
9.898
7.706
8.070
8.908
9.107
7.617
7.816
8.312
7.706
8.220
7.804
8.708
8.710
9.810
8.612
7.707
9.618
8.508
8.207
9.811
9.706
7.807
9.808
8.316
7.970
9.907
9.210
8.206
7.707
9.911
9.705
7.710
7.507
7.917
9.111
9.304
8.007
9.611
7.505
8.217
7.803
8.007
9.646
9.209
7.791
8.219
9.611
9.805
9.417
7.803
9.507
9.207
8.126
9.511
7.507
8.722
9.503
9.205
9.491
9.705
9.012
9.313
7.614
9.208
9.711
9.410
8.406
7.609
9.007
8.411
8.615
9.507
9.110
8.103
8.812
9.412
9.011
8.310
9.211
8.407
8.708
8.625
7.562
9.506
8.216
7.699
8.207
7.710
9.705
7.712
7.507
8.807
9.510
7.616
8.004
9.114
9.805
8.911
9.508
8.706
7.514
8.009
8.307
9.223
8.806
9.607
8.576
7.809
7.810
7.611
8.709
9.009
9.009
8.968
8.492
9.708
9.211
9.413
7.506
8.809
9.612
7.624
7.511
9.305
7.908
8.208
8.511
7.608
9.712
8.012
9.006
9.911
8.608
9.809
9.010
10.064
9.310
10.009
7.710
9.811
7.846
8.908
8.811
9.309
7.909
10.007
9.111
9.612
9.306
9.211
8.518
9.019
9.508
8.811
8.217
7.506
9.611
9.342
7.904
9.114
9.910
9.614
8.907
8.509
9.441
8.010
8.412
8.808
8.011
8.608
8.608
8.510
7.630
7.518
7.711
8.010
10.092
9.600
7.773
9.447
8.809
8.807
8.340
8.422
7.549
9.309
8.711
9.611
8.714
9.108
8.811
8.514
8.611
7.909
9.511
8.126
8.400
8.010
9.512
9.111
9.315
8.216
7.510
9.413
8.216
7.913
7.608
8.310
10.011
8.121
7.615
8.712
9.614
8.613
9.914
9.714
7.886
8.583
9.287
9.009
7.508
8.310
7.707
8.809
8.906
9.708
9.708
9.908
7.940
9.309
8.906
9.711
10.009
9.217
9.309
8.304
9.608
9.411
9.107
9.622
10.008
9.210
8.405
9.509
7.707
8.207
9.311
8.305
9.451
8.785
10.036
9.611
10.442
7.127
8.315
8.766
7.504
8.108
8.511
7.910
9.908
7.609
7.577
10.052
9.294
9.304
8.407
9.048
8.809
10.016
8.710
8.909
9.308
9.609
8.607
9.816
8.801
6.932
8.017
9.997
9.237
7.915
9.547
9.198
8.122
7.904
8.009
8.328
8.602
9.316
8.706
8.606
9.412
8.789
8.810
8.810
8.210
9.709
7.935
9.497
9.724
9.107
8.409
9.112
8.811
9.506
8.808
9.310
10.010
9.310
9.109
9.527
10.096
8.719
8.802
8.259
9.210
9.411
9.013
7.704
8.608
7.608
8.809
8.115
9.009
7.708
9.611
9.911
10.021
10.003
9.411
9.611
9.118
7.916
8.606
7.809
7.509
7.606
9.809
7.613
9.653
8.976
9.741
9.598
7.711
8.405
7.808
9.406
7.708
9.507
9.863
8.768
9.812
8.702
9.608
8.810
9.010
9.113
8.806
8.908
9.131
8.321
8.667
8.118
8.705
9.913
8.609
8.922
10.026
8.307
9.109
9.628
7.542
8.712
9.261
7.907
9.616
9.810
9.810
7.512
9.201
9.506
9.008
9.015
8.104
8.606
7.908
9.608
7.608
9.211
8.607
9.408
7.509
9.710
10.012
8.906
9.608
8.818
7.807
9.704
9.808
9.408
9.225
9.808
8.125
8.604
7.980
7.341
8.317
7.509
7.904
10.010
9.709
9.524
9.108
7.806
8.209
9.612
7.525
8.505
8.925
8.712
7.910
9.107
8.506
8.009
7.909
8.042
9.312
8.404
7.710
9.109
7.711
9.608
9.015
8.411
9.313
8.210
8.906
9.107
9.415
9.387
9.313
9.106
8.911
8.305
9.619
9.610
8.006
9.610
8.112
9.609
8.409
8.753
8.627
9.499
9.202
9.227
7.604
8.705
7.607
7.807
7.713
7.804
7.608
9.503
9.006
8.415
8.704
7.806
7.615
8.104
9.812
9.311
9.910
8.707
7.709
9.412
8.417
8.405
9.107
9.207
7.908
7.509
7.806
9.209
9.708
9.810
8.409
9.809
8.406
8.707
7.819
8.803
9.208
7.907
8.121
8.109
9.021
9.410
8.609
9.008
7.607
8.463
8.405
10.010
9.808
8.712
9.503
8.108
9.809
8.569
9.857
7.908
8.707
7.611
9.608
8.309
9.938
8.173
8.308
8.408
9.313
8.606
9.726
8.508
9.599
7.635
9.305
8.125
7.494
7.911
9.906
7.605
9.014
8.203
7.706
8.713
9.605
9.915
9.307
9.409
8.310
9.106
10.006
10.375
8.951
9.504
8.010
9.509
7.608
8.807
7.909
9.626
7.499
7.772
8.208
9.408
8.210
7.542
7.701
8.405
8.108
7.508
8.510
9.607
8.213
8.906
8.407
8.011
8.910
7.604
7.525
9.809
9.518
10.008
9.508
9.111
9.604
7.608
8.519
9.912
9.206
9.107
9.510
9.408
9.709
7.636
8.804
7.913
7.809
9.006
8.910
8.411
9.020
7.520
8.104
9.906
9.206
9.012
8.008
8.004
9.407
8.010
7.911
8.804
8.108
9.914
8.036
7.709
7.711
9.204
7.509
9.426
8.507
9.707
8.709
8.009
9.909
7.608
8.426
7.862
9.106
10.009
9.013
8.227
7.540
9.610
8.305
9.207
8.810
9.009
9.709
8.107
9.840
7.791
9.607
7.829
7.823
7.510
8.204
8.019
9.213
8.510
7.510
7.810
8.110
9.013
8.303
8.110
9.122
9.510
8.509
8.409
9.411
10.007
9.310
9.607
9.707
7.708
8.708
8.503
9.309
8.608
9.009
9.008
9.110
8.707
9.512
9.408
8.708
7.918
10.003
8.108
8.908
10.008
8.410
9.511
9.114
9.505
7.620
8.211
8.906
8.809
9.311
8.408
8.727
8.499
8.007
8.309
9.009
9.417
9.320
8.210
8.146
8.416
9.959
9.727
9.710
9.508
9.124
8.508
9.911
9.208
9.111
8.707
9.308
7.710
9.830
6.995
9.707
8.708
9.323
8.706
10.007
8.508
9.616
8.615
9.707
7.718
9.607
8.608
9.908
9.073
9.313
8.172
9.950
9.305
8.008
9.815
8.806
9.811
8.213
8.806
9.112
7.510
7.515
8.325
7.710
8.606
9.418
7.506
9.813
8.606
8.710
9.809
9.610
8.408
8.411
9.509
8.914
7.909
8.011
8.953
9.712
7.520
9.510
9.613
9.307
7.608
9.508
8.209
9.908
7.611
9.608
8.908
7.608
9.814
10.008
8.010
8.306
9.308
8.017
8.217
7.907
9.420
7.807
7.608
7.807
8.916
9.606
9.415
9.511
7.807
8.209
9.130
7.810
7.808
8.820
9.832
8.019
8.205
8.214
8.056
8.397
7.707
9.514
8.711
7.609
9.407
9.310
8.406
8.812
10.008
9.112
9.202
9.411
9.607
9.611
9.909
8.406
9.308
9.209
7.807
9.610
7.507
9.510
9.907
7.824
8.409
9.913
8.307
9.210
8.008
9.115
7.512
8.407
8.506
8.912
8.506
8.011
8.108
9.615
9.507
8.107
8.809
8.709
7.608
8.400
8.408
10.010
9.410
7.609
9.412
9.709
9.808
9.307
9.309
9.808
9.609
7.709
9.607
8.110
9.608
7.708
9.707
9.618
8.605
8.331
8.609
9.810
9.008
9.337
9.318
8.413
7.515
8.027
9.801
7.807
8.806
8.111
7.769
8.308
8.311
9.707
8.029
7.996
8.910
10.010
7.910
8.615
7.859
7.526
9.404
9.914
7.905
9.211
9.608
9.311
10.007
8.208
9.010
9.107
7.611
8.310
7.707
7.807
9.033
9.998
8.108
8.020
8.330
8.505
8.809
9.110
8.124
9.502
9.804
9.513
9.518
7.619
8.005
10.013
7.810
10.013
7.508
8.512
9.111
9.816
7.709
9.309
8.112
9.212
8.512
8.214
7.607
8.712
8.712
9.220
8.907
9.307
9.715
9.709
7.712
8.409
8.917
8.314
8.107
8.829
7.913
7.707
9.132
8.714
7.664
9.510
8.820
7.825
8.110
8.009
7.818
8.308
10.009
8.407
7.607
8.531
9.415
8.000
9.902
8.015
9.711
8.726
7.491
9.521
8.505
7.728
7.989
7.518
8.810
8.600
8.825
9.404
9.007
7.911
8.010
9.221
7.526
9.296
9.725
8.115
9.910
9.992
9.116
10.021
8.398
9.417
8.401
7.957
9.908
8.309
8.418
9.701
9.717
8.619
9.339
8.418
8.907
9.907
8.421
7.820
8.605
9.793
9.937
7.612
7.821
7.928
9.484
7.810
9.925
9.311
8.591
9.951
9.311
7.605
9.909
7.811
9.517
8.205
8.208
9.643
9.214
9.315
9.207
9.110
7.910
8.509
7.609
9.510
8.568
8.510
10.010
9.811
8.410
9.812
7.508
8.722
7.808
9.513
9.010
7.710
8.811
7.707
7.513
8.208
7.810
7.514
8.713
7.507
8.507
9.410
9.614
8.276
8.160
8.916
9.406
9.409
9.907
9.514
8.811
8.507
8.206
8.913
8.309
9.113
8.708
8.365
7.808
9.117
8.011
9.510
9.412
9.310
9.809
9.514
7.605
7.717
9.516
8.819
7.914
7.910
8.309
7.612
8.313
9.606
9.108
7.808
9.041
8.904
7.499
7.926
7.601
8.200
9.421
8.422
9.809
8.008
9.209
7.715
9.695
9.711
10.006
9.111
9.151
9.896
8.706
9.405
7.704
8.311
8.121
8.216
9.014
9.097
8.309
10.011
8.725
9.910
7.693
7.838
9.011
7.698
8.407
9.121
8.486
7.719
7.615
8.410
8.396
9.311
8.819
8.100
9.224
8.705
9.899
8.432
8.487
8.523
7.803
8.816
9.303
8.617
9.733
8.403
7.698
7.928
8.304
8.897
8.013
8.645
9.393
9.721
9.009
7.735
8.903
7.620
8.198
9.207
8.742
9.113
8.618
10.011
9.911
7.703
8.709
9.910
8.784
9.908
8.306
9.206
8.816
7.812
7.711
8.409
8.709
7.928
9.101
9.811
9.509
9.812
8.311
8.806
9.609
9.811
9.320
8.627
7.505
10.009
7.709
8.715
9.214
8.809
8.717
9.108
9.310
7.509
8.907
8.110
7.507
10.009
9.807
8.906
7.911
10.008
10.053
9.311
8.103
9.009
10.610
5.909
8.950
9.788
9.109
8.469
9.806
8.309
9.707
10.006
8.409
9.919
8.740
7.486
8.713
7.525
9.297
7.910
7.511
8.215
8.514
7.506
8.322
8.409
9.117
8.705
8.510
9.112
8.112
9.108
8.206
9.711
9.468
9.907
9.609
8.412
8.404
9.512
9.408
8.109
9.510
7.906
7.921
8.309
7.909
9.325
8.387
9.963
9.911
8.508
8.314
8.523
8.512
9.108
9.410
7.850
7.913
8.106
9.414
8.501
9.714
7.707
8.109
9.256
7.508
7.908
7.707
8.512
9.908
9.811
9.137
9.503
7.610
9.708
7.711
8.310
9.010
8.592
8.209
9.010
9.509
9.010
7.510
8.214
8.209
9.612
8.506
8.612
7.608
8.009
9.613
7.509
8.409
7.914
9.210
8.507
8.310
9.521
9.717
8.311
9.437
8.690
7.801
9.612
8.511
8.035
8.008
10.009
9.312
8.729
9.005
8.918
7.857
9.296
9.633
8.500
8.743
8.179
9.822
8.901
8.906
9.321
8.903
9.905
9.906
8.215
8.307
8.324
7.629
8.077
9.211
9.699
9.307
9.722
9.323
7.693
7.610
9.808
7.911
9.414
8.645
9.604
8.503
8.928
8.702
7.995
7.511
7.506
9.010
9.818
8.901
7.809
9.010
7.908
7.826
9.092
8.712
8.879
7.511
9.008
9.414
9.208
8.707
8.819
9.001
7.907
9.318
9.201
7.815
9.722
8.690
8.909
9.420
9.695
7.920
8.212
7.905
7.926
8.193
9.608
7.621
9.702
7.566
9.449
7.499
7.910
8.432
8.916
9.407
8.600
7.910
8.843
8.009
9.108
7.519
9.509
9.825
9.508
8.811
7.516
9.123
7.499
9.210
8.623
9.950
9.621
9.288
7.908
7.509
7.508
10.028
7.799
9.703
7.720
9.719
9.975
8.300
8.206
9.044
7.596
9.416
9.421
8.916
9.896
8.619
9.216
9.302
8.517
8.619
8.109
8.814
7.919
8.303
7.906
9.013
8.311
7.606
8.507
8.809
7.806
8.509
8.910
8.205
8.313
9.406
7.822
8.306
7.510
8.609
9.807
7.729
8.104
9.308
9.309
7.909
8.108
8.609
9.709
9.107
10.005
7.910
7.810
7.808
8.916
8.411
9.513
9.811
8.617
7.903
8.708
8.908
9.112
7.707
9.608
9.917
9.612
7.655
8.206
9.609
8.713
8.108
10.009
9.307
10.010
9.310
9.907
8.011
7.886
9.710
9.810
7.706
7.607
7.656
8.208
9.208
8.509
7.921
8.907
9.611
8.309
7.514
8.708
7.610
7.808
8.218
10.005
7.574
8.514
8.405
9.610
9.906
9.210
9.623
9.107
9.308
9.012
9.113
9.815
9.506
8.824
9.699
10.014
9.108
9.811
8.123
8.222
8.510
8.508
9.911
8.209
9.608
9.908
9.407
9.706
7.831
7.804
9.810
7.814
8.808
8.308
7.607
8.711
10.014
9.909
7.907
9.210
9.010
9.608
9.108
8.414
8.504
8.733
8.309
7.706
8.709
9.008
8.425
9.704
7.606
8.208
7.808
9.908
8.307
10.008
9.529
8.810
7.706
9.511
9.407
9.208
7.709
9.509
8.010
7.806
9.509
8.508
9.521
8.403
8.208
8.707
9.310
9.430
7.501
7.610
9.608
8.708
9.309
8.120
8.508
9.614
9.107
9.109
9.510
9.906
9.029
8.908
8.807
9.408
8.508
8.108
8.710
8.937
7.475
9.309
9.208
9.614
7.718
8.923
7.999
8.608
10.010
9.908
7.960
7.539
7.683
10.008
8.910
9.409
8.243
10.011
8.907
9.812
9.014
8.508
9.810
8.106
7.608
8.617
10.011
8.608
9.208
8.607
7.510
9.508
7.812
9.404
9.110
8.218
8.210
9.711
9.306
8.307
9.508
9.909
8.508
9.810
9.807
7.654
9.307
8.208
7.513
8.110
7.905
9.208
9.410
7.707
9.812
9.540
8.836
9.715
8.010
8.107
8.419
8.205
7.582
9.116
7.606
9.218
9.706
8.506
9.010
9.210
9.511
8.607
9.009
8.206
8.309
9.008
8.307
7.510
9.710
8.508
8.309
7.507
7.608
7.609
7.906
9.909
9.609
9.408
10.562
6.957
7.509
8.218
8.519
7.714
9.708
8.811
10.169
9.061
10.006
8.536
8.700
9.710
9.611
7.804
7.812
7.809
9.503
8.808
7.843
9.109
10.007
8.910
9.407
7.515
9.010
10.010
7.508
8.607
9.410
9.907
8.910
9.607
8.210
7.512
9.818
7.933
8.952
9.416
7.612
11.628
5.381
8.676
8.604
7.612
9.310
9.110
7.913
9.177
7.648
8.506
8.030
7.922
9.921
7.520
8.151
9.001
7.524
8.300
7.718
9.603
8.315
9.378
9.109
9.112
9.408
8.809
9.523
8.409
8.311
9.614
7.518
8.941
8.502
10.422
7.335
7.897
7.907
9.609
9.208
8.508
8.208
10.011
8.906
8.208
10.013
9.809
9.808
10.008
8.008
10.008
9.510
9.107
9.525
8.705
8.112
8.898
7.701
7.708
9.909
8.599
10.008
9.943
9.908
8.609
8.707
9.010
9.007
9.211
8.609
8.428
7.612
9.302
8.308
9.209
7.707
8.209
9.108
10.006
8.408
9.906
7.508
8.142
8.787
9.515
9.308
9.508
8.408
9.512
9.703
8.409
8.110
9.809
8.319
8.005
8.306
9.708
9.708
9.809
9.008
8.407
8.108
9.307
7.908
9.127
8.707
8.109
10.512
7.184
8.031
8.405
7.502
8.237
8.921
8.911
7.721
8.317
9.978
8.834
7.927
8.336
9.833
8.626
8.035
8.233
9.327
8.827
7.823
9.129
8.829
9.628
7.528
9.631
8.834
7.953
8.726
10.031
8.529
8.729
7.728
9.232
9.630
7.924
9.928
8.634
9.425
7.732
9.532
8.028
9.126
7.524
8.930
8.829
8.827
9.627
9.530
8.032
8.624
10.025
9.731
9.936
9.528
9.934
9.431
8.334
7.730
8.228
8.430
8.729
9.429
8.679
7.830
8.931
9.324
7.840
7.730
8.827
8.126
9.930
9.330
9.730
9.924
8.334
8.628
8.726
7.925
10.523
9.457
9.027
8.130
9.229
9.027
7.824
9.025
8.335
9.498
9.240
9.126
9.733
8.028
8.625
8.531
8.332
7.527
7.727
8.927
7.927
9.028
9.526
7.732
8.434
9.161
7.529
9.361
7.633
8.930
9.726
8.548
8.341
8.827
9.127
10.028
7.731
9.630
9.259
8.730
8.527
8.325
7.926
8.426
9.132
9.168
9.429
7.527
9.331
9.828
8.932
9.730
8.931
8.332
9.934
9.835
7.529
7.527
9.024
7.627
9.036
8.827
8.827
9.829
7.727
7.926
9.923
8.124
7.628
9.026
9.432
8.730
7.527
10.030
9.625
9.332
9.032
9.127
9.326
8.431
9.028
8.226
8.225
7.867
9.030
8.025
7.525
9.139
8.335
9.332
9.427
9.832
8.229
8.224
9.727
8.783
8.826
9.529
9.333
8.933
8.728
8.828
7.735
8.935
8.827
10.024
8.128
7.929
9.027
9.929
8.953
7.931
8.023
9.822
8.425
9.828
8.028
8.727
8.831
8.833
8.129
8.127
8.532
8.832
9.025
8.168
7.630
7.728
7.727
9.522
9.424
9.129
8.225
9.685
7.932
9.728
9.825
8.726
7.629
8.729
8.626
9.227
9.429
9.331
8.926
7.932
9.033
9.428
9.126
7.929
8.326
9.724
8.824
9.323
8.731
7.729
7.559
8.837
8.229
7.827
8.223
7.522
9.428
9.228
9.937
7.526
8.828
9.527
8.726
9.127
8.428
10.033
8.229
8.578
9.530
9.925
8.338
8.630
9.432
10.028
9.129
7.731
9.829
8.026
9.725
8.429
8.243
9.827
9.832
9.357
7.730
8.129
9.332
9.830
10.044
9.170
9.831
9.031
8.724
8.732
8.037
9.830
8.829
9.033
7.829
8.254
9.025
8.726
9.431
8.327
8.828
8.634
8.731
8.529
9.126
8.632
9.530
10.026
8.528
9.428
9.127
8.925
7.626
8.528
8.627
7.623
7.727
8.636
9.129
9.027
9.825
9.832
8.928
8.727
8.754
9.328
9.529
7.829
8.126
9.033
8.729
9.428
7.726
7.529
8.027
9.524
8.826
7.631
9.425
9.830
9.532
8.634
8.625
9.724
9.732
10.035
10.031
9.934
8.530
9.227
9.024
8.425
10.107
7.925
9.684
7.629
9.928
9.223
7.922
7.933
8.131
9.327
9.832
8.585
9.629
7.727
7.924
8.530
7.965
9.926
8.331
7.529
8.628
9.630
9.927
9.141
9.528
9.829
8.332
8.130
8.927
10.024
9.031
8.030
7.825
8.827
8.329
7.828
7.926
8.924
8.503
8.830
8.425
8.129
9.830
7.925
8.627
9.236
8.930
9.228
7.723
9.931
9.227
8.828
9.732
9.326
9.831
9.133
9.226
8.228
10.088
8.327
8.125
9.129
8.829
8.751
7.787
9.634
9.030
8.523
8.425
10.028
9.831
9.328
8.071
9.732
9.934
9.128
7.523
9.037
8.258
7.729
8.826
7.626
9.325
8.459
9.431
9.237
7.731
8.771
9.931
7.831
9.529
8.134
9.427
8.234
9.327
10.027
7.731
8.529
8.431
8.725
8.426
8.336
8.127
8.926
8.131
8.027
8.226
8.223
9.525
9.131
8.629
8.434
9.430
7.827
9.666
8.923
9.532
10.031
7.625
9.529
7.729
9.628
7.624
9.624
7.835
9.630
9.726
8.230
8.026
8.230
9.424
8.924
9.029
7.728
8.024
9.934
8.228
8.925
8.023
7.822
7.929
9.131
8.736
7.527
9.734
8.229
8.926
9.323
8.326
9.032
8.828
8.526
8.831
9.138
8.324
9.124
8.631
7.928
9.828
9.227
8.727
9.440
8.225
7.820
9.859
8.730
7.638
7.927
9.465
8.328
8.224
8.222
10.028
9.627
8.425
9.628
8.031
9.828
9.027
8.825
9.030
7.730
7.533
7.725
9.332
8.326
9.324
8.122
8.931
9.231
9.828
7.762
8.728
8.128
8.122
8.423
9.630
8.431
9.024
9.826
9.332
9.930
8.939
8.598
9.729
9.080
9.128
7.631
9.245
8.027
9.121
7.731
8.333
9.128
7.929
7.728
9.929
9.928
8.322
9.025
9.228
8.224
9.226
8.129
8.953
9.833
9.226
8.430
8.427
8.225
8.127
7.631
8.229
8.827
9.524
7.864
7.934
8.527
7.974
9.230
9.036
9.829
9.625
10.031
8.831
7.625
7.728
8.931
7.628
8.727
7.823
9.484
9.531
9.526
10.030
8.329
9.526
9.124
9.229
7.834
10.029
9.827
8.129
8.228
8.729
7.522
8.522
9.228
8.723
9.227
8.532
7.830
8.928
8.123
7.831
7.832
8.427
8.227
9.229
8.633
9.431
9.733
8.682
8.831
9.428
8.225
9.633
9.031
11.852
8.724
9.330
10.031
8.732
7.567
8.329
7.525
7.523
9.521
9.228
8.929
8.646
7.925
9.228
7.622
8.730
9.525
8.045
9.633
7.628
9.928
8.131
9.828
9.821
8.924
8.533
9.419
9.635
8.131
8.065
9.627
9.536
10.031
9.729
8.127
10.028
7.928
8.230
7.623
7.522
7.525
9.851
8.089
7.926
8.132
9.031
9.227
7.824
9.727
8.731
8.127
9.829
9.769
7.828
9.530
8.631
8.931
8.731
8.126
9.727
9.233
7.827
9.124
9.126
10.034
9.834
9.230
8.032
8.129
9.373
8.323
8.129
8.232
9.728
8.826
9.028
8.825
7.828
9.526
8.724
9.232
7.628
8.430
8.930
8.155
8.028
10.025
9.525
9.233
8.227
9.129
8.330
8.629
8.426
7.527
8.725
8.127
9.226
9.527
8.931
8.629
7.726
10.625
8.422
9.930
8.428
8.429
8.630
9.028
7.926
9.829
8.132
8.232
8.332
9.729
8.827
8.825
9.825
8.525
8.133
8.026
7.526
9.126
9.132
8.428
9.124
7.924
9.229
8.426
9.926
8.228
9.531
7.528
7.926
8.924
8.663
9.028
9.927
8.760
7.929
7.927
8.624
8.826
8.629
9.526
8.428
9.930
8.437
8.228
8.323
9.125
8.930
8.625
8.363
7.930
9.729
7.625
8.524
9.125
8.531
8.429
9.829
8.233
8.655
7.625
9.624
8.740
9.228
9.647
9.927
9.829
10.031
8.627
8.526
8.533
8.226
9.727
8.631
9.230
8.026
9.426
8.425
9.431
8.169
9.231
10.038
7.829
9.524
8.425
9.633
8.045
9.335
9.327
8.732
7.926
9.726
8.423
9.131
9.035
8.026
9.127
8.732
7.929
7.824
10.027
9.291
8.632
10.403
6.942
7.935
7.533
9.826
8.825
9.431
8.130
8.124
9.327
8.633
7.626
7.622
8.125
8.327
9.727
9.926
9.730
7.730
9.530
8.025
9.525
8.629
8.528
8.732
9.935
9.233
9.027
9.824
8.526
7.541
9.529
8.928
7.930
9.530
8.632
9.424
9.028
9.436
7.725
8.226
7.929
8.026
8.524
8.521
8.830
8.622
8.428
8.431
8.542
8.026
9.126
8.124
9.427
7.829
9.327
9.428
9.585
8.331
9.323
7.946
8.530
8.727
9.526
9.231
8.131
8.026
8.723
9.831
7.631
8.930
8.128
8.028
9.684
9.329
9.128
8.325
7.630
7.628
9.424
8.827
8.331
8.529
9.524
7.624
8.830
8.931
9.530
8.426
9.932
8.733
9.024
8.427
7.532
8.472
7.726
8.328
9.130
8.928
8.023
9.224
7.830
8.630
9.827
9.933
7.931
9.026
8.423
8.224
9.131
7.727
9.526
7.528
8.731
9.136
7.925
7.626
8.032
7.531
10.782
7.829
9.031
10.029
8.927
9.025
8.331
9.128
9.929
7.627
8.228
8.024
9.322
8.727
9.432
9.026
8.528
9.829
8.137
9.426
8.126
9.933
9.933
7.541
10.029
8.532
9.470
7.831
9.075
9.932
8.026
9.931
7.832
9.527
7.527
9.525
8.724
8.531
8.727
8.529
8.633
9.429
9.228
7.925
8.026
8.533
9.628
9.330
8.430
7.739
8.838
9.029
7.528
8.630
9.331
7.631
9.930
8.680
8.124
8.724
8.631
8.727
8.726
8.927
8.328
8.728
8.328
9.525
9.831
9.630
8.123
8.338
9.131
9.929
8.932
9.928
8.531
8.729
9.129
9.529
8.924
8.025
8.622
9.131
9.430
7.833
9.528
9.432
9.130
7.525
8.222
7.627
8.930
9.428
9.326
9.830
8.330
7.726
9.224
8.027
9.828
7.523
9.028
9.134
9.928
8.124
8.926
8.530
9.330
8.127
7.928
8.336
8.828
9.125
9.924
8.130
9.631
9.327
7.627
8.730
9.631
8.325
9.024
8.433
7.728
8.226
8.326
8.734
8.531
7.722
9.225
8.439
7.730
8.328
10.034
7.733
8.930
9.027
9.308
7.734
9.680
9.428
9.141
8.434
8.489
9.231
9.226
8.132
8.630
9.425
9.326
8.132
7.623
8.524
9.326
8.028
9.229
7.527
9.227
7.632
7.727
8.524
8.831
7.930
9.432
8.928
8.326
8.437
7.930
9.657
9.526
7.632
8.987
8.526
8.525
10.028
7.626
7.723
8.224
8.831
9.832
7.726
9.628
9.927
9.415
8.121
8.124
7.829
9.129
9.826
8.228
11.163
8.527
9.524
10.036
8.029
8.525
8.429
9.130
8.952
7.925
8.522
9.130
9.531
9.625
7.778
9.631
9.929
8.123
7.825
8.629
7.826
8.024
8.426
7.932
9.229
9.924
8.526
9.729
8.928
8.427
7.825
8.431
9.428
10.028
8.527
7.529
8.523
9.426
9.229
7.530
7.527
7.626
9.125
9.530
9.729
9.628
9.134
9.631
7.628
9.624
8.330
8.029
7.526
9.427
8.430
9.229
9.330
9.427
8.833
8.331
7.926
9.428
9.232
7.528
9.329
7.827
7.526
7.929
9.825
9.231
8.031
10.031
9.427
9.835
9.631
9.223
9.526
8.831
8.951
9.772
8.326
10.031
7.830
8.328
9.329
8.729
7.627
8.528
8.223
9.230
9.675
8.829
8.537
8.736
8.838
7.925
9.325
8.932
8.629
9.234
8.028
9.329
9.128
7.527
9.227
8.632
9.328
8.724
10.033
8.134
8.527
8.224
8.031
8.829
9.331
7.572
10.028
9.428
8.727
8.324
8.726
8.232
9.627
9.929
9.731
8.430
7.825
8.924
10.030
9.129
8.027
7.926
8.331
10.813
8.225
10.026
8.530
10.028
8.828
8.433
8.233
9.826
9.426
9.028
8.530
8.827
9.027
8.639
8.333
7.625
9.427
9.631
8.429
9.227
9.428
8.230
7.756
9.926
9.624
7.630
8.929
7.724
8.226
9.930
10.026
8.927
9.927
8.632
8.832
8.828
9.834
9.829
8.626
9.124
8.727
9.827
8.027
7.825
8.431
8.830
7.927
7.924
8.325
9.031
9.826
7.931
9.732
10.032
7.727
9.456
7.527
9.427
9.629
8.330
9.247
9.729
9.732
9.225
8.331
8.727
8.026
8.031
8.655
9.327
9.828
10.027
9.028
7.727
7.728
7.526
9.230
8.329
8.229
7.526
9.935
7.927
8.126
9.727
8.127
8.327
9.123
8.329
7.628
8.826
9.130
9.435
8.729
9.029
8.526
9.528
7.832
9.231
7.626
9.131
8.428
7.528
9.024
7.627
7.930
9.430
7.623
9.628
7.633
8.529
9.824
7.622
9.228
7.828
7.525
9.828
8.929
9.127
8.025
9.225
8.027
9.928
8.727
9.224
9.029
10.026
8.823
9.329
9.132
8.925
8.527
7.532
9.128
10.028
7.828
9.528
9.331
7.929
9.328
9.635
9.230
9.230
10.389
7.755
9.847
9.830
8.035
8.830
9.025
8.523
7.929
9.532
8.529
9.229
8.731
10.031
9.326
7.623
9.639
8.332
9.126
7.628
8.532
8.329
7.727
8.822
8.028
9.730
9.524
9.827
9.330
8.629
9.130
9.230
9.437
9.030
9.130
7.526
7.730
8.027
8.723
8.223
8.248
9.830
7.526
9.030
9.782
9.329
9.225
9.125
7.735
8.428
9.429
9.030
9.230
9.926
7.927
9.731
9.532
9.930
9.626
8.931
8.627
8.925
8.023
8.128
7.827
9.627
8.131
8.151
7.728
9.427
9.027
7.930
9.330
9.228
9.629
8.927
8.635
8.732
8.148
8.828
9.629
7.527
8.123
8.620
9.928
8.424
8.824
9.535
8.229
8.429
8.428
9.628
10.033
8.926
7.623
7.726
8.728
8.524
8.527
8.934
8.026
10.083
9.531
9.832
9.130
9.128
8.832
7.628
7.731
9.523
9.228
7.531
9.729
9.626
9.232
9.732
7.927
7.924
9.331
8.930
9.039
7.667
8.432
8.929
9.325
8.725
9.232
7.928
9.735
7.827
9.330
7.626
7.821
9.095
7.531
9.627
8.026
9.129
9.827
8.425
8.529
9.124
8.427
8.357
8.625
7.528
8.130
9.185
8.226
9.924
8.179
9.730
7.728
9.034
8.632
9.528
7.627
7.928
9.932
7.528
8.228
9.330
7.830
8.728
8.225
7.926
8.330
8.728
9.533
8.229
9.731
8.130
9.823
8.026
9.132
8.328
8.388
9.734
7.530
9.028
9.727
8.125
8.829
9.925
9.827
9.931
9.328
7.624
7.925
9.330
7.633
8.928
8.625
7.932
7.524
9.324
8.525
8.531
8.030
7.927
9.229
7.834
8.727
8.928
8.324
7.731
10.029
9.329
7.527
7.630
8.429
9.825
8.525
9.986
9.831
8.227
9.833
9.331
8.330
7.925
8.527
8.633
9.328
9.637
9.130
9.533
9.127
7.521
8.026
9.831
8.227
9.930
7.532
9.432
8.852
8.535
9.928
8.927
7.826
9.932
9.030
8.928
9.823
10.029
8.831
9.629
8.227
8.832
8.835
9.229
9.226
10.070
7.570
8.627
9.628
9.630
8.232
8.826
9.825
8.730
8.527
8.127
8.626
8.529
7.528
7.524
9.522
9.929
8.933
10.029
10.658
7.283
9.125
9.725
8.029
7.832
9.229
8.928
9.133
8.126
8.225
8.768
8.030
8.730
9.726
7.727
8.231
7.928
9.025
8.222
9.326
10.029
8.834
8.027
8.630
9.028
8.023
8.325
9.030
9.629
8.427
9.126
7.630
10.030
8.723
8.323
8.031
8.030
9.745
9.828
8.630
7.987
8.227
9.126
9.330
8.029
9.630
10.034
8.431
8.526
8.324
7.929
8.729
9.927
8.426
10.030
9.028
9.228
8.224
8.226
8.729
9.250
9.827
9.031
9.328
8.427
9.826
9.834
8.933
9.630
9.833
7.629
7.629
8.126
9.425
9.432
8.626
8.926
9.533
9.836
7.626
7.825
7.624
8.829
7.881
8.526
8.730
9.336
7.624
10.374
9.362
9.131
9.040
9.731
8.081
8.227
8.225
7.822
8.226
9.829
9.925
7.927
9.932
10.029
8.527
9.527
9.332
9.830
8.329
9.032
9.533
8.437
9.320
9.636
9.936
9.631
8.329
8.833
9.052
8.628
8.425
9.032
7.626
9.927
8.829
8.228
8.226
9.825
8.523
9.130
9.530
8.528
9.731
9.631
8.814
8.323
9.250
8.133
8.886
9.293
9.628
7.727
8.625
9.023
7.529
8.430
8.525
8.364
9.929
7.726
9.423
8.224
9.232
9.631
8.226
8.128
7.930
9.227
8.024
9.127
8.437
7.528
7.724
8.125
9.829
8.927
9.125
8.926
9.629
9.728
9.030
9.333
7.627
7.731
8.329
7.624
8.931
9.527
8.646
8.729
9.729
8.125
9.726
9.026
7.829
7.826
9.776
8.259
9.731
7.624
10.024
8.126
7.828
7.729
8.726
7.726
9.741
7.101
9.322
8.825
7.630
8.532
8.323
7.928
8.931
9.131
8.226
7.774
8.530
9.329
9.228
8.427
7.540
8.826
9.926
7.966
9.330
9.729
8.829
9.037
7.529
8.826
9.623
8.025
9.030
8.225
8.327
8.227
8.631
7.730
9.826
8.923
8.929
8.026
9.326
7.827
9.829
10.026
8.224
8.225
9.429
9.926
9.127
9.530
8.827
9.227
7.531
8.130
8.829
8.825
9.627
8.832
7.527
9.125
9.626
9.229
10.029
8.029
7.628
8.733
8.227
9.926
7.625
9.730
8.031
9.626
8.308
7.074
9.830
8.324
8.622
9.330
8.427
7.924
8.730
9.732
9.628
8.724
7.721
8.329
7.737
10.026
9.927
7.936
9.227
9.433
9.728
9.329
9.925
10.032
8.032
8.228
10.024
8.326
8.081
7.936
8.025
8.327
8.337
7.729
9.227
9.421
9.637
7.731
9.875
8.431
9.936
9.332
9.927
7.827
7.832
7.566
7.924
8.011
7.928
9.726
9.925
7.722
8.929
9.930
7.626
9.628
8.228
7.526
7.823
8.824
8.132
8.633
9.663
8.929
8.835
8.932
8.329
8.524
9.130
8.270
9.727
9.227
7.728
9.525
9.724
8.229
9.530
7.527
8.526
7.531
9.932
8.530
7.824
9.026
8.529
8.154
8.531
9.231
8.430
9.129
8.125
9.060
7.638
7.927
8.126
9.127
9.329
9.127
7.632
8.626
9.831
10.029
7.928
10.035
9.429
7.525
8.329
9.033
7.742
9.328
9.027
7.834
7.936
9.527
9.326
8.931
7.629
7.974
8.330
8.530
9.529
8.927
7.624
9.631
9.535
8.226
8.929
8.837
10.076
9.225
7.523
9.830
9.350
7.928
9.932
8.432
8.131
8.227
9.936
8.532
7.627
9.028
9.031
8.330
8.525
8.426
9.931
8.830
8.924
8.127
9.832
8.327
9.827
7.527
8.133
9.232
8.815
9.226
8.132
8.436
8.627
8.128
8.331
7.832
8.728
8.226
8.730
9.534
9.127
8.728
8.230
9.229
7.624
9.728
7.627
8.825
8.122
7.522
8.309
8.731
8.129
10.028
7.929
7.826
7.532
8.736
9.629
8.536
8.337
7.629
9.632
9.628
8.526
7.923
9.930
9.729
8.624
8.728
9.430
7.825
9.926
7.523
9.729
7.730
9.935
9.931
9.030
8.129
9.961
9.326
7.730
7.925
9.227
8.231
8.531
9.431
9.625
8.026
8.032
8.126
8.326
7.628
7.626
9.525
8.222
7.723
9.432
9.529
8.930
8.731
9.832
8.829
8.926
9.439
9.233
8.727
9.248
8.331
9.428
9.026
7.522
9.632
9.731
9.534
7.925
8.260
9.057
7.724
8.830
9.633
8.331
9.829
9.929
8.626
9.332
8.030
8.830
8.628
10.026
7.727
9.830
9.931
9.026
8.824
9.232
8.130
7.631
8.625
9.132
9.528
7.523
9.229
9.330
9.930
8.825
9.928
7.931
7.726
7.731
9.225
9.830
8.528
9.267
9.830
9.931
8.429
7.719
8.625
9.538
7.823
8.825
9.434
7.826
7.924
8.125
9.625
8.731
8.226
8.328
7.832
7.929
8.531
9.525
9.930
8.429
8.228
9.927
8.831
8.428
7.629
8.226
8.423
8.830
9.930
8.126
8.630
8.431
8.628
9.826
7.855
9.127
8.725
9.929
9.530
9.228
7.926
9.224
7.835
8.833
10.025
8.127
9.431
8.427
7.727
9.426
9.330
9.247
8.695
8.327
9.829
9.629
9.224
8.326
8.327
9.024
9.132
9.729
9.927
7.827
9.628
7.834
9.533
8.269
7.627
9.133
7.540
8.223
8.224
7.928
9.729
8.329
8.728
9.131
9.227
9.327
8.624
8.730
7.926
7.825
9.526
7.828
7.524
8.630
8.626
8.639
7.738
7.928
8.229
7.729
8.232
7.924
8.222
7.631
8.628
8.326
9.428
8.732
9.232
7.729
9.416
8.825
8.527
8.126
8.025
7.724
9.828
9.227
9.129
7.928
9.731
8.530
8.225
9.828
9.828
9.627
8.524
7.631
10.032
9.226
7.829
8.134
9.830
8.525
8.524
8.331
9.526
7.826
9.726
8.628
8.126
9.126
7.528
9.131
9.831
8.326
9.537
9.729
7.627
8.566
7.523
9.830
9.729
8.328
9.732
9.631
8.302
8.122
9.774
7.739
10.026
7.628
8.329
9.728
8.827
9.528
8.230
8.230
9.929
8.027
9.578
8.125
9.724
9.826
10.221
9.124
8.029
9.629
9.025
8.125
8.223
9.328
8.028
8.125
7.530
7.932
7.626
8.030
8.724
9.930
8.232
8.727
10.035
9.230
8.525
9.021
8.921
9.431
9.729
8.730
10.027
9.430
9.527
9.823
9.130
9.532
9.326
9.833
9.034
8.228
8.025
10.023
7.630
8.733
8.026
7.631
9.131
8.126
8.123
7.822
8.129
9.030
9.225
8.327
8.432
7.827
9.826
9.824
9.828
10.819
8.653
9.937
8.929
8.226
9.624
8.173
7.629
8.823
8.029
9.433
9.737
8.525
9.324
9.927
9.839
9.825
7.626
9.030
8.027
8.523
9.324
8.731
7.628
8.625
9.528
8.535
9.024
9.224
8.424
8.731
8.729
9.528
8.730
7.826
7.822
8.227
8.427
8.030
9.729
9.029
7.526
9.782
7.630
9.323
9.525
7.528
9.228
9.729
9.140
9.931
8.327
8.522
8.727
8.427
9.730
8.128
9.729
8.626
10.068
8.024
10.031
8.926
7.765
8.627
9.228
8.027
9.525
7.724
8.730
9.133
9.429
8.733
8.777
9.826
8.125
8.224
9.832
10.031
8.031
8.831
9.930
8.825
7.521
8.531
9.735
9.726
9.430
9.528
8.427
9.525
7.526
8.531
8.332
7.925
9.629
7.631
8.638
9.028
8.126
9.930
8.226
10.028
8.730
9.432
9.739
9.628
7.529
9.728
9.527
8.028
8.636
9.528
9.522
8.625
8.232
9.431
8.428
7.726
8.831
9.328
9.732
9.025
7.731
8.231
9.434
10.030
8.532
8.235
9.124
9.126
8.230
9.828
9.328
9.431
9.428
9.127
8.923
9.431
8.732
8.626
7.628
9.932
8.228
9.824
8.428
9.132
9.129
9.628
9.330
7.933
9.029
9.229
9.626
9.536
7.526
9.248
9.432
8.526
9.924
8.525
7.831
8.029
8.426
9.843
7.538
7.727
8.824
9.223
9.931
7.529
7.725
10.037
9.930
8.629
9.725
8.423
7.929
9.030
7.931
9.728
9.632
9.731
9.031
9.126
9.126
9.233
8.225
8.630
7.938
8.227
9.823
8.224
8.733
8.228
7.927
8.829
8.436
9.226
7.932
8.428
9.430
8.329
8.539
9.432
9.630
8.428
7.824
10.027
9.932
8.431
9.929
9.433
8.028
9.025
8.650
9.830
8.229
9.428
8.444
8.627
7.527
8.124
9.325
9.028
8.828
9.926
7.957
10.029
9.226
8.524
8.327
8.627
9.326
9.428
7.931
9.028
7.728
8.425
9.030
7.738
9.425
9.032
9.633
7.527
7.926
8.121
9.930
8.628
7.623
8.436
9.730
7.927
9.026
9.124
9.429
8.029
8.926
10.028
8.131
8.329
8.428
9.123
9.432
7.830
8.631
10.038
9.331
8.830
8.427
8.423
9.230
7.931
9.926
8.729
7.938
8.026
9.624
7.926
9.128
9.928
9.031
9.026
7.728
8.226
8.035
9.829
8.754
9.728
9.729
9.533
7.929
8.227
8.526
10.026
8.528
9.729
9.928
8.030
8.628
8.222
9.122
7.823
8.629
9.026
9.226
9.329
9.526
8.728
9.924
8.730
8.831
8.928
7.629
9.034
9.827
8.225
9.025
8.429
8.028
8.831
7.832
8.427
9.629
9.024
8.524
8.273
8.628
8.326
8.725
9.830
9.130
7.826
7.731
7.829
9.532
9.430
9.829
9.129
8.327
9.724
7.924
9.628
8.729
8.123
8.725
8.430
9.026
7.623
9.526
9.530
9.237
10.029
8.034
8.729
8.927
9.022
9.626
8.637
10.028
8.531
7.634
9.262
9.025
7.824
9.631
8.630
9.730
9.525
7.631
7.930
9.125
8.023
7.630
7.927
8.827
8.927
9.043
7.925
9.222
8.622
9.938
8.328
8.528
8.032
9.732
7.789
9.725
9.328
8.534
9.210
7.924
8.127
9.028
9.427
8.423
8.524
7.929
8.227
8.025
8.226
8.931
9.823
8.722
9.022
7.936
7.731
7.825
9.428
8.135
9.884
8.028
8.225
8.030
9.264
8.926
7.929
9.529
8.626
9.722
10.025
8.429
7.526
8.024
9.930
9.629
9.126
8.669
10.030
9.933
9.325
8.129
8.852
9.232
9.528
7.630
9.629
9.730
8.227
9.239
8.029
7.930
9.925
8.723
8.632
9.029
7.526
9.031
8.729
8.824
8.824
8.625
9.927
9.033
9.231
10.034
8.530
8.228
8.725
8.428
8.027
8.378
8.758
9.431
9.824
8.723
9.623
9.430
8.529
7.723
8.724
9.029
8.326
8.522
7.621
9.628
7.628
7.927
8.631
8.835
9.429
7.521
10.026
9.333
9.128
9.326
9.426
7.530
7.629
8.024
8.730
8.436
8.631
8.025
7.727
8.328
9.229
9.832
7.823
7.929
7.629
9.025
9.631
8.631
10.025
9.826
8.224
7.629
7.830
9.328
8.928
9.733
9.329
9.027
9.126
8.531
8.228
8.433
8.827
8.674
9.127
10.023
9.523
7.629
8.126
9.770
8.530
7.525
9.728
8.824
7.930
10.028
8.026
10.035
9.007
7.928
9.928
9.364
8.232
7.832
8.725
9.728
7.528
8.132
8.827
9.322
9.429
10.028
7.925
8.128
8.329
9.524
8.226
7.724
9.734
8.828
7.527
8.326
8.832
9.729
9.824
9.425
9.930
7.726
9.430
8.432
8.429
9.426
7.825
9.125
9.829
9.230
8.928
10.030
10.028
7.730
9.428
9.331
10.057
9.828
7.537
8.432
9.325
8.224
8.625
9.135
9.627
8.828
9.932
8.528
8.726
9.827
7.931
8.531
7.958
10.027
9.432
8.628
12.509
9.319
7.631
9.427
9.233
9.335
9.529
9.126
9.725
8.930
8.631
9.825
8.625
8.629
8.126
8.021
9.426
9.428
9.625
9.127
8.127
9.631
7.547
9.325
9.426
8.129
7.726
9.830
8.231
9.830
8.325
7.924
9.825
8.632
9.828
8.932
7.829
9.330
8.027
10.025
8.330
9.129
9.725
9.432
7.634
7.927
10.033
9.786
9.850
9.728
8.728
8.146
9.328
9.027
9.924
8.830
9.837
7.828
8.527
8.030
7.767
9.530
8.627
7.530
8.029
8.327
8.929
8.631
7.729
9.435
8.721
8.533
8.635
8.627
8.179
9.031
9.028
8.223
8.624
9.030
7.829
9.926
9.627
9.832
9.030
9.628
8.727
8.728
7.529
9.733
9.430
7.833
9.125
7.924
7.827
9.932
9.026
9.227
8.630
9.428
8.849
9.826
7.930
7.529
8.325
8.727
9.031
7.531
9.425
7.632
9.025
9.930
7.625
8.526
9.932
9.129
8.224
8.528
7.929
8.329
8.226
9.926
8.630
10.028
7.924
9.122
10.030
9.432
8.425
8.574
8.830
9.754
8.326
9.426
10.030
9.327
8.227
8.943
9.329
7.524
9.222
8.431
7.527
9.332
9.626
9.934
8.526
7.823
8.424
9.032
8.828
9.326
8.836
9.930
9.425
9.422
8.930
9.630
8.824
10.025
8.031
7.727
9.726
9.025
9.829
9.630
8.527
7.928
8.632
7.728
8.126
7.825
8.930
8.133
10.017
8.028
8.231
8.329
8.923
9.124
9.829
7.624
8.525
8.726
10.027
7.826
8.026
9.026
9.928
9.528
9.026
8.131
9.929
8.823
9.824
9.632
8.530
8.226
7.627
9.629
8.727
8.428
9.923
7.529
9.128
9.724
8.428
10.035
7.932
9.926
9.027
7.830
10.028
7.626
9.025
7.636
8.128
9.724
9.325
8.030
9.228
8.488
8.831
9.030
9.726
8.524
8.828
8.328
9.328
9.130
7.928
7.931
7.568
7.925
8.123
9.329
7.744
9.026
9.230
8.131
9.025
8.324
8.626
9.232
8.428
7.523
9.527
9.029
10.026
8.722
9.730
9.131
9.725
8.627
8.233
9.529
9.725
9.729
7.829
9.128
8.826
8.224
9.727
9.025
8.822
7.725
8.230
9.127
9.227
7.532
9.928
8.426
8.325
8.522
7.530
9.428
8.725
9.530
8.529
8.826
8.324
8.423
7.828
7.930
9.525
8.830
7.633
9.130
8.623
7.926
8.330
9.928
8.827
7.929
8.830
7.526
8.123
9.724
9.334
7.576
9.732
9.486
8.432
8.137
8.026
8.625
10.031
9.228
8.274
8.731
8.029
9.028
9.626
8.537
9.728
9.024
10.026
9.830
8.328
8.623
7.822
9.131
8.627
9.145
9.828
7.629
9.128
7.826
9.824
8.628
7.831
9.727
7.927
8.930
7.727
8.424
7.622
8.163
7.727
8.326
9.128
8.433
7.528
8.626
9.722
9.930
7.773
9.625
9.826
8.731
8.127
7.524
8.023
9.555
9.130
7.726
9.626
8.332
8.029
9.326
9.425
8.629
8.933
10.031
7.628
9.229
8.327
7.829
9.825
8.835
8.828
8.828
9.732
11.153
7.526
9.525
8.628
8.902
8.135
8.329
9.233
9.929
8.526
9.724
9.327
7.528
7.524
8.827
8.429
8.027
8.325
7.922
9.331
9.731
8.128
9.528
9.032
8.935
9.826
8.725
7.828
8.726
7.626
7.728
7.532
7.827
9.723
8.824
8.331
8.732
9.927
7.627
8.830
8.328
9.823
8.227
8.631
9.829
9.627
9.748
7.931
8.027
7.525
10.033
7.631
8.134
9.432
9.433
9.831
9.325
8.224
7.527
7.929
8.427
7.726
8.125
8.932
7.624
9.723
9.726
8.828
9.524
9.827
7.729
7.928
9.726
8.523
9.025
9.628
8.227
8.628
7.732
8.916
8.730
7.622
9.026
9.538
9.727
8.324
9.432
8.935
9.327
9.725
9.537
7.631
7.526
7.625
9.229
7.626
9.823
8.928
9.231
9.876
8.827
9.428
9.831
8.726
8.025
9.026
8.230
8.728
7.529
8.625
9.937
10.088
8.723
8.928
8.829
8.325
9.928
8.132
9.960
9.124
7.725
9.430
9.431
8.027
9.731
8.628
8.126
9.623
7.625
9.831
9.125
8.927
9.433
9.029
7.726
9.924
7.934
8.585
8.626
8.232
9.832
8.662
9.827
8.525
7.635
8.531
9.527
7.526
9.429
9.430
9.123
9.825
8.938
8.530
7.728
8.529
9.829
8.429
8.229
9.926
8.329
9.832
8.727
7.834
8.735
9.225
7.724
9.232
7.632
9.026
7.535
7.532
7.533
9.825
8.523
7.724
8.529
8.226
7.924
7.825
7.544
9.525
7.521
8.925
8.128
8.029
7.523
7.827
8.931
8.226
7.623
9.924
7.928
9.130
7.746
9.328
8.230
8.125
8.627
8.528
9.628
8.628
8.534
9.826
8.629
10.234
7.623
9.825
7.929
8.025
7.524
8.124
7.728
7.728
9.528
8.525
8.225
9.731
8.929
9.834
7.829
9.228
9.926
8.430
8.431
7.570
7.627
9.326
8.329
9.033
7.923
8.020
7.525
9.226
7.722
8.826
9.131
8.128
8.524
9.521
8.831
8.736
7.523
9.026
9.228
9.722
7.523
7.521
9.528
9.126
9.926
9.859
8.428
9.926
8.320
9.427
7.530
8.626
8.823
8.325
7.531
9.327
8.824
7.827
8.430
9.276
9.127
10.030
9.829
7.824
9.623
8.831
9.241
9.826
7.727
8.330
9.628
7.947
8.622
9.028
9.753
8.425
8.926
8.130
8.429
9.923
7.623
8.430
8.436
8.925
9.226
8.731
8.126
7.923
9.025
9.235
9.829
8.252
9.326
9.994
8.727
9.025
8.524
7.929
8.925
8.928
8.937
8.431
9.425
10.023
7.525
9.228
8.527
9.127
9.830
9.429
8.932
9.926
7.729
7.527
8.824
9.627
8.727
9.625
10.023
7.824
9.028
10.026
8.527
8.426
9.782
9.824
7.619
8.462
7.827
9.024
9.528
9.230
7.628
9.026
9.423
7.826
8.426
7.821
9.527
8.128
10.027
8.325
8.225
7.622
8.327
9.751
9.827
9.729
9.427
9.922
10.022
8.329
9.830
8.732
9.528
9.971
8.424
9.647
7.826
8.928
8.725
7.525
8.232
8.829
9.027
7.521
9.225
9.929
7.924
8.828
8.227
7.865
9.825
8.923
8.131
8.133
8.724
8.024
7.927
8.032
7.928
7.921
9.123
7.836
9.135
8.530
7.627
7.636
8.235
7.927
9.223
9.424
8.047
9.926
8.425
9.729
10.026
7.722
9.523
8.028
9.026
7.823
8.523
9.251
9.426
9.121
9.522
8.029
9.926
10.026
8.657
7.726
8.025
7.619
8.222
9.826
8.824
8.324
9.929
9.525
8.822
9.220
9.028
9.283
9.025
9.980
8.828
9.123
7.719
8.527
9.630
9.225
9.025
8.229
8.124
8.419
7.520
7.722
9.824
9.923
7.825
7.627
7.727
8.323
7.921
8.421
8.026
9.225
9.524
8.027
8.630
8.479
9.720
7.822
7.526
8.930
7.824
9.127
7.925
8.456
7.720
7.719
10.027
9.225
8.424
8.224
7.726
8.426
8.520
9.421
8.242
8.827
9.725
8.454
9.927
7.621
9.764
8.024
9.328
9.036
8.832
8.781
9.926
8.622
8.427
7.527
10.030
8.723
9.125
7.926
9.526
9.521
8.321
9.526
8.725
9.224
7.623
9.126
7.623
8.819
8.422
8.326
7.623
8.121
9.523
7.646
8.223
9.021
8.120
7.629
7.926
9.424
8.229
7.728
8.024
9.323
7.919
8.124
8.227
9.623
8.723
7.626
9.028
9.524
9.821
7.824
8.725
7.621
9.526
8.840
8.926
8.023
9.824
9.226
8.625
9.252
9.522
9.526
8.123
7.620
9.922
8.728
9.725
8.235
8.926
7.826
7.525
9.422
8.524
8.427
9.124
9.925
8.728
8.225
9.422
8.520
8.628
8.228
8.821
8.227
9.728
7.825
8.720
9.420
9.828
7.525
8.822
9.236
9.728
9.425
9.520
9.528
8.326
9.224
7.723
9.727
9.722
7.920
9.219
8.328
8.828
8.423
8.224
7.627
9.225
7.522
8.619
7.930
8.429
7.523
8.824
8.028
7.927
7.623
7.518
7.619
7.828
8.827
9.524
7.524
8.426
9.023
9.720
9.248
8.329
7.526
9.022
7.922
7.928
8.425
8.821
9.422
9.327
10.196
9.684
8.630
9.727
8.323
9.226
8.222
8.627
7.932
8.726
9.029
8.326
8.722
9.320
8.629
7.566
8.723
8.825
8.628
7.626
8.523
7.721
8.622
8.726
9.222
9.124
9.428
7.528
7.823
8.719
9.625
10.031
8.425
8.124
9.828
9.526
7.521
7.919
8.026
8.129
9.324
9.723
8.965
7.924
8.921
7.735
8.126
7.725
9.023
9.225
8.132
7.626
9.623
9.220
8.930
8.828
8.223
8.228
9.027
8.725
9.624
8.520
8.826
8.227
9.424
8.725
7.827
9.624
9.121
8.320
7.631
8.327
8.122
9.124
9.029
9.727
9.523
9.822
9.926
8.423
9.023
8.123
8.826
8.523
9.920
7.822
10.027
8.224
8.525
9.228
9.728
8.224
7.821
8.439
8.928
9.925
9.728
9.427
9.425
8.963
7.621
9.626
10.024
8.423
8.830
9.127
8.022
8.218
8.820
7.927
9.325
7.725
8.726
8.025
9.022
8.527
8.527
9.126
9.524
9.525
8.233
9.127
7.921
8.626
7.621
9.526
8.422
10.025
8.927
8.023
8.922
9.224
7.528
9.025
7.622
8.825
8.025
8.121
9.720
9.522
8.727
8.925
10.024
10.028
9.726
8.922
8.621
8.122
8.126
8.029
7.824
8.928
9.627
8.423
7.621
10.022
7.827
8.725
9.927
9.428
9.230
8.925
8.630
9.426
7.824
8.923
8.123
8.527
9.524
7.922
8.018
8.421
9.627
7.924
8.524
9.429
9.524
9.622
7.620
7.527
7.826
8.125
9.125
7.529
9.027
9.422
10.020
9.627
8.126
9.925
8.923
10.027
8.726
7.619
9.420
9.326
9.024
7.622
7.729
8.727
8.123
8.420
9.821
7.827
9.023
8.222
9.734
8.426
8.864
9.819
8.725
8.226
7.924
7.923
8.326
9.627
9.929
8.222
9.323
8.126
8.223
8.223
8.226
9.526
8.522
7.522
8.724
7.572
7.976
9.124
8.926
8.526
7.551
8.620
8.822
9.028
9.324
8.625
7.777
9.727
8.323
9.019
8.122
8.927
9.626
8.937
8.728
9.626
9.822
7.921
7.826
8.026
8.823
8.629
7.627
9.985
8.819
9.021
7.550
9.911
8.024
8.923
7.631
8.225
7.621
9.119
10.027
9.431
7.625
7.524
9.228
8.726
9.223
10.023
7.737
8.725
9.025
8.928
8.527
8.826
9.620
8.822
9.530
8.327
9.926
9.827
8.127
8.922
8.719
8.323
8.025
9.223
9.727
8.459
7.625
9.820
10.022
7.843
9.328
7.822
7.524
8.726
9.278
9.424
8.620
9.630
8.229
7.622
8.725
9.227
9.127
8.223
8.221
8.726
9.026
8.030
8.424
9.927
9.426
9.624
8.169
7.625
8.923
8.019
8.523
9.027
7.921
8.621
9.020
9.832
9.126
9.223
8.623
8.226
8.726
9.921
8.021
9.532
7.623
9.226
8.824
9.228
9.926
9.521
7.822
9.029
7.725
8.725
8.832
9.827
8.421
9.720
9.927
7.526
7.621
8.491
9.028
8.027
9.726
8.224
7.923
8.759
7.524
9.027
9.728
8.830
9.123
7.619
8.422
9.228
9.810
9.726
8.428
9.125
9.420
8.974
8.028
9.626
7.825
9.627
9.527
8.723
9.220
9.427
8.734
9.323
7.824
7.927
10.027
10.031
8.821
7.928
8.927
8.823
9.425
8.530
7.725
8.620
8.620
8.629
7.827
7.823
8.524
8.726
9.627
7.821
7.731
7.721
7.533
8.024
9.825
9.528
9.526
9.123
8.820
8.327
8.326
9.423
8.723
8.329
9.525
10.021
8.922
8.328
9.024
8.422
9.329
9.226
9.622
7.819
8.022
9.927
8.324
9.029
8.531
8.031
9.323
8.920
8.327
9.530
9.523
8.023
8.930
9.124
9.977
7.721
9.926
8.125
9.823
8.623
9.128
9.228
8.722
7.931
7.530
7.828
8.923
9.524
9.629
8.425
7.519
7.520
8.227
8.527
9.223
9.424
9.126
8.423
8.220
9.927
7.828
7.826
8.025
9.424
9.427
7.824
9.822
9.321
8.727
9.873
8.024
7.728
8.937
9.422
8.419
8.925
9.827
9.824
8.581
9.527
8.326
8.720
9.723
9.234
9.826
8.825
8.732
8.829
9.924
9.621
8.634
7.628
10.025
9.327
9.729
9.533
9.720
9.526
8.927
8.322
8.924
9.737
8.726
7.721
9.020
9.628
9.328
8.922
9.523
8.026
8.322
7.920
9.221
7.926
9.626
8.923
9.223
8.226
7.623
9.019
8.020
8.926
9.325
7.922
8.223
8.925
7.523
7.820
8.517
9.026
8.828
10.029
8.991
10.026
7.821
7.620
9.820
9.928
9.026
9.224
7.828
10.707
9.723
9.723
7.824
9.424
8.623
9.727
7.826
8.924
8.821
8.323
8.027
8.231
8.924
8.724
9.928
8.927
9.220
8.326
8.029
7.924
8.424
9.128
8.028
8.823
9.421
7.722
8.827
8.427
9.723
9.329
8.531
9.523
8.921
9.127
8.830
7.630
8.925
9.129
9.330
7.725
7.520
9.828
8.427
8.923
8.423
8.427
7.825
7.721
9.320
8.322
8.328
7.626
7.522
9.023
9.126
9.723
9.320
7.822
8.225
8.922
9.623
9.227
9.058
8.723
8.220
9.828
8.828
9.725
9.126
8.237
7.525
9.125
8.655
8.649
8.041
9.023
9.625
8.527
9.222
8.820
9.521
7.625
8.924
9.830
9.286
8.225
9.424
8.621
8.523
7.526
7.675
8.322
9.424
8.626
9.723
7.620
8.321
8.627
10.025
7.525
9.428
10.027
9.222
9.832
8.726
9.926
8.823
8.224
8.326
8.123
9.719
7.721
8.528
8.834
10.032
7.825
9.528
9.544
8.977
8.123
9.525
9.024
9.125
9.130
7.727
8.766
9.219
8.721
9.925
9.323
8.824
9.428
9.425
7.922
9.127
8.026
7.724
8.021
9.024
8.529
8.935
8.626
8.922
7.522
9.925
9.123
7.826
9.327
8.525
9.219
7.618
8.226
8.326
9.223
9.824
8.524
7.922
9.122
9.724
7.928
8.382
8.420
9.824
7.825
9.024
9.020
8.522
9.227
9.825
10.025
8.206
8.683
8.623
9.519
8.623
8.627
8.526
8.924
8.133
9.726
8.221
8.218
7.853
9.027
9.973
7.724
7.684
7.927
9.323
9.819
8.322
7.727
8.424
8.225
8.229
9.927
9.823
9.322
9.327
9.531
9.425
9.825
8.225
8.124
9.221
9.522
9.337
7.828
8.524
9.929
7.532
9.224
8.221
8.023
8.333
8.025
8.321
8.428
8.529
7.725
8.121
9.519
8.236
9.029
7.726
8.934
9.136
10.027
8.119
8.320
9.625
7.524
8.221
7.923
8.128
10.029
9.922
7.521
7.727
8.327
7.522
7.931
7.626
8.225
8.522
8.426
9.027
9.531
9.330
7.625
9.930
7.524
9.622
8.019
9.376
9.833
9.526
8.323
9.926
7.724
9.320
9.622
7.726
10.027
10.293
8.687
7.526
9.862
8.820
8.025
8.227
8.925
8.427
8.327
9.625
9.624
9.419
8.527
9.226
8.823
8.622
9.124
8.922
8.418
9.625
8.127
8.324
9.223
9.127
8.425
9.524
8.525
7.922
9.931
8.423
8.123
8.426
8.726
8.025
9.824
9.223
8.829
8.826
7.533
9.828
8.325
9.923
9.420
9.632
9.071
8.122
8.325
8.226
9.525
9.221
7.820
7.779
7.726
9.723
9.523
8.631
9.125
7.921
9.021
9.058
9.123
9.825
10.243
7.725
7.822
9.821
9.426
9.126
8.522
9.625
9.028
9.625
9.421
8.322
9.328
8.625
9.023
7.523
9.333
8.626
9.521
9.822
8.928
9.926
9.525
8.528
8.426
8.721
9.020
7.522
7.625
8.023
9.931
7.722
8.227
7.626
7.973
7.722
9.428
8.724
9.825
8.524
8.473
9.231
9.628
7.625
7.929
8.726
7.821
9.925
9.827
10.024
9.921
8.821
10.027
9.524
9.925
8.326
8.128
9.023
8.620
8.326
9.542
8.422
8.721
7.831
8.727
8.821
8.021
8.228
10.025
7.721
9.424
8.542
9.623
8.956
8.821
10.027
7.556
9.424
7.527
7.537
9.529
9.922
9.025
9.525
9.326
9.022
7.927
7.522
7.923
9.020
8.326
7.526
7.523
9.726
7.828
8.926
8.524
8.520
9.628
8.625
8.825
9.224
9.728
8.525
8.020
8.421
8.728
8.327
7.922
8.723
8.526
10.026
8.721
10.027
9.427
7.924
9.027
9.827
8.127
9.623
9.020
9.226
9.726
9.024
8.825
7.633
7.925
9.821
8.718
7.628
8.427
7.622
9.330
8.025
8.621
7.520
9.119
10.028
8.326
9.823
8.623
9.327
9.726
9.826
9.425
9.235
7.822
8.524
8.927
8.530
8.123
7.820
7.626
7.927
9.625
9.124
8.022
10.027
8.931
9.420
7.720
9.825
9.527
9.633
7.924
8.322
9.620
9.720
8.227
8.024
9.420
9.624
10.027
9.230
9.521
9.321
8.327
9.926
8.025
10.029
8.524
8.621
7.919
8.865
9.227
10.024
7.823
9.725
7.525
9.220
9.122
7.827
9.434
8.724
9.964
9.730
9.525
9.624
9.433
7.924
8.072
8.923
10.025
7.622
8.324
9.621
9.627
9.125
9.623
7.524
9.277
8.025
8.821
9.722
9.526
7.924
9.826
7.556
7.626
10.285
9.420
9.421
7.626
8.530
8.024
7.620
8.127
7.724
9.720
7.621
8.327
9.927
9.325
8.423
10.027
7.525
7.922
9.521
9.125
7.522
9.823
8.526
8.224
8.527
8.119
7.720
9.027
7.826
7.920
9.324
7.627
9.824
8.624
7.920
8.227
9.329
8.026
9.124
9.729
7.825
9.420
7.922
7.826
8.627
8.865
7.923
8.627
9.331
7.622
7.920
9.527
9.926
8.926
7.623
8.326
9.723
8.021
10.022
10.027
8.430
9.225
7.827
8.425
7.923
8.220
9.123
9.826
9.029
8.327
9.428
9.530
7.724
7.519
9.924
8.825
8.823
7.922
7.666
8.226
8.024
8.220
7.822
8.033
9.825
8.224
9.129
9.427
8.924
9.023
9.528
9.929
8.225
9.842
8.225
8.623
8.219
10.021
8.525
9.925
8.522
8.124
9.326
8.725
8.121
9.321
7.627
9.677
9.824
7.927
8.027
7.724
8.622
8.522
8.526
8.325
9.223
7.524
7.826
8.123
9.021
9.922
8.126
9.923
9.830
9.027
8.526
7.923
9.120
9.728
7.926
7.522
7.729
9.828
8.727
8.541
9.020
9.128
8.327
8.924
9.524
8.827
9.426
8.320
9.821
7.827
9.326
9.225
7.824
9.802
9.823
9.320
9.727
8.129
9.223
9.423
9.527
7.825
7.520
8.566
7.625
7.926
8.624
8.124
7.828
10.026
9.121
9.419
9.027
9.926
8.423
8.723
8.827
7.723
9.520
9.053
8.027
8.925
7.923
8.524
8.525
7.826
7.821
8.325
8.527
9.727
7.721
7.924
7.627
7.932
9.120
7.918
8.323
7.825
8.524
8.724
8.028
8.185
8.222
9.521
7.623
9.127
8.325
9.224
9.428
7.926
7.923
7.521
9.423
8.527
8.626
8.022
9.027
9.131
8.925
10.020
8.922
9.131
8.024
9.024
9.529
9.626
9.424
7.919
7.622
8.125
9.123
8.124
8.227
9.827
7.723
8.519
9.125
8.624
7.622
8.423
9.028
8.229
8.424
8.519
9.251
9.526
9.126
8.353
8.728
7.925
8.220
7.519
9.729
8.928
9.024
9.335
8.526
8.624
9.720
8.822
9.434
8.827
9.428
7.536
8.727
9.625
8.719
7.922
8.327
8.925
8.825
7.526
9.826
10.023
8.520
9.028
9.625
7.524
10.025
8.328
8.125
8.422
8.319
7.722
9.826
7.523
9.525
8.426
8.826
9.224
9.724
8.127
8.128
9.021
8.324
9.527
8.826
9.722
10.022
9.628
8.523
8.925
9.629
8.456
8.822
8.120
10.029
8.624
8.321
7.523
9.636
9.027
8.423
7.820
9.422
8.224
8.022
9.125
9.328
9.528
8.223
9.020
7.721
9.032
7.924
8.524
8.626
9.227
8.422
8.520
9.022
9.427
10.024
8.525
7.827
8.925
9.320
7.921
7.621
7.825
8.222
9.723
9.527
9.126
7.723
8.819
10.026
8.229
7.913
9.324
7.927
8.725
8.226
8.119
7.824
8.827
9.430
9.025
8.225
7.722
10.028
9.923
9.827
7.528
8.523
7.824
9.977
7.824
8.421
9.321
8.330
9.125
9.060
7.724
8.425
9.223
9.222
8.321
7.527
9.826
7.721
8.122
8.625
8.623
8.820
9.022
10.027
8.325
7.921
8.323
8.526
8.026
8.121
8.425
8.333
9.326
8.922
10.028
9.626
9.925
9.220
8.022
8.927
8.323
8.224
10.027
7.625
7.620
8.319
7.922
7.526
8.525
8.523
8.623
9.727
10.025
7.521
9.821
8.227
8.125
8.222
9.428
8.931
9.022
8.058
9.722
8.227
9.424
9.635
8.028
9.226
8.922
8.519
8.328
10.028
9.523
8.223
7.527
9.824
9.248
7.921
9.828
7.923
9.225
8.333
7.782
9.123
8.620
10.022
7.528
9.224
8.396
9.687
8.026
10.023
7.519
7.821
8.328
9.725
7.524
8.830
9.025
9.023
7.543
10.022
8.926
9.522
8.224
9.127
9.225
7.554
9.820
9.128
7.927
8.924
9.924
8.127
8.160
8.420
8.219
8.364
7.827
9.223
8.124
8.527
9.125
8.120
8.920
10.030
7.927
8.923
8.922
9.525
8.024
8.920
9.422
9.429
8.524
7.723
8.765
7.827
8.026
8.422
9.421
8.428
9.827
9.526
9.329
8.026
7.822
10.021
9.122
8.326
9.428
9.723
9.427
8.426
7.922
8.420
8.524
8.426
9.827
7.628
7.830
7.835
9.025
9.921
9.929
7.726
7.823
8.525
8.227
8.326
9.622
7.618
9.235
9.526
9.621
8.624
7.533
7.532
8.821
9.119
8.429
8.124
8.720
7.925
9.234
9.126
8.822
7.718
7.621
8.728
8.033
8.127
9.225
9.525
8.022
9.329
9.927
8.525
7.922
8.122
9.328
7.526
8.423
8.619
9.522
8.127
9.825
9.525
8.126
8.524
8.722
9.219
9.125
7.526
9.624
8.224
9.429
8.525
8.620
9.520
9.828
9.124
7.621
9.123
8.825
8.323
8.891
8.621
9.326
8.835
9.425
8.528
8.829
7.724
9.820
8.223
8.371
9.525
7.926
9.229
7.926
9.370
8.319
9.728
9.628
8.132
8.124
8.927
9.333
9.227
8.522
9.084
8.524
8.824
8.123
10.025
9.624
8.920
8.723
9.025
7.822
8.128
7.628
9.127
8.323
10.020
7.521
9.428
9.425
8.124
8.527
9.927
9.924
9.521
9.768
9.424
7.722
7.722
8.431
9.623
9.519
9.522
8.527
8.124
8.223
9.322
8.025
8.025
8.418
9.420
9.524
8.725
10.024
9.727
8.027
8.524
9.619
8.022
7.827
8.925
8.823
9.029
8.927
8.625
8.420
8.622
8.227
8.723
8.824
9.178
8.427
8.423
8.731
9.426
9.228
9.674
8.925
9.926
7.626
10.021
9.503
9.628
8.623
9.225
9.228
9.370
7.822
8.776
10.028
8.326
7.822
8.723
9.830
9.426
7.521
8.420
7.926
8.225
10.083
9.528
10.025
8.123
8.020
8.724
7.673
9.823
8.324
9.228
9.626
8.423
9.153
9.029
7.985
7.919
8.424
9.931
9.726
8.722
8.721
9.729
9.626
9.224
8.524
9.524
8.623
8.521
7.824
9.227
9.225
7.721
8.622
9.425
8.323
9.425
8.021
8.729
9.325
9.236
7.828
8.826
7.521
9.719
8.022
8.129
7.527
8.927
7.926
9.928
7.524
9.421
9.778
9.626
8.523
8.222
9.131
9.628
9.222
9.644
8.827
8.627
9.925
7.525
7.932
8.325
9.420
8.619
9.729
8.626
7.722
7.723
7.626
7.723
9.924
8.121
8.322
9.928
9.724
9.024
9.725
9.724
8.319
9.621
9.526
9.322
7.722
8.726
9.127
9.621
8.419
8.021
8.128
8.425
8.023
8.727
9.528
7.623
10.018
9.125
8.928
7.825
9.325
9.029
8.028
9.323
9.822
9.128
9.341
9.425
8.030
9.227
9.327
9.021
8.722
8.927
8.426
8.924
7.527
10.027
8.731
8.621
7.927
9.543
9.909
8.723
8.327
9.035
8.820
8.321
8.227
7.625
8.622
7.723
9.427
9.427
9.520
9.121
8.429
8.823
8.725
9.127
7.925
8.137
8.221
9.323
9.527
9.135
8.324
9.727
9.343
9.421
8.219
9.928
8.831
7.722
8.523
9.726
9.422
9.821
8.123
7.626
7.635
9.222
7.824
9.527
8.725
10.025
8.722
9.825
8.725
7.524
8.886
9.326
8.122
9.719
8.527
7.725
8.823
9.524
7.526
8.232
8.922
8.320
8.020
7.827
8.725
9.125
10.026
8.126
9.022
8.220
8.220
9.126
7.622
8.723
8.726
8.827
8.623
7.620
8.621
7.526
7.625
7.522
9.323
8.528
9.826
8.021
8.922
8.742
10.025
9.025
9.429
9.030
9.824
9.921
9.427
8.632
9.123
9.561
9.225
8.124
7.721
7.520
9.927
7.825
8.922
8.822
9.326
7.522
8.920
7.820
7.732
9.225
8.121
9.724
7.829
7.831
7.621
9.321
9.026
7.826
8.222
8.525
9.331
8.124
8.321
8.820
9.428
7.626
8.323
8.823
8.433
8.724
8.821
8.230
9.232
7.927
9.724
8.425
8.129
8.727
9.023
8.321
7.927
9.628
7.924
8.227
9.929
8.124
7.621
9.020
8.627
8.526
10.043
8.037
9.331
8.428
9.623
8.733
8.534
7.829
10.033
9.427
9.252
8.926
7.821
8.319
9.327
10.027
9.226
9.928
8.731
8.124
8.120
9.321
7.626
8.622
10.023
7.627
9.427
7.625
9.320
8.121
8.826
9.224
8.826
8.124
7.629
8.326
9.320
8.837
8.627
9.224
8.224
7.724
8.226
8.525
8.719
7.721
8.626
7.925
7.520
9.825
8.526
8.424
9.021
8.920
9.731
9.225
9.225
9.228
9.525
8.523
9.819
8.226
7.624
8.727
8.825
7.929
9.636
8.231
9.320
8.323
7.528
7.623
8.825
8.328
8.826
10.023
8.524
9.930
7.831
8.723
9.963
9.130
9.625
9.021
8.120
9.234
8.125
9.826
8.528
7.727
8.425
8.421
8.734
8.626
9.724
10.026
9.229
9.226
8.223
8.619
10.027
8.228
8.723
8.724
9.027
7.623
8.722
7.626
7.521
9.227
8.924
9.926
8.442
8.425
8.838
9.021
7.827
9.727
9.023
9.024
9.927
9.926
10.027
8.523
8.625
9.625
8.527
7.826
8.724
9.222
9.121
8.827
7.523
8.021
7.524
9.128
8.127
8.923
9.226
8.124
8.224
8.024
8.123
9.227
9.225
9.724
8.323
9.729
9.527
10.083
8.625
9.328
9.931
8.520
8.025
8.426
8.225
9.224
8.922
9.456
8.524
8.018
8.221
8.527
8.532
8.421
7.526
9.326
10.027
9.520
7.621
8.328
7.627
8.224
7.623
9.528
8.025
8.520
9.322
10.027
8.426
7.922
9.556
8.226
9.126
10.028
9.430
9.928
9.125
8.228
9.428
7.525
8.922
7.721
8.529
9.929
8.850
8.823
9.427
8.926
8.432
9.526
9.828
8.526
7.625
9.928
8.227
8.225
8.529
10.024
8.127
9.524
7.825
7.729
7.827
9.724
7.619
9.722
9.727
9.424
8.124
9.029
9.629
9.522
9.521
8.330
9.629
8.224
9.625
8.925
9.757
7.921
8.322
9.631
9.125
8.624
9.426
9.826
9.323
8.120
9.827
7.625
7.722
7.725
7.827
8.029
7.525
8.220
7.920
9.726
7.523
8.523
8.926
9.927
7.922
8.318
8.122
10.027
9.246
7.623
8.826
9.025
8.222
9.822
8.527
10.030
8.424
7.922
10.026
7.824
8.726
9.921
8.127
8.958
7.524
8.723
9.427
7.825
9.420
10.022
10.026
9.624
8.424
9.028
9.425
9.120
10.022
10.029
9.024
9.225
7.731
8.026
8.123
8.619
7.926
9.227
8.623
8.833
9.829
8.569
9.424
8.420
8.525
10.027
9.824
8.524
8.627
9.325
9.022
8.118
9.325
9.224
7.722
7.827
8.126
9.824
9.420
8.120
10.027
8.623
10.025
7.828
9.128
8.024
9.021
9.723
9.927
7.722
8.524
9.627
8.926
7.824
8.120
9.926
7.926
8.022
8.523
9.128
9.926
7.521
9.719
9.331
9.227
7.523
9.623
10.031
9.923
9.221
8.022
10.843
7.724
7.923
7.726
9.527
8.775
9.219
9.125
8.526
9.424
7.728
8.327
8.427
8.222
8.920
8.222
8.726
9.724
9.324
7.727
9.751
9.522
7.522
8.982
8.828
7.822
8.621
8.727
7.822
7.927
9.520
7.725
8.129
7.530
7.924
7.727
8.729
9.960
9.621
10.027
9.426
9.823
8.229
7.828
8.032
9.822
8.526
9.225
9.423
7.928
9.629
9.227
7.524
9.821
8.224
8.829
7.524
9.625
7.523
7.827
10.025
9.722
8.023
8.328
9.729
8.724
8.529
8.426
8.523
8.028
8.520
7.826
8.023
9.422
8.123
8.526
9.123
9.421
7.821
8.726
10.026
7.523
7.824
7.525
9.832
8.824
9.022
9.928
8.325
9.225
7.827
8.227
8.824
8.621
9.223
8.526
9.823
7.923
9.627
8.226
8.623
8.017
8.522
9.127
9.923
9.225
7.730
9.127
8.725
8.022
7.722
8.628
8.021
8.323
8.835
8.027
9.625
8.022
7.822
8.028
9.725
8.325
8.929
8.527
10.160
8.120
9.727
9.125
8.530
9.225
9.826
9.824
9.720
8.582
8.926
9.723
7.825
9.127
8.729
9.019
9.920
9.226
7.725
8.020
7.623
9.334
8.523
9.920
9.823
9.029
8.025
9.484
9.928
9.427
8.023
9.221
10.029
7.626
9.067
8.680
9.328
8.226
8.439
9.122
9.428
10.026
8.924
9.729
9.226
7.822
8.819
9.028
9.528
9.123
9.639
9.827
8.325
8.222
9.824
8.227
9.826
7.726
7.724
9.628
9.625
8.323
8.924
9.827
8.422
9.926
8.328
7.932
8.124
9.420
9.727
7.627
9.323
9.060
9.927
8.523
8.921
8.619
7.627
8.525
7.821
10.037
8.427
8.825
8.121
8.121
9.528
7.827
8.524
9.826
9.948
8.023
8.221
8.920
7.927
9.325
8.827
8.823
9.726
9.625
8.430
9.623
9.725
7.622
8.123
9.527
8.625
9.723
8.320
8.722
8.327
8.623
8.631
9.420
10.079
9.221
10.022
9.425
9.727
8.424
9.328
9.726
9.129
10.019
8.575
9.628
9.366
10.330
8.326
9.122
9.321
9.127
8.628
9.022
9.224
9.428
8.795
7.922
9.221
9.434
9.427
10.025
8.023
7.925
9.129
8.120
9.851
9.030
10.024
9.424
7.526
9.526
9.022
9.220
9.427
10.027
8.778
8.824
10.027
9.743
8.123
9.225
8.926
9.424
8.324
8.327
8.979
9.524
8.720
7.923
9.024
8.024
7.925
9.526
8.626
9.725
7.720
8.323
8.945
7.724
7.825
8.929
9.928
9.326
8.221
9.430
9.527
9.624
8.224
9.428
9.228
8.822
8.520
8.326
8.326
9.623
9.129
9.629
9.024
7.922
7.724
8.128
8.525
8.323
7.824
9.645
7.924
8.021
8.122
9.334
8.225
8.462
8.425
8.227
7.948
9.121
7.620
9.927
8.925
8.324
9.424
8.026
9.824
8.021
9.022
8.026
7.533
8.024
7.824
9.227
8.534
8.021
9.921
9.748
8.826
7.623
9.423
9.435
8.124
10.021
8.924
9.127
8.624
9.825
9.829
9.026
9.020
9.920
9.027
7.824
8.323
8.327
8.629
8.228
9.022
7.521
9.029
9.129
8.324
9.326
8.431
9.527
10.022
8.223
9.126
8.925
8.523
8.624
8.226
9.226
8.822
9.622
8.429
9.924
9.526
8.328
9.028
8.724
8.420
8.124
9.026
9.231
9.127
7.728
7.624
8.022
8.021
9.324
9.827
9.023
8.525
8.228
8.428
8.625
9.121
7.623
7.629
7.625
8.723
8.324
9.326
7.624
8.121
7.821
7.626
7.527
8.624
9.125
8.730
9.525
9.922
7.921
8.932
9.134
8.324
9.223
9.728
8.831
8.422
9.623
7.732
9.624
7.723
8.826
8.125
9.624
9.122
8.223
9.730
7.827
9.224
9.129
7.926
9.823
9.420
8.123
7.533
8.123
9.925
8.932
7.627
10.027
9.322
9.227
9.027
7.622
8.323
8.832
9.126
9.223
8.621
9.629
8.728
9.024
8.525
9.527
8.530
7.622
7.819
8.123
8.127
9.523
9.726
8.729
9.525
9.023
9.524
9.730
9.732
9.474
8.530
10.029
9.522
7.818
9.329
8.628
8.123
7.525
10.028
9.926
9.422
8.521
9.627
8.225
10.027
8.127
7.827
8.524
8.220
8.122
9.325
8.824
7.723
9.025
7.627
9.926
8.122
9.733
9.527
7.924
9.024
8.026
8.027
8.624
8.526
9.824
9.728
9.324
10.046
9.829
9.125
9.324
8.431
8.725
7.625
8.623
9.526
7.930
9.830
7.826
8.520
9.070
9.327
9.024
7.924
9.432
8.824
8.820
9.022
8.329
9.229
8.124
9.038
9.826
9.225
10.021
9.723
9.131
9.225
9.726
8.830
8.225
8.923
9.820
9.626
9.133
8.323
9.225
9.527
8.025
9.521
8.223
9.728
8.729
9.926
7.829
8.327
8.624
9.122
9.838
9.626
8.425
7.925
8.530
8.326
9.823
8.435
8.026
8.881
7.528
7.624
7.826
8.528
9.225
7.719
8.222
8.429
8.725
7.624
7.924
9.426
9.630
8.822
9.024
8.527
8.626
9.326
9.329
9.927
8.524
9.234
9.526
9.526
9.625
7.923
7.725
9.623
9.121
8.421
8.526
9.327
8.525
9.025
7.963
7.726
9.223
8.724
8.633
7.825
8.827
9.230
9.729
8.526
8.122
8.925
9.529
9.427
8.325
8.928
9.329
9.426
8.122
8.922
8.825
7.821
9.328
9.229
9.927
8.521
7.621
8.623
7.829
8.825
7.523
8.225
9.227
9.326
9.626
7.821
9.828
8.526
9.730
9.726
9.624
8.022
8.521
9.226
9.926
9.324
8.125
9.328
8.825
8.720
8.122
7.724
9.225
7.622
9.524
9.126
8.623
9.821
7.824
9.166
8.524
7.823
9.935
7.725
9.826
9.620
8.223
9.630
8.126
8.026
9.428
7.627
8.524
8.024
9.524
8.642
10.025
7.532
7.830
8.827
8.950
8.721
9.029
8.134
9.024
8.625
9.932
7.726
8.323
7.620
9.424
9.428
7.924
9.426
9.829
7.926
8.923
8.120
7.629
9.732
8.625
9.525
9.872
9.928
10.025
9.323
8.428
7.525
9.526
8.928
8.827
8.423
7.720
7.821
9.029
9.228
9.127
8.825
9.529
10.024
8.920
8.828
9.528
9.526
8.333
9.229
9.927
9.722
9.823
7.629
9.426
8.525
9.629
9.329
8.322
9.721
8.722
9.442
9.829
8.226
8.327
8.762
9.325
8.721
9.229
8.227
7.927
8.323
9.727
9.932
8.222
8.723
8.828
7.829
8.323
9.624
9.528
8.426
9.221
9.422
8.529
8.726
7.824
8.323
8.230
8.944
8.139
9.432
8.234
8.029
7.723
9.223
9.327
9.525
8.125
8.622
7.826
8.525
9.423
10.025
8.528
7.726
8.821
9.828
8.028
9.725
9.327
7.629
8.227
8.623
9.721
9.223
7.528
7.725
7.623
8.255
9.127
8.329
7.522
10.023
8.828
7.825
9.429
8.030
10.031
10.024
9.422
7.827
8.426
8.723
7.926
9.426
9.226
9.322
9.323
9.927
9.126
8.724
7.726
10.027
9.824
9.922
9.128
10.028
7.524
9.525
8.127
9.325
7.723
8.422
9.331
9.026
8.969
8.829
9.830
8.825
8.922
9.127
9.130
9.824
7.926
9.830
9.326
11.799
9.223
8.726
9.724
8.425
9.929
9.927
8.322
9.623
9.929
7.526
9.627
10.034
9.528
7.826
9.439
9.726
8.725
8.624
8.926
7.729
7.527
8.626
9.122
8.924
7.828
8.328
8.826
8.428
8.027
8.226
8.221
9.725
9.468
8.024
8.072
9.230
8.029
9.024
9.049
7.825
9.127
8.724
7.928
8.551
9.227
9.923
8.422
7.927
8.635
9.824
8.125
8.727
8.523
9.921
7.722
8.827
8.225
9.123
10.036
8.801
9.826
8.021
8.823
9.428
8.723
9.526
8.729
9.228
8.524
7.855
9.833
7.728
9.278
7.677
8.664
8.429
10.066
9.822
9.032
8.627
9.525
9.843
10.028
7.924
9.721
7.623
9.446
8.025
9.480
9.329
9.626
9.422
10.070
8.328
8.726
8.925
8.025
7.527
8.227
9.222
7.919
7.927
9.428
9.624
8.125
8.232
7.923
8.276
8.019
9.428
9.526
7.623
9.423
11.268
8.124
9.020
9.624
7.627
9.726
8.925
9.630
9.225
8.423
9.822
7.728
9.629
8.628
8.425
9.729
9.327
7.521
7.722
9.829
9.628
9.827
8.030
7.728
7.926
8.921
8.424
10.029
8.425
8.627
9.333
7.728
9.425
8.421
10.029
9.527
8.022
9.123
9.134
10.026
10.022
9.026
7.627
9.825
7.523
8.524
9.630
9.524
8.722
9.822
9.427
8.225
9.725
9.931
8.625
7.521
8.821
9.829
7.727
9.722
8.324
9.728
7.525
7.821
8.119
7.729
9.827
8.822
9.361
9.511
8.234
9.421
7.923
8.834
9.125
8.122
10.029
8.627
7.623
8.622
8.323
9.533
9.527
8.025
9.628
8.326
8.224
8.370
8.022
8.426
8.123
9.024
8.126
8.325
9.323
8.920
8.523
9.028
7.623
7.928
8.229
8.927
9.929
8.821
7.823
8.927
9.525
7.824
7.526
9.630
9.148
8.523
9.229
8.628
9.226
8.727
9.429
10.032
9.522
7.523
8.529
7.726
9.024
9.325
8.827
8.225
8.122
9.824
9.928
8.526
7.727
8.025
9.926
7.724
9.422
7.622
9.441
8.496
7.928
9.333
8.527
9.825
7.822
7.624
8.328
9.531
8.925
8.084
9.627
8.525
7.822
8.128
9.028
9.329
9.927
7.729
10.026
8.225
7.620
10.030
9.228
8.023
8.308
8.932
8.226
7.522
9.325
9.930
8.829
10.025
9.330
10.029
9.726
9.622
7.525
8.126
9.323
9.124
8.428
8.827
7.823
8.724
9.634
9.328
8.124
10.518
8.722
8.227
8.469
9.823
8.130
9.727
7.824
8.628
8.829
8.527
8.622
8.224
8.528
7.525
8.123
8.025
7.628
7.953
7.722
7.920
8.528
9.528
9.550
9.428
8.529
9.827
8.222
8.023
9.227
9.029
7.826
8.828
9.727
8.324
8.622
8.028
8.129
8.926
9.125
9.431
7.528
7.925
7.846
8.822
8.128
8.626
9.368
8.330
9.128
9.723
8.922
7.525
9.228
8.329
9.728
7.830
8.380
8.029
8.521
10.030
9.634
8.924
8.825
9.427
9.925
9.922
9.924
8.028
8.926
9.226
7.529
9.126
9.630
7.820
8.024
7.828
9.024
10.025
8.828
8.229
9.724
7.620
8.423
9.066
8.724
8.024
9.329
9.528
8.624
7.721
9.628
8.328
9.323
8.326
9.233
9.227
8.323
7.521
9.728
9.927
9.225
9.730
9.228
8.922
7.720
9.722
9.426
9.228
9.925
8.229
7.525
9.544
8.522
8.427
8.491
9.724
9.023
7.826
9.125
7.720
8.021
8.929
8.728
10.308
9.725
8.828
9.029
8.222
9.022
8.829
8.026
8.125
8.425
9.927
9.723
8.625
9.629
9.129
7.924
9.441
9.830
7.927
9.044
8.422
8.929
7.530
8.124
8.025
7.829
9.928
8.423
8.321
8.725
9.628
8.340
8.625
8.530
10.067
9.323
7.522
8.730
10.028
8.126
9.933
9.928
8.026
8.622
9.629
9.627
9.323
9.125
9.528
9.927
8.023
7.821
8.733
8.028
8.423
9.424
8.329
8.528
7.723
9.322
9.728
10.029
7.626
8.225
8.527
7.727
7.622
8.521
9.232
7.827
9.324
9.024
7.627
9.827
7.722
9.923
9.329
9.529
8.925
8.929
9.428
9.423
9.322
8.228
9.928
7.824
7.626
8.329
8.825
8.022
7.520
8.724
8.026
7.826
9.425
9.229
8.333
9.823
7.621
10.029
7.526
9.624
9.126
7.829
9.458
9.322
7.621
8.828
8.829
9.026
7.724
8.327
8.551
9.722
9.024
8.527
10.026
9.325
9.329
9.033
9.931
9.520
7.627
8.028
7.528
9.726
9.929
8.326
9.421
8.406
7.632
9.627
9.724
10.032
9.927
9.224
9.221
10.034
8.028
8.124
9.125
8.429
8.928
7.525
8.222
7.923
8.527
8.322
9.927
7.929
9.828
9.928
10.026
9.927
7.828
7.627
9.626
7.830
8.427
9.124
7.920
9.527
8.727
7.622
9.432
8.728
9.325
8.721
8.763
10.027
9.432
7.921
8.524
8.229
8.026
9.222
8.821
9.229
7.527
8.923
9.734
9.828
8.726
9.822
9.923
9.327
9.924
9.626
9.629
8.426
8.623
7.521
7.827
10.028
7.625
9.926
8.773
9.627
8.576
7.522
9.629
7.826
7.922
8.024
8.828
8.626
10.022
7.721
8.032
10.028
9.125
7.862
9.927
7.825
7.523
9.922
9.628
7.523
9.424
9.129
8.626
8.224
9.321
8.922
8.128
9.624
8.725
9.529
9.226
9.726
9.562
8.928
7.725
7.622
9.624
9.227
8.929
9.527
9.424
9.427
9.427
8.730
9.930
9.528
9.024
7.521
9.379
8.737
7.526
8.725
7.926
8.625
9.623
9.823
7.632
7.626
9.522
9.023
9.926
8.627
8.719
9.377
7.627
9.127
9.628
9.824
8.225
8.522
9.225
7.720
8.025
8.826
8.923
7.924
8.228
8.027
7.923
10.022
9.429
8.951
8.088
7.525
9.527
8.326
9.822
9.723
8.728
9.426
8.625
8.525
8.028
10.026
7.926
8.122
9.028
7.774
8.024
9.928
8.729
9.824
7.820
9.425
8.529
9.226
10.026
9.431
10.024
8.122
9.365
9.527
9.024
8.325
9.528
8.427
9.325
9.421
8.022
7.929
8.824
9.425
9.129
9.527
9.525
9.821
7.533
8.728
10.023
8.325
8.528
8.826
8.022
8.820
8.130
9.232
8.224
8.325
8.529
8.326
8.922
7.920
8.111
7.626
8.727
9.827
8.931
8.226
9.322
9.721
8.833
8.029
9.224
7.927
10.035
8.628
7.624
7.720
9.834
7.727
8.524
8.528
9.029
9.226
10.023
9.623
8.327
8.326
8.024
9.337
9.131
9.625
9.943
9.625
7.528
8.825
9.524
9.230
9.533
8.723
8.822
8.233
9.333
7.940
8.825
9.432
9.027
9.122
9.624
9.032
9.327
8.024
10.028
8.228
9.924
9.923
8.028
8.127
8.224
8.525
7.527
10.027
8.123
10.021
9.528
8.328
8.726
9.125
10.029
8.326
7.822
8.723
9.228
9.826
9.324
8.028
9.127
8.524
9.621
8.726
10.027
8.922
9.424
7.528
9.627
9.322
9.923
7.727
7.525
8.224
8.824
7.628
8.248
9.622
7.524
7.833
7.827
8.924
9.526
8.028
9.927
10.021
9.424
9.026
9.723
8.725
9.527
8.726
9.927
9.121
7.528
10.032
8.122
9.525
10.027
7.826
8.922
10.024
8.128
8.929
8.425
9.681
9.030
9.124
9.121
9.270
9.629
9.626
8.581
8.857
7.523
8.021
9.127
9.727
9.627
8.724
8.324
9.027
7.624
8.319
8.224
7.629
8.249
9.025
9.825
8.128
9.424
8.827
8.225
7.628
7.727
9.123
9.725
9.426
8.329
8.923
8.825
7.929
8.626
9.724
9.828
8.728
7.724
8.921
8.553
10.028
7.726
9.324
9.156
8.024
7.720
9.921
8.223
8.427
9.025
8.143
9.031
8.327
9.575
9.923
8.427
9.926
9.024
8.224
9.428
9.824
9.622
8.380
7.828
8.225
8.021
7.624
9.626
8.225
9.021
8.020
8.129
9.658
9.783
9.727
10.027
7.621
9.721
8.329
8.728
8.725
9.130
7.829
9.728
8.723
7.621
8.324
8.728
9.124
9.226
8.333
9.573
8.163
9.121
9.230
9.727
9.625
9.530
9.433
7.924
8.665
7.523
8.727
8.023
7.620
8.625
8.128
7.736
8.222
9.126
8.928
9.628
8.125
9.224
9.527
9.428
9.520
7.722
8.028
8.626
9.426
8.826
7.625
8.326
10.314
9.522
8.129
7.622
9.024
10.028
8.128
7.524
7.634
9.323
8.028
7.723
7.825
8.830
7.926
8.825
7.821
9.522
8.529
8.726
8.823
8.068
7.868
8.322
8.321
8.774
9.627
7.925
7.724
9.725
8.928
8.338
9.122
9.624
8.430
8.026
9.726
9.029
8.328
9.925
8.526
9.028
7.526
9.023
7.822
8.228
7.924
8.324
7.820
9.026
9.526
9.425
9.424
10.043
7.837
7.930
8.924
9.926
8.379
9.126
9.726
9.735
9.927
8.723
9.423
8.428
9.527
9.126
7.630
7.728
8.927
8.623
9.222
9.128
7.727
9.725
9.829
8.227
8.024
7.822
9.923
10.027
9.724
9.427
7.630
10.045
9.834
9.027
9.826
8.225
8.224
9.739
7.929
8.224
8.221
9.823
9.150
7.825
9.026
9.229
8.027
8.024
7.921
10.024
9.727
8.232
9.626
9.629
9.126
7.521
9.921
8.929
7.527
9.525
8.428
7.827
9.424
8.221
9.325
9.328
8.928
7.624
8.826
9.527
8.327
9.827
9.523
9.927
7.525
8.424
9.329
8.327
9.024
9.722
8.222
8.829
8.026
7.924
8.324
9.827
8.025
8.223
8.823
8.227
7.625
9.823
8.525
9.827
8.124
7.927
9.022
9.527
8.028
8.023
9.028
8.829
7.723
8.621
8.823
7.927
9.525
8.032
8.728
8.627
7.961
9.621
9.927
8.628
7.526
8.226
8.628
8.225
8.926
9.921
8.985
9.227
9.827
7.525
8.927
7.822
7.925
8.121
7.524
8.628
8.825
9.225
7.528
9.227
7.723
8.821
9.627
9.928
9.623
8.325
8.586
7.625
7.822
8.320
8.928
8.027
9.223
10.025
8.729
8.225
7.523
7.720
10.028
10.027
7.725
9.025
7.828
8.326
9.822
8.022
9.627
8.527
9.725
9.628
7.626
9.924
8.422
10.023
9.926
8.125
8.226
8.327
8.433
8.724
9.422
9.833
9.328
8.524
10.025
8.127
9.325
7.623
8.426
9.232
7.526
8.822
8.326
8.026
9.926
8.121
8.524
9.427
9.325
8.324
9.028
9.756
8.325
7.523
9.631
8.227
8.332
7.925
9.028
9.227
9.123
8.322
9.123
8.525
9.627
9.227
9.228
8.825
9.325
7.723
8.128
9.626
9.037
8.928
7.529
9.026
9.723
8.822
8.627
9.227
9.624
7.725
8.827
7.926
7.924
8.525
8.829
8.727
8.924
7.724
8.027
8.125
8.828
9.823
9.428
8.326
9.025
8.724
9.627
8.232
8.921
7.822
7.728
8.024
9.223
8.023
9.627
9.123
9.521
8.320
8.229
9.030
8.525
9.724
9.625
8.921
8.322
8.523
7.528
9.927
8.826
8.224
8.132
7.726
7.921
10.022
8.528
9.426
8.624
8.224
7.828
7.624
8.522
8.021
8.245
7.828
8.722
7.925
9.429
8.130
8.721
7.722
9.929
9.733
7.562
9.625
8.728
8.950
7.486
8.928
8.344
9.627
9.626
9.029
9.827
7.624
8.926
8.423
9.628
7.725
9.124
9.929
7.826
7.522
8.022
8.723
8.028
9.329
9.128
7.628
7.526
7.923
7.823
9.923
7.728
8.136
10.492
8.149
8.933
7.724
7.723
9.822
10.027
10.024
8.930
9.728
7.626
7.729
8.021
9.924
7.925
9.624
9.775
8.527
9.824
7.822
9.722
7.927
9.826
8.825
8.023
7.525
9.429
8.622
9.922
9.927
9.228
9.725
8.726
8.225
9.924
9.222
8.128
9.882
9.328
9.529
9.626
9.423
9.822
7.533
9.428
7.823
9.830
9.248
8.827
9.722
9.623
8.527
7.622
9.525
10.028
8.326
9.522
9.521
9.432
9.628
9.324
8.531
9.585
7.852
9.322
9.322
7.526
9.926
9.226
9.326
9.428
8.824
8.922
9.332
9.028
8.221
9.625
9.027
10.026
8.621
8.623
9.727
9.625
8.925
9.129
9.729
9.827
8.822
9.128
9.331
8.323
8.426
7.835
7.601
9.125
9.822
9.428
9.133
9.625
8.624
8.528
9.126
7.525
9.924
8.530
9.025
8.324
8.326
7.927
8.443
9.421
9.324
8.027
9.126
8.327
9.828
8.727
8.225
8.722
7.922
7.526
9.526
8.824
8.023
9.725
8.024
7.721
9.222
9.827
10.026
7.723
8.325
9.327
7.723
8.322
7.720
9.527
9.124
8.521
7.524
7.628
8.026
9.526
8.321
9.640
8.027
8.122
8.423
8.735
9.325
8.922
8.921
9.026
7.826
9.424
8.824
8.628
9.824
7.921
8.320
9.826
8.424
10.795
9.027
8.826
7.721
9.310
8.224
9.426
7.923
8.525
9.633
8.625
7.920
8.417
7.619
8.426
8.622
9.331
9.928
8.122
8.121
8.720
9.828
8.728
8.124
8.525
9.827
8.023
8.922
8.019
7.728
10.027
9.924
9.427
8.830
7.623
8.826
9.530
9.527
9.471
8.124
9.231
7.922
8.623
9.820
8.911
9.726
8.525
8.124
9.527
9.168
8.921
8.424
9.027
7.522
9.232
10.027
9.826
10.942
9.123
8.029
10.027
9.025
7.831
9.527
7.933
8.120
8.424
10.029
7.524
7.723
8.223
9.526
8.423
9.521
9.236
9.929
9.230
7.825
7.929
8.826
9.729
9.622
10.247
8.094
9.624
9.025
8.827
9.626
8.721
8.022
7.533
8.827
9.727
8.025
8.286
7.626
8.822
9.423
7.729
8.827
9.623
9.033
8.428
8.123
7.921
7.720
8.227
9.625
8.121
8.624
8.527
7.722
8.323
8.420
9.031
8.128
9.924
7.725
7.632
8.729
9.054
7.830
10.028
7.928
8.525
8.471
8.028
9.826
7.722
8.223
8.729
10.029
9.324
9.725
8.329
9.726
7.529
9.029
9.427
8.123
7.723
7.925
8.527
8.626
9.023
7.522
9.227
8.823
7.925
9.524
8.607
8.723
10.022
7.622
9.325
8.624
8.523
10.028
8.327
8.927
8.122
9.723
9.132
7.524
9.526
7.526
9.828
9.625
9.022
9.132
7.879
9.424
9.724
8.929
7.926
8.623
9.124
9.827
7.622
9.524
9.429
7.629
8.326
9.323
7.930
7.728
7.828
9.224
7.624
8.827
8.026
8.420
8.523
9.827
8.526
7.978
9.825
8.226
7.624
8.920
10.024
8.026
8.325
9.924
9.632
8.727
8.423
8.821
8.723
8.727
8.426
8.025
8.830
9.527
7.525
9.522
9.726
8.028
8.626
9.926
9.428
9.326
8.422
8.021
9.127
9.428
8.624
8.824
7.727
8.826
7.921
7.921
9.534
8.727
7.730
9.251
9.932
8.825
7.922
8.721
7.523
9.027
9.529
9.025
9.073
8.868
8.553
8.321
7.626
9.528
8.125
9.726
8.829
9.026
7.621
8.021
8.629
9.030
9.325
8.826
7.936
9.927
9.224
9.921
8.531
9.631
9.225
8.625
8.430
9.827
9.822
8.423
8.728
9.232
7.524
9.933
8.829
8.523
8.120
9.228
8.127
8.925
8.826
9.441
8.026
9.225
9.922
9.129
8.131
9.424
8.127
8.528
9.226
10.023
8.522
7.729
9.629
7.625
8.825
7.927
9.925
8.721
9.024
8.526
8.124
9.024
8.529
9.628
7.621
9.121
8.725
8.325
8.125
7.529
7.826
8.728
9.226
7.922
9.748
9.833
10.026
8.526
8.227
9.126
8.522
9.221
9.528
8.029
9.323
8.423
8.628
9.324
9.922
7.522
7.927
7.925
9.222
9.024
10.028
9.623
8.226
8.723
8.028
8.927
8.925
8.367
7.724
8.025
8.921
8.127
7.727
8.846
9.225
8.625
8.127
7.822
7.923
7.720
8.525
9.932
8.951
9.627
9.134
8.727
9.822
9.723
9.329
8.926
8.626
9.228
9.084
9.153
8.024
9.129
8.428
9.423
10.027
8.628
7.583
8.829
9.423
7.927
7.825
8.728
9.227
8.427
9.023
9.623
8.621
7.628
9.628
10.025
9.725
8.829
8.625
9.420
8.527
8.030
8.529
9.828
10.030
9.628
9.327
7.919
8.754
7.828
7.525
8.826
8.930
7.727
7.724
8.521
8.222
8.028
9.751
9.925
8.929
8.928
9.723
7.721
9.025
9.227
7.624
8.724
8.236
9.026
8.224
9.219
9.527
9.428
8.928
9.426
9.229
8.426
7.548
7.821
8.727
7.726
9.324
7.824
7.927
9.524
8.821
8.622
7.726
8.426
8.523
9.325
10.026
8.325
9.522
9.023
10.031
9.725
7.829
8.127
8.827
8.566
10.021
8.430
8.132
9.125
7.862
9.829
10.028
8.024
7.726
8.629
8.681
9.524
9.126
8.629
9.127
7.821
9.823
9.328
9.031
8.587
8.827
8.928
9.426
8.226
7.868
9.528
8.026
8.123
7.825
9.328
9.427
7.723
7.720
10.033
9.526
8.224
9.726
9.426
8.723
9.922
8.226
9.427
9.523
9.825
8.133
8.522
7.873
7.821
8.023
9.328
8.925
9.325
8.137
8.225
7.623
8.522
7.723
8.229
9.331
8.026
7.625
8.827
8.425
7.822
8.721
7.926
8.728
8.557
10.025
9.934
8.523
8.120
9.421
8.029
8.125
7.524
9.228
8.426
8.024
9.924
7.823
9.527
9.325
8.424
7.829
9.427
9.624
8.221
7.526
9.135
8.926
7.925
7.828
7.526
8.227
9.121
7.921
9.530
7.728
8.023
9.524
8.828
8.726
8.926
9.423
9.529
8.926
8.527
8.031
9.628
8.325
8.350
9.224
7.732
9.424
9.626
9.727
9.023
8.257
9.574
8.023
9.427
7.730
8.327
9.629
8.727
7.524
10.020
8.324
8.024
7.928
7.730
9.329
9.328
9.333
8.620
8.929
8.328
9.925
9.425
7.926
8.322
7.821
9.621
8.629
9.848
9.326
8.430
8.726
9.826
8.420
9.424
9.327
8.724
7.824
8.857
7.526
8.123
8.921
8.325
8.629
9.540
8.724
8.024
9.029
8.026
9.121
7.822
8.829
9.125
10.028
9.428
10.027
7.923
9.021
8.723
7.627
8.226
9.825
9.029
8.128
8.137
8.521
7.523
9.330
8.924
8.825
9.334
9.527
7.827
7.720
8.222
9.927
9.025
8.724
8.828
9.726
7.921
9.321
8.628
9.630
9.425
8.025
9.728
9.926
9.725
8.526
7.630
8.027
8.226
9.227
8.931
8.826
7.623
8.923
8.334
9.230
7.764
7.725
8.629
8.025
8.022
9.351
8.028
9.729
8.122
9.531
9.328
8.626
8.824
8.022
8.329
8.129
8.524
7.926
8.128
8.325
9.124
8.324
9.133
9.827
7.623
7.926
8.532
7.724
9.321
9.520
9.528
9.528
9.825
8.224
7.727
7.730
7.721
8.221
7.527
8.330
7.721
9.324
9.628
9.225
10.027
7.821
10.029
8.727
8.477
8.324
9.527
10.027
9.122
8.522
9.931
9.224
8.925
8.629
9.656
8.422
8.023
9.029
8.027
7.724
10.025
8.227
8.127
7.637
9.222
8.129
8.627
9.624
7.525
8.227
8.926
7.526
8.520
8.822
8.728
9.725
9.675
8.327
9.626
8.822
9.623
9.729
8.126
8.625
8.226
7.727
9.527
8.923
9.423
7.527
9.225
9.325
8.425
10.028
9.624
7.720
8.124
8.226
9.824
8.323
8.927
8.827
8.524
7.519
7.822
9.727
9.728
7.526
8.230
9.527
8.925
7.719
9.323
9.526
9.024
10.026
9.927
8.527
8.820
9.324
8.532
8.126
8.723
9.624
8.128
8.326
9.923
8.923
9.231
9.827
9.725
8.042
8.630
8.424
8.225
8.923
8.226
8.124
9.126
8.928
7.724
7.921
9.321
9.524
7.628
8.325
9.426
10.028
9.328
8.323
9.421
7.927
9.026
8.125
10.025
9.827
9.124
10.021
8.823
8.227
9.823
8.427
8.933
8.532
9.323
9.621
7.523
7.532
7.626
9.124
9.126
8.025
9.825
8.422
10.023
9.930
9.426
9.325
10.029
8.624
7.822
9.421
9.233
9.528
7.624
9.324
9.228
9.226
9.321
7.924
7.532
9.226
9.025
8.924
7.825
8.525
8.622
7.821
8.729
9.036
9.626
7.927
9.532
9.326
9.022
9.522
9.127
8.325
8.725
9.328
9.628
9.223
8.664
8.735
8.630
8.928
8.225
7.928
8.027
7.622
8.519
8.023
9.327
7.723
9.625
9.829
8.925
8.122
7.720
7.522
9.627
9.824
8.130
9.128
9.125
9.723
8.527
8.326
7.927
9.923
7.723
7.526
9.125
9.527
8.008
7.829
7.829
9.623
8.326
8.529
9.727
9.526
9.228
8.928
9.725
8.729
8.824
8.525
9.424
9.021
8.722
8.927
8.824
9.425
8.124
8.026
9.025
9.128
9.032
9.427
9.227
9.328
9.628
8.227
8.227
8.521
8.726
8.628
8.028
9.726
9.629
7.739
9.224
8.821
9.327
8.825
7.621
8.125
7.537
9.525
9.622
8.721
8.628
8.526
8.234
9.226
9.228
9.726
8.522
8.224
9.327
7.627
7.626
8.825
8.552
8.323
9.823
9.723
9.628
7.824
9.425
9.229
8.027
8.723
8.120
10.027
7.627
8.225
8.025
7.625
7.927
7.823
9.121
9.224
8.833
9.827
8.326
8.225
9.536
9.524
8.922
8.924
9.658
9.025
7.622
8.229
10.054
7.623
8.119
9.628
7.926
7.622
8.925
8.629
8.825
9.723
8.521
8.926
8.074
9.324
9.324
8.434
9.823
8.322
7.525
8.726
8.224
8.625
9.424
7.829
8.026
8.476
9.226
7.828
9.928
9.668
8.731
9.929
9.725
9.322
9.626
7.525
9.426
8.424
8.825
8.324
8.020
10.021
9.828
8.532
9.424
9.223
9.731
9.126
7.622
9.924
7.828
8.326
8.425
9.729
8.931
9.225
8.121
8.025
9.728
8.127
7.525
8.329
7.928
9.725
7.621
7.628
9.928
9.725
8.527
8.830
8.026
9.223
8.823
7.924
7.933
8.326
9.625
7.726
10.072
9.923
7.523
7.930
8.126
8.723
7.723
9.728
7.826
8.323
7.721
7.622
9.027
7.922
8.428
9.633
7.828
8.726
9.824
7.823
8.430
8.425
9.226
9.130
7.632
8.125
9.522
8.222
8.929
9.243
8.426
9.366
9.028
8.422
9.422
10.700
8.739
9.728
9.533
7.528
8.123
9.922
7.623
9.628
7.724
8.841
9.436
8.025
10.023
9.320
8.426
8.526
7.626
7.728
7.527
7.948
8.323
9.720
8.624
9.727
9.055
9.725
8.943
7.726
8.123
8.263
7.530
7.826
7.822
9.727
7.929
8.728
9.524
8.219
8.265
9.728
9.524
7.727
7.928
9.728
9.529
9.022
8.329
9.729
9.424
8.427
7.534
7.634
8.262
8.928
10.030
9.626
8.527
8.836
10.030
9.325
9.825
10.032
9.730
7.725
9.828
7.731
8.929
9.230
8.629
9.734
9.127
8.328
7.529
9.538
8.131
9.625
8.626
8.948
9.425
7.927
10.032
9.630
8.225
8.230
8.427
8.128
7.722
9.724
9.746
7.626
8.939
9.424
7.826
8.731
9.652
7.530
9.133
8.576
9.324
7.923
8.331
8.527
8.725
8.324
8.133
9.369
8.024
9.225
8.377
9.928
9.829
8.326
9.529
7.934
9.026
8.023
8.731
9.427
7.825
8.528
9.729
9.525
7.822
10.055
8.328
7.626
7.723
7.625
8.829
9.727
8.026
9.825
8.128
9.427
8.027
8.726
8.828
8.829
8.023
9.624
8.829
7.727
7.824
8.225
8.329
9.525
9.024
9.723
8.830
9.328
8.226
8.526
8.931
9.040
8.626
9.828
9.034
8.828
9.929
7.730
8.437
7.829
10.022
9.028
9.932
8.228
7.828
8.633
9.528
8.556
8.128
8.226
8.528
8.724
9.227
9.531
8.327
8.326
9.225
9.747
7.739
7.572
8.327
9.230
8.738
9.628
8.926
7.931
8.428
8.927
8.128
9.539
9.428
8.326
8.758
9.230
9.030
9.027
7.780
8.631
9.926
8.523
9.527
8.531
9.927
8.833
8.231
8.230
9.626
7.526
8.029
9.932
7.530
8.840
9.231
8.928
8.326
8.058
9.330
9.431
9.426
7.682
9.133
8.727
8.425
7.725
8.031
9.938
9.429
8.258
8.631
9.428
9.432
8.037
7.939
9.336
9.632
8.833
7.630
9.126
8.825
8.133
9.131
8.829
9.630
8.232
7.828
8.025
8.923
9.724
10.027
8.225
9.828
9.236
9.629
8.346
9.422
7.726
8.127
8.726
8.628
9.432
8.332
8.414
7.521
8.929
10.034
9.627
7.629
7.532
8.729
8.981
8.127
7.726
7.829
7.624
8.728
8.127
8.330
7.531
7.925
8.429
8.531
7.826
7.527
8.225
8.629
9.429
8.525
9.432
8.328
9.629
8.725
9.130
7.530
8.826
7.931
7.623
8.561
8.240
7.626
9.727
9.889
8.429
7.626
7.526
8.732
8.835
8.326
9.629
9.079
9.030
7.924
10.026
9.529
8.062
8.427
8.131
7.535
9.428
10.026
8.527
8.929
8.995
7.731
9.233
7.830
8.327
9.325
8.828
9.028
9.758
8.727
8.730
8.025
9.034
8.944
9.530
7.930
10.033
9.030
9.430
8.930
9.623
9.627
8.926
6.919
7.924
9.127
7.830
9.826
9.324
9.025
8.831
8.127
9.324
8.125
8.629
7.522
7.624
7.527
9.133
9.831
8.725
7.926
7.931
7.626
9.426
9.927
8.033
9.331
9.029
7.651
8.331
8.629
9.724
9.126
8.832
7.528
8.428
9.331
10.030
7.627
8.327
8.926
8.231
7.525
9.628
9.534
7.726
9.727
9.530
9.531
9.436
8.426
10.032
10.030
8.528
9.530
7.523
9.330
8.928
9.029
9.630
9.728
7.729
9.230
8.927
9.328
9.427
9.828
8.730
9.529
7.535
9.527
8.329
8.231
9.726
7.827
7.831
10.034
7.625
9.929
9.432
9.774
8.229
9.532
9.735
9.429
9.123
9.928
8.832
7.924
9.026
8.332
7.732
9.329
7.627
9.442
8.733
9.726
9.325
9.931
9.328
9.426
9.423
7.635
7.729
9.227
8.130
8.132
9.128
8.525
8.123
8.730
8.129
9.028
8.328
7.732
8.331
10.204
7.736
9.931
8.031
9.328
8.129
8.533
8.529
8.527
8.025
9.973
8.130
9.825
9.730
10.028
9.327
9.223
7.723
9.628
8.626
8.533
7.841
7.827
9.528
8.635
9.027
7.832
7.524
7.525
8.227
8.531
7.627
8.528
8.326
8.333
7.729
9.032
9.418
8.930
7.631
9.827
8.723
8.432
9.828
8.523
8.526
9.028
7.923
8.732
8.730
9.034
10.031
9.230
9.335
9.634
7.730
8.527
9.929
7.932
8.782
8.135
9.034
8.832
9.328
9.873
9.634
9.528
8.924
8.924
8.331
9.229
8.823
9.727
7.628
8.528
8.126
8.629
7.733
8.534
7.562
9.124
10.033
10.030
8.330
9.532
9.730
8.729
7.925
9.829
9.428
9.125
7.828
8.327
7.831
9.827
8.227
7.529
9.238
9.928
8.927
10.034
9.027
7.924
9.826
9.129
9.128
7.827
7.923
9.530
9.128
7.923
8.629
9.030
8.028
9.627
8.634
7.633
8.425
9.025
9.933
7.732
8.225
7.825
8.527
8.528
7.528
9.525
8.627
9.430
9.526
7.623
9.531
8.428
8.228
9.223
7.724
9.929
9.625
8.126
9.328
8.626
8.728
8.024
7.724
9.237
7.525
8.927
9.530
8.533
8.025
9.624
8.723
8.828
9.925
10.026
10.029
7.627
9.624
8.724
9.529
9.026
9.126
9.037
7.528
10.024
8.322
7.722
9.827
7.824
8.526
9.330
9.136
9.930
10.020
9.627
9.028
7.725
8.623
8.733
8.729
9.126
8.222
7.523
8.080
8.027
7.627
8.275
8.327
9.724
9.421
8.023
8.829
8.625
9.726
8.928
8.669
7.926
9.321
8.525
8.527
7.837
7.925
7.527
8.308
7.432
9.824
9.423
8.128
8.324
8.024
9.529
10.027
8.724
9.723
8.133
9.431
7.525
8.825
7.935
9.927
8.426
8.423
8.729
9.731
8.226
7.531
8.232
8.628
9.530
9.527
9.833
9.828
9.930
7.529
7.830
7.927
9.825
9.926
8.534
8.130
8.792
7.149
8.240
9.225
7.823
8.824
8.732
8.027
7.826
9.327
7.843
8.927
7.824
9.232
8.531
8.527
9.428
9.526
9.929
8.928
8.925
9.631
8.832
8.727
9.634
9.133
9.230
9.439
9.007
7.830
10.031
9.427
8.529
8.332
8.727
9.028
9.625
10.035
9.731
7.527
9.433
10.033
8.925
9.824
9.236
10.033
8.229
8.729
9.429
8.022
7.555
8.422
7.830
8.931
9.827
9.931
7.931
9.130
9.472
9.428
9.531
9.526
8.728
8.131
7.729
10.024
9.823
9.930
7.531
10.883
7.526
9.429
9.531
9.025
10.054
7.886
9.125
7.527
7.527
8.626
8.227
7.522
9.523
8.531
8.930
9.226
8.426
9.627
8.526
7.922
8.936
7.930
10.042
7.726
8.726
7.630
7.826
8.424
7.622
8.034
7.929
7.725
10.026
9.933
9.265
9.240
8.725
8.229
9.428
8.726
9.529
7.627
8.727
8.923
8.625
7.829
8.227
9.727
9.938
9.229
7.627
8.926
9.825
7.530
9.126
8.426
7.629
9.731
9.532
7.824
7.625
9.927
8.233
7.726
9.828
7.531
9.725
8.622
8.427
9.028
9.825
7.828
9.128
8.626
9.427
7.924
9.128
7.525
7.527
8.929
9.533
7.630
7.733
9.423
7.849
9.635
8.827
7.212
9.228
10.029
8.529
9.528
7.526
9.428
9.827
10.029
9.433
9.429
8.523
7.724
8.532
8.428
8.037
7.827
9.736
9.929
8.224
8.823
7.530
8.230
7.626
9.728
8.630
8.147
9.131
8.925
7.631
9.631
9.638
9.525
9.728
8.224
8.936
9.925
7.527
8.827
9.827
9.632
8.330
8.425
9.822
9.431
9.536
7.925
9.727
9.231
7.987
8.033
7.925
8.232
8.737
8.232
7.828
10.032
9.036
9.626
9.125
9.127
9.681
8.113
8.735
9.030
9.627
7.823
8.823
9.834
9.127
8.827
9.484
10.028
9.926
9.324
9.530
9.430
10.030
9.332
8.731
7.825
9.823
9.337
8.527
8.649
10.026
9.130
8.625
9.023
8.625
7.629
8.225
7.921
8.925
9.728
9.424
8.623
10.030
8.327
8.426
9.228
9.630
7.927
9.324
9.521
9.931
8.731
9.027
9.828
7.935
7.739
7.822
7.629
9.430
9.029
8.826
9.527
8.030
7.526
8.423
9.424
7.832
9.431
9.827
9.225
9.034
9.127
8.028
9.127
9.930
8.928
8.225
9.731
9.529
7.527
9.126
9.525
8.973
8.226
9.329
9.429
8.330
9.825
9.723
7.629
8.729
8.624
9.627
9.529
8.626
8.225
8.823
8.930
7.727
8.524
8.325
9.433
7.726
8.823
8.421
7.727
7.827
9.323
9.926
10.028
9.328
9.149
9.423
8.429
10.029
8.825
7.729
8.228
8.524
7.521
8.523
10.031
8.725
8.332
9.430
10.028
9.024
8.321
8.929
9.428
9.525
9.928
8.728
9.924
8.622
9.830
7.727
8.928
9.025
7.631
9.026
8.523
9.423
8.329
9.427
9.429
9.725
9.827
7.724
8.349
9.823
8.829
8.535
8.429
9.832
7.733
8.425
8.721
8.723
10.028
8.225
8.127
9.829
9.469
8.126
8.526
9.128
8.430
7.526
8.225
8.730
9.028
9.223
8.221
9.828
8.729
7.733
9.626
8.429
8.028
7.924
8.221
9.524
10.829
7.316
9.227
9.130
7.827
8.025
7.723
7.923
8.728
8.628
7.825
8.238
9.426
8.824
10.022
7.727
8.835
8.123
9.126
7.928
7.529
9.925
7.722
8.725
7.527
10.024
9.926
8.232
7.825
8.022
7.621
9.223
10.028
9.326
8.427
8.029
10.029
8.667
8.431
8.629
9.928
9.031
12.004
9.327
7.723
9.421
9.727
9.327
7.722
8.824
9.728
7.928
8.622
9.921
9.128
8.827
9.925
8.924
9.627
7.823
9.620
9.723
9.529
9.824
9.225
7.828
7.741
9.324
9.226
8.824
8.127
9.224
7.726
7.531
8.631
8.227
9.724
8.525
10.031
9.926
9.826
9.628
7.924
8.520
9.724
9.728
10.029
9.729
8.831
9.530
10.024
8.324
9.430
9.730
8.229
8.727
7.628
8.625
7.924
9.520
10.030
8.531
8.725
7.830
8.828
10.028
8.524
8.422
8.423
8.627
8.424
8.342
8.229
8.825
9.523
7.820
8.426
9.526
7.623
9.725
9.129
7.524
8.221
8.636
9.932
8.928
9.826
7.528
7.529
7.925
9.524
7.621
8.924
8.326
8.122
7.623
8.322
9.426
8.725
9.422
7.923
9.627
7.924
8.824
8.327
9.926
9.324
9.521
9.529
9.431
9.127
8.629
9.735
10.062
9.721
9.529
8.928
9.524
9.526
9.128
9.928
9.464
9.423
8.928
10.026
7.624
9.329
8.427
9.525
7.921
8.023
7.628
7.525
8.426
9.128
8.527
8.225
8.422
7.923
7.727
7.927
9.825
8.824
7.526
9.726
8.621
9.660
8.727
8.225
9.076
7.923
8.228
8.126
9.827
9.724
8.326
10.026
9.126
9.227
9.627
9.526
9.722
9.928
9.728
8.224
9.024
8.233
9.027
7.521
8.832
9.430
7.924
8.522
8.326
8.030
8.478
9.423
7.522
9.631
7.627
9.226
7.526
8.330
9.926
10.025
8.128
8.330
7.530
9.725
7.627
9.728
9.427
7.523
9.724
9.034
8.226
8.623
9.925
9.729
8.625
8.723
9.224
9.129
9.924
10.026
9.829
8.224
9.421
9.828
8.030
9.726
8.929
8.024
7.927
8.923
7.921
8.820
9.927
8.229
8.623
7.526
8.027
7.928
7.528
7.621
9.723
8.430
9.146
9.526
8.328
7.727
8.325
10.022
9.523
8.227
10.039
9.226
8.931
9.327
8.926
9.422
8.929
8.026
7.521
9.525
9.428
8.232
8.430
9.324
8.927
9.629
9.525
9.430
7.625
9.722
9.722
10.032
8.028
8.623
9.525
8.831
8.925
7.921
8.821
8.331
8.623
8.922
7.523
7.727
8.326
9.122
9.823
9.730
9.629
9.933
9.327
10.734
8.025
7.727
8.630
9.631
10.026
8.024
9.126
7.721
7.869
8.721
7.728
8.334
9.925
9.925
9.927
8.925
7.729
8.824
9.727
8.926
7.626
9.731
9.328
8.425
9.021
9.027
8.227
8.523
8.841
7.629
7.824
9.523
8.019
8.923
9.027
7.926
9.625
8.228
8.428
9.926
9.522
8.630
8.228
9.525
8.425
8.231
8.325
8.822
9.522
7.928
7.828
9.824
7.825
9.633
8.126
9.322
8.621
9.032
7.925
9.927
9.126
8.325
9.630
9.721
9.725
8.727
7.722
9.526
9.529
8.627
9.325
9.123
9.930
7.632
8.526
8.425
8.328
9.327
9.822
7.722
9.925
7.529
7.624
7.822
9.931
8.229
9.826
8.424
9.927
7.728
8.424
9.025
8.729
8.128
8.825
8.323
9.424
9.227
7.724
9.025
7.828
9.832
8.026
7.821
9.929
9.227
8.823
8.224
8.429
8.730
8.623
8.421
8.939
8.828
8.823
8.724
9.730
8.527
9.837
9.623
8.930
8.277
8.725
7.525
8.830
7.625
8.625
8.323
9.327
9.026
9.822
9.823
8.728
7.927
7.620
8.622
9.629
9.130
9.526
8.124
7.734
8.226
9.122
9.322
9.728
8.026
8.023
9.624
9.028
7.726
9.324
8.123
8.629
8.124
8.124
7.624
8.229
9.261
8.620
10.025
8.226
8.460
10.026
9.627
8.828
7.728
8.321
8.623
9.326
7.928
9.227
9.728
8.727
8.317
8.954
8.527
8.727
9.624
8.226
7.928
7.535
10.025
8.723
8.828
8.028
9.325
8.925
8.927
8.726
7.723
9.125
9.630
8.629
9.025
9.125
7.528
9.227
10.021
8.621
8.627
7.824
7.823
8.255
9.229
8.727
9.835
7.937
7.632
9.429
8.624
8.223
9.628
8.627
9.425
8.324
9.331
8.625
10.028
8.237
10.027
7.623
10.023
9.528
8.927
8.924
8.624
9.129
8.227
8.722
7.722
9.327
9.227
8.227
10.025
8.629
9.630
9.922
9.023
9.731
9.424
7.526
7.829
8.934
8.626
9.721
10.033
8.129
8.524
9.926
9.028
8.432
7.621
8.919
8.127
9.028
7.723
9.425
8.027
8.428
8.024
8.420
7.824
9.934
9.324
7.727
8.434
8.927
7.725
9.923
8.727
9.731
10.027
9.155
8.532
8.726
8.922
8.420
9.529
7.528
8.422
8.425
8.728
8.731
9.859
9.323
7.833
7.628
8.625
8.426
8.729
9.327
9.522
9.023
9.328
9.024
9.424
7.726
7.825
9.722
8.070
9.023
9.336
7.821
8.224
7.925
9.329
9.931
9.122
8.724
7.529
7.624
9.726
8.729
8.927
9.624
8.121
9.226
9.827
9.228
7.766
8.629
8.626
10.022
7.622
7.923
8.927
9.729
8.328
9.227
9.528
8.750
8.321
8.929
9.129
9.324
10.230
8.530
9.139
8.622
9.724
9.130
8.726
9.528
8.030
7.528
9.124
8.622
9.524
9.029
7.827
9.725
7.530
9.129
9.624
7.827
9.729
8.428
7.524
8.125
7.729
9.742
9.425
8.621
8.628
8.629
7.824
7.928
9.632
9.628
9.025
9.424
8.830
7.826
8.955
9.330
7.930
8.125
7.926
7.522
9.826
8.426
9.725
10.029
10.031
9.524
7.821
11.222
8.025
8.024
7.926
8.535
7.628
9.824
9.627
8.727
8.330
7.522
9.324
8.029
9.826
8.424
7.622
8.528
8.881
9.024
8.025
9.429
9.826
8.423
9.424
9.528
9.531
9.230
9.433
11.324
8.824
9.928
9.433
9.486
8.028
9.931
7.827
8.226
9.626
7.524
9.628
8.126
7.725
9.128
8.831
7.624
10.023
8.926
8.829
8.724
8.033
9.330
8.233
7.925
7.825
7.523
7.533
9.832
9.528
9.727
9.427
8.227
9.521
8.725
7.728
7.522
8.528
8.223
8.428
8.326
8.420
8.129
9.125
8.827
9.728
7.829
8.927
9.726
9.528
7.724
8.528
10.533
9.209
9.331
7.929
7.527
9.524
7.930
9.829
8.927
7.528
9.131
9.929
9.828
8.025
7.731
10.056
9.031
8.536
8.530
10.024
9.624
9.130
9.030
8.426
9.028
9.648
10.030
8.955
9.027
7.828
10.028
8.928
7.530
9.234
9.526
7.524
8.929
7.635
10.027
7.928
8.432
8.710
7.927
7.723
9.824
8.230
7.634
8.930
9.433
8.635
8.926
8.928
7.925
7.830
9.824
9.627
9.930
10.030
8.522
9.025
7.729
8.427
8.125
7.725
7.843
7.727
7.927
9.224
7.827
7.929
9.829
8.427
9.930
7.730
8.625
9.624
8.426
8.838
8.431
7.725
7.525
10.027
9.124
8.129
7.824
9.127
7.825
7.822
9.226
8.828
9.627
9.422
9.826
7.629
9.924
7.544
7.830
7.728
9.426
8.421
8.325
9.129
9.324
8.132
9.330
7.831
7.825
7.833
9.326
9.027
8.027
9.426
8.925
9.926
7.624
9.424
9.126
8.029
10.029
8.230
9.330
9.531
7.526
9.224
9.631
7.529
9.229
7.529
7.830
8.732
8.427
8.851
8.024
7.633
9.729
9.828
8.244
10.237
7.825
10.022
9.127
8.335
9.528
8.025
8.327
9.726
9.922
9.972
7.829
9.826
8.227
9.632
9.231
8.531
9.064
8.932
8.526
8.325
9.053
9.092
9.626
7.522
8.026
7.530
7.728
7.643
10.086
8.432
7.728
7.724
8.523
9.430
8.827
8.026
9.927
9.828
7.825
9.929
9.945
8.129
9.926
8.025
7.830
9.240
9.030
9.525
8.129
8.355
7.428
9.832
9.230
9.936
9.831
9.727
7.535
7.630
10.024
7.627
8.729
7.922
7.923
10.024
9.833
9.429
7.924
9.825
9.134
8.426
9.822
9.126
9.231
9.626
9.730
9.731
8.827
8.827
9.223
9.636
9.242
9.536
9.534
8.631
9.526
9.423
8.230
9.529
9.630
8.428
9.629
8.426
8.828
7.625
8.328
8.728
9.727
8.927
8.627
9.024
9.824
10.286
8.032
9.127
8.129
7.829
8.829
9.631
9.222
8.127
9.129
8.525
7.526
8.529
9.628
9.730
7.863
8.026
9.329
7.525
8.927
8.829
8.527
7.824
9.225
9.524
9.230
8.829
8.428
7.732
7.928
8.326
8.723
8.524
10.252
9.287
8.827
8.931
9.029
8.125
9.523
8.230
9.426
9.726
9.231
8.930
9.325
9.840
9.432
8.532
10.034
8.428
10.029
8.629
8.725
9.324
8.131
8.738
8.324
9.026
8.235
8.727
9.825
9.727
9.730
9.927
9.128
8.733
8.728
8.326
9.524
8.137
9.033
8.826
7.925
8.431
7.744
9.725
8.325
9.829
8.329
8.226
8.226
8.528
9.424
9.422
7.723
7.645
10.032
8.527
9.128
8.328
9.826
9.025
8.130
9.631
8.926
10.028
8.431
7.729
8.224
8.124
8.424
9.734
9.425
8.829
8.231
9.830
8.725
9.024
9.630
9.730
9.827
7.927
8.126
9.330
9.823
8.431
9.431
9.926
9.631
8.630
8.429
9.327
7.530
9.030
9.131
9.124
8.946
10.841
8.601
9.824
8.024
7.931
9.727
7.627
9.430
7.833
7.529
8.226
9.427
9.834
7.926
9.332
7.632
8.729
8.528
7.622
9.626
7.833
10.029
9.430
9.142
8.329
8.624
9.123
7.529
7.830
8.424
8.925
7.827
7.925
8.726
8.524
8.523
8.531
8.827
8.024
8.825
8.929
8.826
8.130
8.624
9.431
9.928
8.824
8.022
8.531
8.928
7.820
9.026
9.031
9.733
8.027
7.525
8.428
9.930
7.523
8.825
8.236
9.126
9.360
8.831
7.928
7.725
9.824
8.925
9.130
7.925
7.733
8.131
9.228
8.527
9.224
8.524
8.631
8.133
9.328
9.632
9.732
9.628
8.824
8.928
9.228
9.327
8.925
7.526
9.124
9.123
8.825
10.030
8.128
8.024
8.926
8.827
8.524
8.824
7.629
7.729
9.331
8.028
8.333
8.633
9.333
7.624
9.724
7.830
8.330
9.127
7.527
8.129
8.629
8.826
9.527
7.931
8.127
8.326
7.925
9.931
9.929
9.526
7.524
8.519
7.322
8.926
9.531
8.830
7.728
9.825
9.022
9.530
8.030
10.024
8.026
9.830
7.628
7.826
7.523
8.426
9.628
7.551
9.227
8.130
9.126
8.730
8.524
9.930
9.530
9.233
9.727
9.629
8.827
9.723
7.927
9.128
8.827
7.525
7.925
9.025
9.827
9.424
8.625
7.729
9.425
9.327
10.030
9.726
9.926
7.622
8.229
9.433
7.928
9.929
7.531
9.526
8.525
8.724
9.329
8.230
8.024
8.927
7.932
9.350
8.828
8.324
8.630
7.543
8.526
9.026
9.230
8.228
8.524
7.928
8.733
8.030
9.726
8.824
7.630
9.528
9.228
8.329
8.931
9.629
8.227
9.129
9.030
9.226
7.924
8.424
7.532
8.534
10.026
7.927
7.928
8.725
8.924
9.030
8.931
9.929
8.129
8.228
8.128
9.227
8.623
9.526
9.731
8.524
8.434
9.932
7.927
7.530
8.121
9.575
9.829
8.878
8.726
8.935
8.267
9.230
9.827
8.229
7.628
9.863
8.731
8.233
8.628
7.524
10.024
7.730
10.028
8.071
8.629
8.229
9.762
9.824
7.823
9.429
8.427
8.926
9.443
9.029
9.028
10.025
8.530
8.929
9.025
9.732
7.830
9.728
9.025
7.526
7.828
9.128
10.037
9.232
7.530
8.825
9.323
10.031
9.029
9.425
8.127
7.528
7.529
7.829
10.025
8.026
9.930
8.327
9.428
9.232
7.528
8.528
9.125
8.533
10.028
8.224
8.326
7.731
7.827
9.928
7.925
8.429
9.135
8.127
7.527
9.332
9.432
9.329
9.225
8.330
8.826
7.525
8.543
8.826
7.823
8.722
9.520
7.826
9.729
8.925
9.524
9.730
9.925
8.722
8.323
10.027
9.523
9.224
7.829
10.026
9.222
8.321
8.329
8.428
9.157
8.572
7.570
8.429
7.823
9.622
9.229
9.228
9.624
7.825
8.128
7.528
9.022
7.620
7.820
8.968
9.024
10.028
8.330
9.047
8.725
9.222
9.027
8.325
8.523
9.324
8.227
7.823
7.720
9.120
8.928
9.330
10.027
9.329
7.669
7.726
8.922
9.568
9.633
8.624
9.926
7.727
8.928
9.027
7.820
9.226
7.626
9.523
9.227
8.728
8.428
8.021
8.021
7.523
8.876
9.225
9.624
9.728
9.524
9.821
8.723
8.527
9.323
8.826
7.829
9.428
9.323
9.425
9.128
8.829
7.923
9.126
9.028
9.328
8.026
9.523
8.728
11.184
8.927
8.024
9.630
7.526
9.460
6.628
7.728
10.026
9.225
9.829
9.628
8.824
9.621
8.328
9.831
8.824
9.824
7.730
8.326
9.020
9.622
9.929
7.826
7.523
8.929
9.530
9.526
9.727
9.026
8.127
7.824
8.027
8.824
9.929
8.028
9.823
7.523
8.328
9.927
9.225
8.228
9.526
8.124
7.920
7.928
8.030
9.428
7.628
8.324
7.728
9.227
7.823
7.723
9.728
8.032
9.424
9.125
7.726
9.024
8.023
8.321
9.528
8.827
9.926
9.531
9.328
9.636
9.721
7.726
9.527
9.029
8.724
9.128
9.628
9.121
9.523
7.744
8.527
9.827
8.527
8.928
8.923
9.121
9.323
8.531
9.625
8.626
7.828
10.034
7.723
8.320
8.526
9.927
9.626
8.382
9.539
9.124
7.822
9.122
9.527
10.027
8.029
8.125
9.226
7.727
10.025
8.848
8.029
8.426
8.625
9.225
9.828
7.626
8.223
9.023
8.926
8.023
7.823
9.226
7.928
8.226
7.623
8.922
8.330
9.828
9.725
7.724
9.028
7.726
9.626
8.623
7.829
7.527
9.525
9.625
8.027
9.427
8.525
8.526
7.728
9.627
7.624
7.626
9.828
8.625
11.851
5.884
9.130
9.636
7.926
9.728
7.828
8.022
8.622
8.624
7.733
8.423
9.028
9.430
8.826
8.524
8.021
9.225
8.827
10.025
8.924
9.329
9.527
9.923
7.921
9.729
9.728
8.224
9.825
9.627
9.324
9.021
8.324
8.326
8.624
8.723
8.025
9.126
9.224
9.322
7.626
9.730
7.627
9.326
9.029
9.028
7.823
9.721
8.322
9.327
9.827
9.926
8.529
9.227
9.721
9.123
8.832
9.527
9.826
8.727
9.026
9.124
7.719
9.826
7.526
9.023
8.425
8.030
8.034
7.624
10.022
8.323
9.829
7.826
7.524
8.924
9.527
7.831
8.621
7.723
9.828
8.531
7.724
8.229
7.726
7.527
9.824
9.223
9.629
9.824
8.124
8.728
8.827
8.528
8.522
8.823
10.032
9.626
10.570
7.938
9.727
9.521
8.925
9.627
10.025
8.925
8.529
9.783
9.526
9.824
9.828
9.227
8.224
10.029
7.628
8.626
7.521
7.521
8.052
9.827
9.823
8.625
8.429
8.526
9.625
9.423
7.528
9.524
9.229
9.629
7.526
8.822
9.222
8.923
8.628
9.225
7.724
9.831
8.727
9.925
9.723
8.529
9.127
7.825
8.628
9.229
9.224
8.821
9.223
10.925
8.525
9.228
8.233
9.733
7.625
7.919
9.227
7.624
9.925
8.324
9.926
7.524
9.923
9.123
8.928
8.430
8.426
9.325
8.335
9.624
9.422
7.923
8.227
8.426
8.423
9.424
7.728
7.523
8.321
9.620
9.731
9.626
8.724
8.023
9.229
9.126
8.421
8.322
9.428
8.429
9.225
9.332
8.428
9.024
8.321
10.025
7.526
9.425
9.526
8.327
8.926
8.825
8.720
9.926
9.928
9.624
9.429
7.528
9.930
7.622
9.822
9.729
9.756
8.726
7.925
8.827
7.724
8.822
9.928
9.628
10.025
9.028
8.828
9.160
7.478
9.822
8.727
8.128
9.325
8.124
9.131
8.426
9.623
7.922
8.229
9.429
7.632
7.727
9.628
10.027
7.825
9.322
9.729
7.725
7.928
7.528
9.226
8.322
9.029
9.022
7.929
9.128
8.127
9.426
7.630
8.733
9.426
9.023
9.534
8.829
9.827
8.726
9.727
9.327
9.126
7.822
8.633
9.325
8.026
8.328
9.429
8.666
7.723
9.024
9.472
7.765
9.230
8.129
9.226
8.430
9.922
9.830
10.030
7.926
9.426
7.730
9.427
8.725
9.224
9.029
10.027
8.931
7.726
9.930
8.328
9.522
7.825
9.430
8.927
8.429
7.888
8.328
9.724
8.148
10.023
8.627
9.024
9.226
11.324
8.128
7.529
9.223
7.928
7.627
9.925
9.852
7.927
9.431
8.622
9.824
8.526
8.727
8.726
8.928
8.526
9.523
8.427
9.124
9.130
10.025
10.025
9.428
8.227
9.823
10.027
8.227
8.523
8.925
7.530
7.828
9.824
7.722
9.823
7.828
7.825
9.830
7.528
8.428
9.125
8.822
8.224
7.526
7.631
9.625
9.025
8.930
9.226
7.523
7.923
8.230
10.026
8.026
7.822
8.430
7.726
7.923
9.322
8.928
9.628
9.325
9.226
9.330
9.727
9.123
9.824
7.628
8.829
9.834
8.628
8.027
8.729
9.524
8.129
9.028
9.025
9.828
7.827
8.127
10.024
8.222
9.127
7.525
8.925
9.626
8.428
9.327
7.624
7.621
8.128
9.727
9.625
7.528
9.132
9.229
9.123
8.823
9.631
8.129
8.724
8.125
8.628
7.524
7.724
9.424
9.130
9.229
9.325
9.424
10.028
9.225
7.821
9.224
9.528
9.230
8.927
7.829
8.727
9.124
8.222
9.330
8.725
7.721
9.526
8.029
9.727
8.822
9.524
9.228
9.425
8.225
10.060
8.127
8.231
7.621
7.522
10.080
9.527
9.326
9.429
9.630
8.727
9.929
9.030
8.128
9.224
7.827
8.629
7.826
9.422
9.322
9.934
8.326
9.826
9.331
8.831
9.625
8.221
8.436
8.929
7.525
9.127
8.829
8.234
7.524
9.121
8.424
10.031
8.739
7.625
9.531
8.229
8.824
9.322
9.926
9.628
8.723
7.724
8.227
9.026
9.824
7.621
9.029
8.232
7.524
8.526
9.728
9.626
9.222
8.121
8.429
9.334
9.726
9.929
7.630
9.927
9.122
8.528
9.926
7.729
8.825
9.527
8.727
7.823
8.821
8.724
9.931
10.027
9.125
8.227
9.123
8.927
8.420
8.129
9.628
8.423
9.125
9.327
8.225
8.422
9.924
9.327
7.822
9.725
9.486
7.926
9.623
8.420
9.128
9.629
8.922
7.927
9.029
7.727
8.223
7.919
9.124
8.227
7.825
8.230
9.033
9.729
9.628
7.521
7.923
9.359
8.627
9.781
8.533
9.690
8.025
8.523
8.832
8.426
8.223
8.126
8.837
7.728
9.221
8.120
10.023
8.227
8.530
8.929
8.631
9.427
9.424
7.726
7.728
9.928
8.424
9.426
9.531
8.127
9.427
9.922
9.928
8.228
9.527
8.443
7.629
7.724
9.429
8.925
8.679
7.726
9.527
7.579
8.131
8.932
8.124
8.024
9.631
9.327
9.729
8.235
8.834
9.071
8.423
9.125
9.082
9.528
8.627
8.730
7.529
8.232
8.724
9.931
8.929
8.424
8.425
9.029
8.627
8.022
8.123
9.730
8.229
7.523
9.727
9.130
8.926
8.024
9.624
8.732
9.827
9.425
9.630
8.828
8.525
8.122
8.024
7.526
7.629
9.010
8.726
7.527
9.829
9.924
7.523
8.830
8.428
9.205
7.536
9.563
9.224
8.621
9.323
7.525
8.631
9.029
9.329
7.745
9.730
9.122
9.127
9.626
8.424
8.625
8.329
9.526
9.221
8.822
9.527
9.226
7.924
8.325
9.427
7.825
8.321
9.622
9.229
9.325
8.426
9.761
8.726
7.524
8.420
8.023
7.833
9.554
9.727
9.629
9.927
9.524
8.622
9.130
9.028
9.829
7.625
9.929
9.227
9.522
8.823
8.829
8.824
9.426
9.629
8.126
9.825
8.021
7.924
9.127
10.063
8.825
8.930
8.727
9.126
9.825
9.427
9.627
9.426
9.230
9.327
9.525
8.620
8.123
8.528
7.525
7.826
8.929
7.528
9.525
8.324
8.925
8.229
9.726
8.426
7.930
7.927
8.325
8.423
8.525
9.928
8.422
9.925
8.935
9.629
9.124
8.622
8.925
8.625
8.222
8.023
7.833
7.629
9.326
8.421
8.824
9.528
8.726
7.626
9.631
8.329
8.725
8.622
9.228
8.531
9.526
9.829
8.930
7.827
8.222
7.943
7.829
9.125
10.024
9.332
8.829
9.227
8.028
7.823
7.730
8.729
8.523
8.227
8.829
7.723
9.428
7.821
9.727
8.225
7.925
9.429
9.328
9.328
7.924
8.422
7.730
7.659
8.224
9.429
8.432
9.126
9.527
8.424
8.329
9.627
7.844
9.624
9.062
8.076
7.523
9.123
9.629
8.526
10.027
8.629
8.978
9.324
8.921
8.523
7.732
9.527
8.125
9.528
8.828
8.524
7.820
9.225
8.826
8.730
8.730
9.429
7.729
8.124
8.021
8.723
7.826
8.326
8.422
9.227
9.428
8.428
8.424
9.284
9.387
8.426
7.709
8.214
7.807
9.363
9.509
8.007
8.909
7.508
10.007
7.606
8.710
8.078
9.609
7.509
9.406
8.208
9.608
9.907
9.106
7.710
8.509
9.414
8.807
9.508
8.622
8.109
7.811
9.749
9.806
10.007
8.085
7.611
8.319
8.408
9.610
7.707
9.109
8.508
7.908
9.308
8.807
9.209
9.808
8.307
9.411
9.308
9.308
9.111
9.106
8.308
9.407
7.608
7.811
8.305
9.604
9.110
8.907
7.509
8.808
8.908
10.008
9.507
9.208
8.308
7.808
8.815
8.709
9.708
9.809
9.208
8.908
8.506
8.530
8.803
9.611
8.102
8.007
9.007
9.607
9.709
9.818
9.108
10.106
7.709
9.906
9.708
9.412
9.006
9.707
8.308
7.813
9.911
7.708
9.707
8.309
8.107
8.605
9.510
7.907
8.308
8.806
9.309
9.617
9.808
8.007
9.308
7.709
8.706
8.209
7.508
8.508
8.107
9.109
8.408
8.307
9.009
8.207
7.808
7.907
8.121
8.608
8.409
7.908
8.910
8.206
8.709
9.709
9.409
8.306
7.506
7.609
9.907
9.507
9.907
9.808
7.608
9.307
7.508
8.806
10.008
7.707
9.912
8.013
9.306
8.406
9.109
8.405
9.210
9.406
9.009
9.807
8.007
7.509
7.807
9.608
8.310
9.206
9.209
7.606
10.007
9.408
7.910
9.807
8.809
8.007
9.609
8.908
9.808
9.809
7.608
10.008
7.609
7.608
7.906
9.610
8.620
9.508
8.207
7.907
9.147
9.709
7.807
9.609
9.807
8.123
9.108
8.210
9.808
8.407
8.549
9.909
7.708
8.909
9.974
9.007
9.408
9.608
7.831
9.454
9.498
8.108
9.348
9.607
8.307
9.908
9.310
9.608
9.610
10.007
7.610
8.605
9.709
7.911
8.108
9.608
8.705
9.907
7.909
8.442
8.207
8.908
8.410
8.608
7.708
8.209
7.508
9.908
7.907
8.032
9.404
10.005
8.701
8.609
9.608
9.609
8.406
8.909
9.308
7.908
8.811
9.406
9.009
8.607
10.007
9.811
8.308
8.608
9.823
8.707
9.706
7.908
7.508
8.111
9.052
7.808
9.111
9.259
7.814
9.509
9.707
9.706
9.505
8.508
8.409
9.309
8.209
9.305
8.308
7.510
10.009
9.607
9.409
8.908
8.408
9.632
8.905
9.207
8.111
8.613
7.908
7.809
9.309
7.907
8.607
8.409
8.407
7.509
7.607
8.909
9.707
10.008
8.711
9.441
8.381
9.611
8.604
9.208
8.915
9.405
9.513
8.809
9.107
8.908
7.808
7.608
8.408
9.207
9.496
9.111
8.006
10.008
9.607
9.807
8.008
8.109
8.308
9.010
8.306
8.609
8.009
8.007
8.609
9.307
9.906
9.757
8.808
8.608
9.006
7.808
8.107
8.306
9.109
9.707
10.007
9.823
9.907
8.309
9.008
9.407
7.560
9.508
9.308
9.850
9.408
9.808
7.808
7.710
8.905
8.709
9.007
9.508
9.409
7.508
8.908
9.407
10.007
7.608
7.908
8.906
8.007
8.508
10.007
9.809
8.307
9.911
9.607
8.307
8.308
8.635
7.621
8.407
8.208
9.610
8.111
7.679
9.405
8.708
8.009
8.496
7.508
9.507
7.808
9.407
9.809
9.211
8.707
9.707
9.608
9.310
8.708
7.708
7.707
8.608
7.608
8.708
8.610
9.817
9.607
9.506
8.366
9.908
8.008
9.207
9.509
8.606
9.510
8.807
10.081
10.102
9.908
10.010
9.705
7.708
9.308
9.607
9.609
8.107
9.409
9.313
9.905
8.010
9.708
7.707
9.407
9.908
9.007
7.909
9.667
8.506
9.908
8.006
8.308
7.806
9.707
7.908
9.261
9.209
9.409
9.107
9.308
9.312
9.307
9.121
9.744
8.710
8.806
9.207
9.492
8.109
8.707
9.408
8.709
8.306
9.707
8.008
8.109
8.608
8.607
7.809
9.808
8.715
8.503
8.007
9.007
8.406
8.512
8.308
7.705
7.808
7.652
9.522
9.609
9.408
8.807
9.206
8.009
7.506
8.607
7.509
8.408
10.009
9.508
9.806
8.209
9.136
7.908
9.108
7.612
9.013
9.407
9.906
7.627
7.903
8.009
9.408
9.007
9.207
7.809
9.209
9.808
7.909
8.608
9.507
10.100
7.506
8.710
8.205
7.809
10.009
8.295
8.709
9.979
7.608
8.407
8.207
9.408
9.009
9.806
9.509
7.908
9.407
9.507
8.309
10.007
7.708
7.609
8.906
9.409
7.907
8.009
9.307
8.611
9.354
8.808
8.510
9.405
7.607
9.209
10.010
7.519
7.608
8.706
7.507
7.707
9.808
8.407
9.910
8.710
8.213
9.306
9.117
7.707
9.006
7.508
7.609
9.407
7.608
9.008
8.908
8.307
9.508
8.208
9.610
8.707
9.508
8.208
8.210
9.606
7.606
8.207
9.809
7.705
9.408
10.008
8.118
9.154
8.308
7.908
7.908
9.207
10.019
9.807
9.433
9.111
9.807
9.508
8.407
10.008
8.609
9.807
8.408
8.008
8.109
8.108
9.509
7.506
8.806
7.893
9.808
8.907
8.668
9.707
9.309
7.908
9.811
10.024
9.818
8.127
8.003
7.607
10.009
7.906
9.908
9.608
9.730
9.702
9.086
8.007
9.808
7.608
8.006
8.309
8.307
8.807
8.908
7.909
9.106
7.838
8.309
8.808
9.308
9.408
8.709
8.706
10.008
8.408
8.608
9.907
9.208
9.432
7.703
9.207
9.808
7.505
8.910
9.510
9.902
7.838
7.604
9.807
8.107
8.308
8.007
9.208
9.707
9.608
9.611
8.709
10.033
8.074
7.608
9.412
7.505
8.808
8.010
7.509
10.009
9.408
7.506
9.107
8.709
7.709
8.407
8.409
8.007
9.808
8.008
7.808
7.807
8.407
7.810
8.607
9.413
8.304
7.907
9.011
8.105
7.506
7.810
8.009
8.208
8.006
7.507
8.385
9.509
8.008
8.507
9.416
9.907
8.525
8.705
8.510
8.806
9.611
9.706
9.310
9.609
7.814
9.808
9.906
8.908
7.505
8.616
8.314
8.603
9.174
9.808
9.411
9.310
7.606
7.509
10.006
8.308
7.507
8.206
7.710
8.008
9.408
9.905
7.909
7.908
8.508
9.106
9.409
8.005
8.709
8.808
7.708
9.309
8.710
7.514
8.112
9.003
8.708
8.909
7.507
7.708
8.911
9.611
9.505
9.208
9.608
9.608
10.011
9.608
8.006
7.808
7.509
10.002
7.864
8.150
7.704
8.809
10.007
9.808
9.609
8.806
8.509
9.808
8.011
10.005
7.509
8.705
8.952
8.908
7.717
9.107
9.110
9.108
8.606
8.798
8.409
8.110
8.463
8.510
7.606
8.908
8.989
7.807
8.807
9.208
8.706
9.232
8.203
8.607
9.007
7.708
9.913
7.606
7.668
8.106
7.509
7.607
9.509
8.907
9.021
9.709
7.910
8.207
9.007
9.207
9.608
9.950
9.809
8.008
8.407
7.508
9.409
10.008
8.107
8.117
9.309
9.308
9.908
7.608
8.014
9.006
7.805
7.809
9.106
8.208
8.409
9.407
8.309
7.808
8.221
7.508
7.707
8.909
8.207
9.208
8.009
8.009
9.204
7.814
8.549
7.706
8.012
8.007
7.682
8.809
8.708
9.707
8.010
8.706
9.809
8.718
7.809
7.810
9.307
9.413
8.507
7.811
8.708
9.509
8.405
9.721
9.744
8.688
8.507
7.909
7.908
9.007
8.608
9.812
9.507
9.606
7.510
7.708
7.506
7.808
9.012
8.904
10.009
9.814
7.701
10.008
8.408
8.007
7.908
7.810
7.606
8.908
8.208
8.808
8.508
9.107
8.409
8.241
7.813
9.608
8.905
8.209
8.807
9.908
7.908
8.408
9.608
8.145
8.609
9.610
8.508
7.807
8.708
8.717
7.524
8.907
8.708
8.629
9.505
9.107
9.008
9.613
8.105
9.708
8.508
9.407
8.907
9.711
7.508
9.206
9.408
9.008
7.510
8.127
8.807
8.108
9.109
8.387
8.831
7.809
8.063
10.009
8.107
9.209
8.708
8.308
8.307
10.008
9.505
7.907
9.209
8.621
7.610
9.909
8.206
8.609
9.209
9.807
8.410
9.407
8.909
7.806
8.308
8.908
8.609
9.811
9.508
7.605
8.009
8.207
8.207
8.709
8.305
8.881
7.906
9.614
9.705
8.908
9.709
9.307
9.313
8.806
7.809
9.410
8.877
8.705
8.108
8.108
8.408
9.117
10.009
9.808
9.609
8.414
8.900
8.106
8.109
8.209
8.508
8.810
9.209
9.208
7.509
7.607
8.109
8.111
9.707
7.708
9.507
9.508
9.707
8.909
8.507
10.013
8.210
9.807
8.823
9.075
7.918
9.709
8.008
8.008
9.606
7.708
9.211
8.322
8.608
9.839
9.298
9.605
8.609
8.608
8.983
8.807
8.709
9.708
9.607
8.612
7.609
9.003
8.007
9.822
8.005
9.007
9.912
8.808
9.008
8.553
7.608
9.608
8.407
8.433
7.502
7.906
8.876
9.206
9.008
9.909
9.207
8.207
9.608
7.908
9.507
8.408
9.214
8.109
8.110
8.705
9.407
8.209
7.807
10.009
8.107
8.320
9.149
8.009
9.710
8.006
9.108
10.016
7.702
7.607
8.507
7.811
8.207
9.907
9.707
9.709
9.709
9.011
8.008
9.307
9.408
10.007
7.813
8.704
8.308
8.608
7.508
7.608
9.507
8.008
7.713
7.604
9.009
9.608
8.108
8.608
7.707
9.907
8.809
8.008
10.009
9.807
8.507
8.208
9.608
8.307
8.009
9.510
9.907
8.610
8.911
9.203
8.708
9.209
8.108
9.710
8.007
8.155
7.603
10.007
8.709
7.709
7.707
7.609
10.009
8.459
9.001
7.910
8.208
7.710
8.409
8.409
7.606
9.632
9.306
10.012
7.809
9.810
9.416
7.618
8.512
8.406
9.609
9.807
7.708
7.608
9.609
8.208
8.208
9.619
8.409
9.610
7.507
8.608
9.809
10.007
9.508
8.709
7.807
7.909
9.109
8.907
9.010
9.209
8.407
8.208
9.309
9.008
8.107
8.611
9.310
9.207
9.707
8.807
9.108
10.055
9.107
8.609
8.308
7.506
8.208
9.208
9.609
8.207
7.807
9.510
8.333
10.007
8.109
8.908
8.008
9.909
7.708
9.508
9.311
8.906
7.808
8.508
7.806
8.507
9.909
9.607
7.610
9.507
8.609
9.270
9.344
7.808
7.908
7.710
7.807
8.608
9.685
7.609
9.507
9.964
9.607
7.809
7.514
7.910
9.239
8.206
7.713
9.602
7.906
9.508
8.409
8.206
8.210
8.907
9.208
8.009
8.709
9.509
10.012
9.808
8.807
9.608
7.512
9.309
9.807
8.110
8.007
9.315
8.208
7.513
9.409
7.757
8.007
9.606
8.113
9.704
7.707
8.608
9.409
8.108
8.209
8.008
9.108
8.910
9.406
8.410
9.500
8.207
7.908
9.650
7.921
9.406
9.110
8.208
8.894
9.008
9.009
9.408
8.407
9.708
9.441
7.706
9.912
9.904
10.007
8.208
9.709
7.709
9.313
9.207
8.508
7.607
9.707
7.509
9.113
9.304
8.508
8.606
10.008
9.108
8.201
8.112
8.408
9.709
9.009
10.006
8.609
7.906
9.310
9.607
7.513
8.802
10.065
7.508
8.808
10.010
8.408
8.408
7.807
7.894
7.655
8.811
8.030
10.003
9.109
9.607
9.409
7.515
8.109
9.507
9.308
8.807
7.508
7.807
8.609
9.008
7.707
10.061
9.410
9.507
9.507
9.609
8.206
9.610
9.718
9.509
9.708
8.005
8.010
7.607
8.409
8.508
9.208
9.107
8.608
8.210
8.607
7.908
8.409
9.409
9.908
7.607
8.307
7.629
8.110
9.507
9.114
8.404
9.414
8.708
8.008
9.008
8.208
9.008
8.708
8.009
8.696
8.423
8.809
9.411
8.509
9.907
7.809
7.607
8.907
8.949
8.507
7.608
9.310
9.407
9.508
9.308
9.708
7.810
9.411
7.803
10.009
8.708
8.909
9.308
9.913
9.408
8.407
8.208
8.309
9.692
8.809
9.508
8.108
7.707
8.808
9.411
7.506
9.108
9.708
9.108
8.186
8.208
9.209
7.506
7.708
8.607
9.313
10.001
9.108
8.910
7.908
9.007
7.508
9.309
8.408
7.509
8.607
9.309
8.209
9.709
9.108
9.719
9.308
9.707
9.908
8.007
9.207
7.509
9.807
8.909
9.109
8.010
9.710
8.407
8.013
9.802
9.610
10.007
9.946
8.808
8.807
7.714
7.809
8.807
9.508
8.906
9.009
8.307
8.208
9.807
7.910
10.009
9.417
9.705
9.811
9.506
7.808
9.009
9.708
7.729
7.809
8.807
8.212
9.906
9.907
8.708
9.811
9.605
8.607
9.709
8.406
7.608
9.906
8.910
9.108
9.608
7.708
8.108
7.808
8.606
7.808
8.410
8.507
9.908
8.011
8.509
9.308
8.508
10.009
9.244
8.711
7.711
7.905
9.408
7.707
7.908
8.008
7.608
7.507
9.307
9.807
8.408
9.407
9.907
9.809
8.524
9.608
7.608
9.309
7.506
8.862
9.609
8.408
10.008
9.608
8.908
8.406
8.907
9.914
8.304
8.009
8.708
8.707
8.613
8.008
9.108
9.209
8.707
9.307
9.209
7.909
9.206
7.509
7.513
9.207
10.009
8.707
8.709
7.606
7.907
8.713
9.108
7.608
9.807
9.009
9.717
8.805
7.612
8.704
8.809
8.607
9.409
10.007
9.909
8.108
7.908
8.910
9.907
9.109
8.306
9.013
9.806
7.508
9.310
10.006
9.429
9.203
8.607
8.108
9.506
9.209
9.508
8.706
9.307
9.310
7.712
9.103
8.210
8.007
7.808
9.609
9.132
9.709
9.511
9.156
8.010
10.011
8.208
7.809
9.209
9.014
9.507
9.107
9.227
8.708
9.008
8.607
8.120
7.508
9.208
7.706
9.214
8.808
9.013
8.606
8.207
9.411
7.708
9.009
9.907
8.210
8.517
9.108
8.008
8.110
8.207
8.508
8.208
9.108
9.008
10.007
8.011
8.506
9.009
9.808
9.907
8.207
8.509
7.909
8.206
7.810
8.452
7.605
9.107
9.909
8.908
7.508
9.215
9.308
9.007
9.209
10.007
7.608
8.407
8.011
8.208
9.307
9.209
9.008
8.309
8.208
9.108
9.107
9.487
8.207
9.016
9.205
8.910
10.009
9.911
9.904
7.707
8.210
10.006
9.508
8.010
9.006
9.526
9.917
8.310
8.607
9.209
8.409
8.708
7.515
9.107
9.707
9.447
8.315
8.803
7.808
9.209
7.812
9.427
8.500
8.721
8.306
7.607
7.607
8.206
10.012
10.004
8.407
8.420
7.508
7.916
9.009
9.208
7.508
9.008
10.007
8.710
8.116
8.399
7.506
8.409
10.006
9.910
7.905
8.408
8.609
8.207
7.509
9.107
7.809
8.506
7.808
8.608
8.929
8.145
9.610
9.007
8.215
7.903
9.925
8.214
8.511
8.806
9.909
8.812
8.016
7.508
10.007
8.607
8.615
7.611
9.708
8.712
7.505
7.508
9.908
8.808
8.509
9.909
8.107
8.889
8.608
8.407
7.509
10.009
9.214
9.602
9.111
9.908
7.784
8.907
8.207
8.745
7.908
8.208
7.609
8.406
8.408
7.511
9.707
9.511
7.908
9.409
8.408
7.911
9.608
8.209
9.410
8.005
8.010
10.075
9.509
9.393
8.511
9.694
9.409
7.610
9.108
8.612
7.608
9.307
7.508
8.320
8.208
8.108
9.308
8.306
9.208
7.608
8.610
8.908
9.924
9.001
8.409
8.210
9.680
8.104
8.906
9.108
8.707
9.607
9.116
8.309
9.110
7.508
7.806
8.408
7.908
9.708
9.609
8.007
9.108
9.707
9.109
10.008
7.909
8.506
8.510
9.706
8.609
9.808
8.706
8.406
8.913
9.604
9.307
8.418
7.608
8.417
7.607
9.006
8.108
9.208
9.907
9.710
9.508
7.807
8.208
9.906
7.608
7.809
8.009
9.586
10.009
9.807
9.409
8.126
8.209
8.006
7.606
9.609
7.711
8.803
8.109
9.109
8.306
10.008
7.609
8.707
8.208
7.807
7.810
9.008
9.508
7.808
8.617
9.106
8.408
9.408
8.906
8.532
9.698
9.707
8.109
9.808
9.607
7.509
7.707
7.809
8.035
8.138
7.513
8.309
9.427
8.110
7.510
7.908
8.013
7.703
9.311
9.010
8.042
9.601
7.907
7.608
10.009
9.305
9.309
8.308
8.608
8.306
9.620
8.409
8.108
7.606
8.309
7.709
7.818
8.705
8.208
8.310
9.308
8.298
9.310
8.708
8.808
9.408
9.307
9.608
9.808
8.507
8.708
7.707
8.009
9.311
8.006
7.907
8.510
10.009
8.937
9.799
8.359
8.410
8.108
8.910
8.708
9.108
9.308
9.008
7.808
10.011
10.007
9.807
8.109
9.308
8.609
9.707
8.902
7.809
9.209
8.507
8.809
7.807
8.910
9.620
9.807
9.609
7.611
8.386
9.609
9.149
8.011
8.005
7.610
8.908
9.607
8.809
8.107
8.908
7.908
8.607
8.808
7.808
8.409
9.508
9.810
9.507
9.309
8.510
9.908
8.410
9.791
8.808
8.908
8.710
8.310
8.605
8.307
8.507
9.607
8.008
7.708
7.809
8.522
7.850
9.409
8.208
9.345
10.010
9.607
9.709
8.807
8.618
7.606
9.707
8.206
10.007
9.110
10.007
8.607
9.108
8.308
8.309
7.910
9.904
9.709
8.708
8.607
8.111
9.906
8.209
8.698
7.508
8.709
9.810
8.010
8.007
8.008
9.808
8.109
7.707
9.609
9.409
8.808
9.809
9.007
9.507
9.909
8.309
9.413
8.407
7.511
7.806
9.447
7.907
7.606
9.109
9.409
8.811
9.968
9.419
9.707
8.709
9.507
8.309
8.411
10.006
9.009
9.107
10.064
9.608
9.611
9.708
9.207
8.307
9.410
8.316
8.011
9.408
9.196
9.903
7.807
9.208
7.909
9.908
9.808
8.210
9.111
9.307
9.508
9.008
8.708
9.306
7.617
8.306
7.508
8.709
8.408
9.210
7.806
8.308
8.819
7.509
8.009
7.907
8.307
7.508
8.714
9.005
9.504
8.008
9.109
10.053
9.907
9.526
9.809
9.815
7.693
8.909
9.109
9.918
8.008
7.908
9.108
8.109
8.707
9.483
9.405
9.807
8.510
9.807
8.311
10.021
9.813
9.005
8.009
8.309
9.207
9.306
9.809
8.809
10.007
8.808
8.709
9.807
8.408
8.709
9.511
8.808
7.708
8.712
8.628
8.207
9.108
7.808
8.809
7.908
9.910
8.212
7.908
8.608
8.013
8.703
8.506
7.908
7.609
9.309
8.707
9.507
8.508
8.709
8.308
8.609
7.611
9.532
8.306
8.615
8.310
7.911
9.910
8.508
9.476
8.609
9.209
8.610
9.108
8.110
9.109
9.009
8.912
9.706
7.507
9.409
8.308
8.786
10.011
8.609
7.911
8.705
8.009
9.108
7.507
8.809
7.810
7.609
8.510
8.607
8.909
9.309
9.308
8.908
8.009
8.608
10.008
9.709
9.709
9.107
7.811
8.906
8.209
9.430
8.508
8.410
8.908
9.508
9.808
8.808
8.010
7.708
7.608
8.809
9.509
7.608
7.709
9.950
7.804
8.790
8.664
9.410
8.208
8.009
8.307
8.710
9.109
8.409
8.511
9.006
10.009
9.020
8.009
8.307
8.308
9.108
9.207
9.708
8.708
9.009
8.507
9.509
9.409
8.608
8.209
9.009
9.009
8.608
9.009
9.306
9.911
7.609
8.809
8.226
8.306
9.608
9.410
7.606
8.012
8.010
9.108
8.110
9.659
9.648
9.009
7.808
8.811
8.111
7.509
7.708
9.813
8.727
9.709
9.309
9.810
8.011
8.309
8.711
9.114
9.804
8.107
9.110
7.551
9.708
9.807
8.409
9.211
9.308
8.509
9.709
9.908
7.708
8.135
9.402
10.008
9.507
9.707
9.007
7.709
9.909
9.210
7.705
8.510
8.898
9.564
8.507
9.324
7.702
9.909
8.306
7.706
8.210
10.008
7.908
7.812
9.904
8.809
9.506
9.219
10.008
9.410
9.008
7.807
7.508
8.506
7.808
9.513
8.108
9.510
9.906
8.209
8.609
7.509
9.208
7.510
9.605
7.807
9.307
10.010
7.709
7.707
7.810
8.449
7.805
8.307
8.913
7.919
9.804
8.306
9.637
10.009
7.807
8.708
7.707
7.811
9.710
8.219
10.009
7.908
7.609
9.909
8.607
8.708
7.507
7.810
8.907
9.819
8.107
8.108
10.008
8.508
8.680
7.708
9.619
9.112
8.703
8.407
9.508
8.508
9.509
9.206
8.410
10.006
7.807
8.806
7.807
7.609
9.708
7.908
8.107
9.752
7.868
9.207
8.608
8.008
9.709
10.008
7.930
8.002
8.308
7.810
9.228
9.666
8.305
8.807
8.609
9.507
9.710
8.308
8.109
9.308
7.608
9.009
9.307
8.207
7.811
9.808
8.388
7.508
7.609
8.906
9.709
8.106
8.308
8.410
8.806
8.109
8.409
9.408
8.808
9.489
9.798
8.207
8.908
8.208
9.507
7.609
7.609
9.315
8.420
8.507
8.608
8.806
10.008
8.006
9.559
7.908
7.708
7.708
7.907
8.009
9.408
7.808
8.609
7.807
8.773
7.508
8.611
9.821
9.504
10.007
9.131
9.409
8.307
7.964
7.654
7.709
8.106
8.009
9.709
9.207
9.081
8.503
7.909
9.209
8.907
9.909
9.608
9.308
7.809
7.785
9.909
9.709
8.006
8.608
10.020
9.213
8.904
8.507
9.008
8.568
8.608
8.006
7.810
9.407
8.708
8.208
9.809
9.309
8.708
9.710
8.607
7.707
8.008
9.108
9.607
9.710
9.108
9.109
8.910
9.404
9.509
8.706
9.021
10.012
7.611
9.102
9.408
8.907
7.807
8.600
9.905
9.108
9.206
7.811
8.706
7.819
8.511
8.405
9.808
9.908
8.211
8.405
7.708
8.809
7.609
9.809
8.610
9.209
9.107
10.094
8.610
8.511
8.904
7.708
8.508
8.910
9.608
7.826
7.907
9.908
8.808
7.707
8.908
7.907
8.007
7.509
8.507
9.206
8.707
8.208
9.009
9.407
9.107
9.308
8.309
9.208
9.208
9.409
8.608
8.212
9.603
9.708
9.309
8.407
7.509
7.808
10.003
9.625
8.207
7.808
9.408
9.708
8.008
8.508
7.707
8.708
8.708
8.907
7.808
7.509
9.788
9.518
9.708
8.909
8.907
8.110
8.111
8.105
7.518
9.207
8.809
9.807
9.008
8.007
8.107
9.207
8.408
8.208
8.808
9.309
8.534
8.303
9.108
9.209
9.506
9.410
8.007
8.409
8.253
8.556
8.406
8.007
7.908
8.209
9.511
9.404
8.908
7.747
10.005
9.108
9.608
8.707
8.806
8.508
9.508
9.606
7.810
8.008
7.708
9.107
9.907
8.910
7.607
8.909
8.208
9.608
8.408
8.709
8.107
9.409
9.948
9.308
9.912
7.702
10.007
9.507
9.808
9.008
9.708
9.707
8.007
9.209
8.610
9.507
8.473
7.554
9.006
8.206
8.708
9.406
9.808
8.708
8.407
7.506
7.607
9.108
9.909
8.707
7.907
7.910
8.010
7.706
9.707
8.108
8.208
9.709
7.507
7.907
8.808
9.810
7.808
9.408
9.108
9.110
9.036
9.508
9.809
8.210
7.608
8.607
7.509
7.508
9.909
8.707
7.608
10.007
7.706
7.608
8.818
8.405
8.007
9.406
8.808
7.709
7.607
9.509
7.507
7.675
7.603
9.009
7.508
7.907
8.508
9.208
9.709
7.508
8.807
9.409
8.207
8.907
7.962
8.406
8.908
7.909
9.613
9.210
8.011
7.504
9.309
9.415
8.468
7.507
8.908
9.907
7.906
9.009
9.408
8.126
9.302
9.708
9.609
9.607
7.707
8.107
8.910
9.905
8.110
7.606
9.420
9.008
9.208
10.007
9.908
8.213
7.913
9.503
10.009
8.407
9.508
9.407
7.918
8.008
9.606
9.309
7.852
10.009
8.407
9.907
8.008
7.942
9.509
7.617
10.010
9.907
8.207
9.008
9.709
9.007
9.108
9.207
7.908
8.209
9.213
7.703
8.907
9.608
9.709
9.007
8.108
9.309
8.606
8.608
9.807
8.113
8.005
7.696
8.108
9.080
7.602
8.608
9.407
9.707
8.907
9.508
9.508
9.806
8.407
9.408
8.797
7.607
8.513
9.102
8.308
7.608
9.408
9.909
9.907
9.208
9.108
8.207
8.508
7.608
9.515
8.411
8.408
10.008
8.751
9.007
8.907
9.012
7.806
8.407
8.709
9.408
7.807
8.308
9.208
8.908
7.840
7.798
9.009
8.907
9.508
10.008
9.210
8.807
9.909
9.311
8.108
9.107
10.009
9.307
9.208
9.409
7.709
7.508
9.510
9.118
9.309
8.608
7.906
9.810
9.532
9.301
9.110
7.540
7.608
8.207
9.109
7.910
8.610
8.106
9.589
8.208
8.007
8.914
9.707
8.011
8.107
7.707
9.707
8.207
9.609
8.708
7.709
10.007
9.009
9.708
9.105
8.404
8.209
9.769
8.114
7.916
8.909
9.707
8.107
9.007
8.110
9.709
9.708
9.212
7.786
9.106
9.911
8.506
7.908
9.507
9.008
8.708
9.907
8.807
9.408
9.408
7.609
9.888
9.505
9.110
9.507
8.614
10.008
7.808
8.309
8.207
8.511
9.835
8.193
9.009
8.914
8.703
8.907
8.509
7.811
9.106
7.707
7.808
7.708
8.406
10.008
9.309
9.809
9.888
8.207
9.306
9.407
8.308
9.108
9.009
10.009
8.505
7.608
7.506
9.109
8.408
8.510
10.007
8.117
9.106
9.209
9.723
7.705
8.004
8.388
8.209
9.817
8.508
8.506
7.510
9.606
8.609
9.510
9.406
8.507
7.609
8.707
8.007
8.408
7.710
9.606
8.508
9.011
9.707
8.806
8.050
8.109
9.809
8.107
8.910
8.811
9.802
8.508
9.008
7.907
9.308
9.708
7.708
7.908
8.309
7.707
7.508
9.407
9.908
9.608
7.808
10.008
8.259
8.408
8.507
8.608
8.109
9.608
7.508
7.704
8.309
8.208
8.307
8.009
9.108
9.709
9.508
9.012
8.308
8.408
9.508
7.508
8.007
9.909
8.010
9.004
7.711
8.205
8.319
7.509
7.705
8.806
7.611
8.607
9.909
8.806
9.763
7.905
8.307
10.007
8.208
9.307
8.307
9.208
10.011
7.508
9.106
9.405
9.117
9.966
7.713
8.710
10.005
8.408
8.508
8.143
7.488
8.706
8.807
8.507
8.987
9.207
9.907
9.210
7.707
9.909
7.906
7.509
8.007
9.010
7.608
8.905
8.209
8.707
8.009
8.406
8.709
9.822
7.709
7.909
9.708
8.207
9.105
9.809
9.307
7.708
8.007
9.607
9.159
9.407
8.009
7.964
8.607
8.007
9.811
9.009
7.908
7.708
9.051
8.668
9.207
9.408
10.007
7.509
8.010
8.107
8.408
9.451
8.672
8.186
9.901
7.508
9.808
8.949
10.012
9.208
9.451
7.909
8.709
8.408
9.910
9.306
9.108
8.411
10.082
8.804
9.909
8.063
9.008
9.007
9.108
8.308
8.508
9.009
8.406
9.208
9.707
9.510
8.606
7.709
8.506
8.687
7.909
8.206
7.611
7.901
7.618
9.512
8.409
8.808
7.908
8.208
8.207
9.508
9.308
8.211
8.406
9.393
8.708
10.008
8.301
7.809
8.463
9.509
9.506
9.311
8.607
9.309
9.007
9.908
9.507
10.008
8.409
9.909
8.470
8.608
7.607
8.605
8.008
8.710
10.007
8.609
9.406
8.210
8.206
8.608
9.110
9.206
7.807
7.914
9.117
8.806
8.410
7.609
8.209
7.908
9.506
9.546
9.909
8.606
9.411
9.457
8.711
7.707
9.207
9.808
9.009
9.606
8.209
9.607
8.210
8.407
8.108
7.809
9.306
9.109
9.108
8.318
8.326
9.506
8.710
10.009
8.406
9.710
7.508
9.308
7.707
9.707
8.708
7.515
8.209
8.208
9.608
9.507
8.708
8.808
9.252
7.610
8.505
7.611
9.913
9.405
8.709
8.207
9.707
7.906
9.808
8.808
8.908
7.907
8.409
7.507
7.808
9.507
9.907
7.809
8.708
7.708
7.508
7.507
8.010
8.408
8.308
7.507
7.808
9.708
9.009
9.809
9.808
7.606
7.623
9.717
9.607
8.786
7.807
9.406
9.107
7.511
8.309
8.155
8.107
9.411
8.107
8.406
8.811
8.207
8.909
7.609
8.609
8.907
7.801
9.109
9.908
8.709
9.206
7.810
8.306
8.108
7.709
8.007
8.308
7.908
7.907
8.009
9.309
8.307
9.908
8.509
8.307
8.421
9.108
9.106
7.708
9.810
10.006
9.309
8.105
8.913
9.415
9.210
7.908
9.606
8.519
7.930
8.408
7.613
8.504
9.208
8.407
8.908
10.007
9.409
9.409
7.806
9.906
8.608
8.607
10.007
9.714
9.606
8.508
8.709
8.708
8.708
8.608
8.808
7.908
9.407
7.811
9.907
8.809
8.306
9.611
9.807
8.909
8.007
9.910
9.908
9.910
8.405
9.008
9.808
8.009
8.308
7.707
8.009
9.606
8.858
7.917
9.409
8.508
9.108
8.360
9.908
7.809
9.408
8.709
8.407
9.007
9.213
8.207
7.707
10.009
8.009
10.006
9.109
8.509
10.104
9.108
8.513
8.307
8.006
8.308
8.809
8.807
8.507
9.412
8.607
10.007
10.007
7.908
8.609
9.107
8.709
8.507
9.609
8.309
9.913
7.955
9.836
9.006
8.910
10.007
9.207
9.410
9.906
8.209
8.007
10.008
9.812
9.009
8.207
7.807
10.008
9.809
9.308
8.408
9.321
8.006
8.511
9.405
8.592
9.808
8.609
9.909
8.107
8.107
8.109
8.108
8.807
8.009
9.806
7.612
8.108
8.906
9.708
8.109
9.807
7.608
8.009
9.808
9.306
9.007
7.710
9.305
8.910
9.507
7.812
8.108
7.710
8.910
10.006
8.708
8.509
8.807
8.709
9.310
9.406
9.608
9.908
8.118
7.508
9.808
8.418
8.408
8.706
8.007
9.010
8.608
8.108
9.608
8.350
7.607
8.508
8.507
9.408
9.948
8.207
9.909
8.109
8.609
8.708
8.303
9.812
9.706
9.508
8.623
9.107
9.108
8.107
9.108
9.909
8.412
8.908
8.405
9.308
7.707
8.808
8.208
8.808
9.707
7.907
9.907
9.808
9.107
8.507
9.308
9.109
9.416
9.108
9.908
7.908
7.807
8.108
7.809
7.657
7.707
9.009
9.307
9.309
9.808
8.594
9.208
8.317
9.954
7.610
7.507
7.708
8.907
8.508
9.106
8.594
9.111
9.106
8.293
8.408
7.611
7.607
10.008
9.708
9.308
9.909
7.506
9.610
8.107
7.907
9.907
8.309
9.610
9.312
7.809
9.318
7.809
9.706
7.609
7.813
9.807
7.809
8.120
8.808
9.008
9.935
9.899
8.111
8.906
8.206
9.014
9.107
8.409
9.102
8.708
7.832
9.108
8.810
7.509
9.706
9.409
9.911
8.214
8.914
9.220
8.695
8.308
9.708
8.311
8.606
10.010
8.210
9.006
8.277
9.707
8.107
8.008
9.707
8.707
9.408
8.108
7.810
8.506
9.008
9.535
9.907
9.507
8.709
8.620
9.507
8.410
7.985
9.308
9.108
9.550
8.609
7.908
7.809
8.407
8.908
9.109
8.607
9.608
8.012
9.358
9.408
8.910
7.555
9.110
7.712
9.409
9.707
8.109
8.007
8.809
7.709
7.909
8.214
8.945
9.258
7.810
10.010
9.906
9.808
9.209
9.309
8.406
9.609
9.806
9.507
8.412
8.908
8.008
8.106
9.607
7.508
7.508
8.408
7.509
9.307
8.708
9.610
8.907
9.308
7.808
7.809
9.709
8.212
8.715
8.711
7.505
9.008
8.745
9.909
8.709
7.807
9.208
9.807
10.008
9.109
9.306
8.508
7.908
10.007
9.209
7.506
10.009
9.208
8.409
10.023
8.609
9.909
9.601
10.009
9.208
9.908
7.908
8.808
8.208
9.112
7.505
8.410
8.005
8.907
8.307
9.209
9.207
7.609
9.006
9.309
9.207
8.409
7.809
9.709
8.307
9.570
9.907
8.309
8.808
8.407
8.407
9.911
8.205
8.108
10.008
9.910
7.905
7.808
8.908
8.809
9.407
9.108
9.809
7.508
7.909
8.208
9.207
9.808
8.308
8.307
9.106
7.608
9.209
9.607
9.809
7.707
9.208
9.808
8.508
7.908
8.308
9.418
7.906
9.209
7.509
8.008
9.149
8.127
8.502
7.909
9.708
8.008
9.706
9.608
8.010
7.706
7.909
9.909
7.521
8.707
8.407
9.308
8.807
7.707
8.809
8.807
7.908
8.107
8.508
8.907
8.709
9.408
8.507
9.109
8.408
8.708
9.810
7.706
9.510
8.209
8.106
9.308
8.707
8.101
8.808
9.409
8.207
9.208
9.207
8.207
8.008
7.507
7.609
9.609
7.806
9.107
8.309
8.208
9.708
9.509
9.907
8.307
9.109
8.509
7.506
7.608
9.710
9.812
7.805
9.307
8.108
8.505
8.610
9.306
9.296
7.509
8.807
9.908
9.508
8.013
8.308
10.010
8.208
8.495
9.712
8.506
7.513
8.108
9.508
10.018
7.602
9.510
8.404
9.208
7.909
8.408
9.311
7.709
8.407
9.908
9.708
9.009
8.510
8.408
8.519
7.712
8.509
9.808
10.010
8.195
7.709
8.210
8.268
8.711
9.407
7.908
9.908
9.609
8.509
9.506
9.408
8.609
8.908
7.707
7.910
9.509
8.711
10.008
9.906
9.810
9.811
9.608
8.732
8.202
7.910
9.907
8.343
9.107
9.708
8.407
9.708
7.507
9.209
7.907
8.709
8.507
8.309
8.653
8.008
9.409
8.009
7.507
8.107
9.709
7.807
8.707
9.119
9.208
8.807
9.208
9.108
8.505
8.707
7.708
9.409
9.387
7.608
7.834
8.608
10.007
8.808
8.207
10.007
8.109
8.607
8.942
9.108
9.609
10.007
9.807
9.109
8.107
10.030
9.916
7.757
7.910
8.507
9.607
9.808
9.908
8.907
8.809
8.506
7.710
9.305
8.109
9.511
9.607
8.409
8.007
9.509
9.707
9.007
9.408
7.714
7.715
8.404
9.510
9.908
8.336
9.407
9.107
9.208
9.609
8.909
9.607
10.007
7.508
9.308
9.808
7.514
8.109
8.559
8.808
8.307
7.908
9.409
8.007
10.008
7.709
8.806
9.407
7.702
7.711
9.009
8.009
8.108
9.907
7.800
8.110
8.406
9.608
9.706
7.509
9.106
8.510
9.835
9.309
8.707
9.108
9.008
8.809
9.709
7.609
7.506
8.207
8.109
9.607
8.709
8.009
9.807
7.509
7.606
7.519
7.909
9.108
8.109
8.507
8.908
8.304
9.109
9.808
7.808
8.707
10.035
9.705
9.908
9.818
8.907
8.707
8.807
8.010
10.005
8.607
8.309
7.609
9.508
8.908
9.708
8.307
9.708
9.710
8.408
10.009
9.709
8.808
9.008
7.708
9.812
8.013
8.718
8.806
8.008
9.306
7.608
7.908
8.909
7.608
7.806
7.908
8.808
9.322
8.607
8.808
7.907
9.408
9.108
7.509
8.507
9.008
8.407
8.313
8.869
9.305
8.207
8.408
8.008
9.907
8.907
7.908
7.860
7.508
9.407
8.308
9.509
9.508
9.009
8.509
9.807
9.314
9.103
8.510
8.612
7.607
10.007
9.208
9.808
9.107
9.209
8.406
8.211
7.506
9.471
9.506
9.510
7.508
8.008
7.608
7.507
9.610
8.007
7.808
9.909
9.907
8.912
9.307
9.506
7.807
7.809
9.225
9.807
9.409
7.906
8.510
9.610
7.805
7.609
9.509
9.607
9.606
7.808
7.709
9.808
9.707
9.907
9.509
9.908
7.906
9.608
9.907
10.018
7.615
7.807
9.808
7.615
9.206
9.110
9.907
9.709
9.698
9.008
9.508
8.908
9.696
8.108
8.608
10.012
8.504
8.008
9.508
8.010
8.506
10.062
7.909
8.308
9.816
9.903
8.105
7.833
9.508
8.116
7.807
9.810
8.710
7.749
7.507
7.807
9.545
9.901
7.708
9.009
9.106
9.908
7.906
8.609
7.907
9.009
8.509
8.906
9.808
8.206
9.609
8.206
8.108
7.708
9.108
7.807
7.507
9.909
8.408
9.707
8.208
8.910
9.606
9.409
9.107
9.709
9.906
8.808
9.508
7.509
7.708
8.707
9.907
8.308
9.910
8.007
7.508
8.509
9.408
9.807
9.208
9.008
8.108
9.807
9.214
9.905
7.807
9.410
9.806
8.709
9.307
8.111
7.507
8.808
10.008
9.308
8.605
9.809
8.209
8.306
7.506
8.508
9.509
9.958
9.530
9.508
7.807
9.707
8.006
10.008
9.607
9.706
9.107
7.709
9.705
8.409
7.510
7.607
7.719
10.009
9.007
9.709
8.081
9.209
8.707
8.109
8.407
9.806
7.907
9.208
8.206
8.108
7.808
7.920
7.908
10.008
9.908
8.563
9.722
7.810
8.614
9.206
7.707
7.606
9.411
7.506
8.552
9.705
7.607
8.909
9.806
9.113
8.607
7.808
8.209
9.813
8.408
9.308
9.707
9.008
8.409
7.908
9.605
8.908
8.311
7.704
9.109
8.123
8.910
8.706
8.751
10.008
7.807
9.106
7.708
10.007
9.111
8.715
9.840
9.209
7.507
9.507
8.409
8.810
10.009
9.146
8.601
8.620
8.309
8.206
7.508
9.508
8.807
9.909
8.509
9.606
7.709
7.507
7.808
9.109
8.909
9.209
9.209
9.308
8.208
9.452
9.407
10.008
8.007
9.308
9.308
8.207
8.909
7.606
9.607
8.907
9.407
8.209
10.009
7.707
8.908
7.609
9.906
7.608
7.608
8.507
9.909
7.814
8.611
7.910
9.406
10.008
9.607
8.510
9.406
7.808
8.019
8.907
7.948
8.710
8.306
9.809
9.509
9.808
9.908
9.210
8.709
9.308
9.910
8.705
9.710
9.006
8.807
9.706
9.308
9.007
8.113
9.406
9.509
9.405
9.808
8.907
9.619
9.307
7.508
9.109
9.807
8.308
8.008
7.705
9.509
9.006
10.007
9.119
8.707
9.808
8.207
9.812
9.206
8.311
8.607
8.848
9.808
10.008
8.407
9.210
9.110
9.307
8.508
8.507
8.809
8.207
7.509
8.309
7.507
7.807
10.010
9.808
8.607
8.108
7.606
8.010
9.607
7.508
9.709
8.308
7.508
8.007
8.208
9.211
8.807
9.408
8.207
8.710
9.507
9.309
7.909
8.509
8.505
9.108
9.704
9.908
9.909
10.009
8.305
7.509
7.709
8.207
10.007
9.005
8.822
7.698
9.571
8.609
7.608
9.308
9.407
7.809
9.906
7.706
9.607
8.808
9.607
7.908
7.708
9.009
9.706
8.109
7.607
8.208
10.012
7.507
8.207
9.710
10.102
9.007
9.909
7.807
10.009
9.909
9.309
8.907
7.607
8.909
10.005
7.909
8.208
9.308
8.307
8.303
9.606
8.011
9.710
9.307
8.407
9.908
8.508
8.007
8.108
8.866
8.912
8.007
8.808
9.608
7.808
8.907
8.810
7.707
9.208
8.707
7.708
8.610
7.705
7.809
7.507
7.708
8.208
8.409
9.779
9.009
9.313
9.407
9.508
8.907
8.708
8.009
8.808
9.707
8.609
9.608
8.409
10.007
7.508
10.007
9.808
8.109
8.808
8.708
8.508
8.210
7.507
8.811
9.330
7.703
9.207
9.311
7.909
9.910
7.899
7.611
9.112
9.607
9.708
8.708
8.508
8.309
9.314
10.008
8.110
8.008
9.557
9.309
7.907
9.853
9.208
7.805
8.008
8.109
9.008
9.008
8.813
9.261
7.810
8.308
9.507
9.509
7.552
7.509
9.510
7.906
7.807
8.708
7.609
7.506
10.112
8.610
8.308
9.408
8.508
9.209
10.011
8.209
8.608
7.910
8.110
7.906
8.308
8.607
8.508
10.007
7.707
7.509
9.211
8.007
8.307
8.812
7.606
8.508
9.009
9.619
9.108
9.408
8.507
9.306
9.407
8.607
8.009
7.806
7.909
9.308
9.542
7.902
10.007
8.207
8.312
8.009
8.609
9.306
9.310
9.704
9.309
9.507
9.907
8.608
10.007
8.119
7.505
7.708
9.307
9.009
10.008
8.609
8.508
8.407
7.810
7.806
9.507
8.309
8.409
9.906
7.709
8.006
7.709
7.606
8.814
8.805
8.309
9.910
8.006
7.508
9.509
10.007
9.709
9.509
8.708
9.808
7.507
8.908
10.083
9.607
7.908
10.008
8.108
8.909
8.377
8.608
9.508
8.007
9.607
7.808
8.010
9.906
8.307
8.522
9.995
9.607
9.809
8.510
9.707
7.909
8.763
9.307
7.909
8.610
8.807
9.310
8.309
8.808
8.209
8.308
8.508
8.807
8.408
9.108
7.806
9.408
7.608
10.010
9.906
9.810
7.707
8.106
9.809
8.850
9.099
9.909
8.507
8.806
8.310
8.109
9.212
9.801
7.609
9.828
8.307
8.908
9.107
9.108
7.607
10.042
7.509
8.906
8.909
8.626
7.905
9.234
8.202
8.307
9.409
8.208
8.207
9.810
8.810
7.910
8.508
7.809
7.710
9.808
9.109
8.809
8.011
8.507
8.707
8.109
8.208
9.508
9.509
10.011
8.708
9.908
7.554
9.009
8.710
8.907
7.514
9.308
8.309
8.209
7.717
7.607
9.013
8.407
9.907
7.909
9.009
8.608
8.308
9.508
8.308
9.909
8.408
9.008
8.508
9.610
9.910
9.511
9.222
9.302
9.411
7.807
9.308
9.706
9.512
8.104
8.508
9.608
10.007
9.379
7.907
7.809
9.608
9.607
9.008
9.708
7.507
7.907
8.208
8.307
7.508
9.206
8.308
8.406
8.125
9.610
8.121
8.107
9.008
9.807
10.009
8.394
7.813
9.461
8.106
9.809
7.554
9.208
9.511
7.608
8.609
7.607
7.907
8.412
9.703
9.409
8.007
9.908
7.505
8.709
8.360
7.509
7.808
9.407
8.507
8.612
8.904
9.307
9.308
7.806
9.169
9.405
8.806
9.449
8.706
9.510
9.307
8.908
8.808
8.805
9.009
9.910
8.905
9.707
8.295
8.709
9.008
8.707
8.609
9.008
7.508
9.608
9.308
8.008
8.908
7.707
9.412
7.704
9.707
8.607
8.207
8.708
8.108
9.608
8.207
9.509
9.209
7.505
8.412
7.908
8.807
7.526
7.708
7.811
9.707
8.706
9.008
8.909
7.506
7.707
7.849
7.663
9.907
9.613
8.304
8.910
10.009
7.606
9.208
9.709
8.811
7.505
8.506
9.550
9.829
9.306
9.206
8.907
9.507
7.508
9.307
8.409
7.707
9.808
8.707
7.607
8.678
7.673
9.008
8.607
8.109
9.507
8.908
7.907
9.308
9.808
9.508
9.407
9.907
8.810
9.208
8.817
8.905
7.713
8.490
8.608
9.709
7.508
7.507
9.115
7.705
9.505
10.007
8.008
9.259
8.602
8.108
7.708
8.911
9.805
9.108
9.713
9.209
7.908
7.708
8.408
7.808
9.808
7.808
7.708
8.508
9.511
9.206
9.907
9.908
7.507
8.753
9.507
7.609
8.907
8.709
8.007
8.308
8.612
8.510
7.507
9.909
9.317
7.917
9.040
8.991
9.506
8.610
8.209
7.618
8.906
9.308
7.910
8.875
9.605
8.106
9.811
9.307
10.043
9.908
9.108
7.709
8.534
8.805
7.807
7.506
10.008
8.341
8.304
8.610
9.627
8.502
8.646
8.812
9.208
7.707
8.008
8.613
8.913
8.707
8.704
7.907
8.108
9.820
8.804
7.706
7.608
9.109
9.708
7.609
9.107
8.912
7.808
7.707
7.607
8.395
7.708
7.675
9.346
8.608
8.909
8.809
9.808
7.606
7.863
8.915
7.907
8.518
7.601
9.312
9.906
8.910
9.906
7.907
8.210
9.206
8.310
8.407
8.406
7.916
8.710
7.506
9.408
9.009
7.707
9.510
9.810
8.009
9.807
9.207
9.393
8.808
8.210
9.022
9.010
8.509
7.907
9.407
9.508
8.110
8.807
9.311
9.705
8.809
9.908
8.108
7.908
8.208
9.208
8.821
8.605
7.807
9.008
8.106
9.510
9.306
7.808
9.445
10.009
7.707
8.509
9.210
9.109
9.206
8.308
8.008
7.807
8.907
9.912
10.005
9.708
8.809
9.407
9.409
7.522
9.306
7.608
8.011
10.009
9.305
9.410
8.705
9.851
8.408
9.407
9.208
7.807
9.908
8.509
7.706
7.509
9.706
9.409
9.106
8.907
7.608
9.613
9.406
9.111
9.606
9.408
8.710
8.309
8.709
8.220
8.308
7.908
8.309
8.909
8.009
7.705
8.508
9.307
7.608
9.426
8.812
9.306
9.907
8.607
7.908
7.511
8.807
7.608
9.406
7.908
9.225
9.762
7.606
8.508
8.910
10.006
7.820
7.607
8.411
9.307
8.506
9.508
9.710
9.608
8.305
7.709
10.007
9.506
9.709
7.609
9.007
8.406
9.436
8.803
9.737
7.506
8.807
8.407
7.807
8.307
9.009
9.508
8.008
9.408
8.108
9.409
9.508
8.508
9.708
7.807
7.909
8.441
10.007
7.711
7.905
8.511
8.105
7.807
7.908
7.710
8.105
9.509
8.807
7.708
8.208
8.410
7.705
9.608
9.611
8.005
8.008
8.710
7.606
8.506
8.210
8.208
8.104
7.609
9.411
7.806
8.207
9.809
8.607
8.105
7.510
9.207
9.107
8.109
9.808
9.810
8.405
7.809
9.210
9.929
8.206
7.507
8.307
8.412
9.805
8.008
9.107
7.807
9.420
9.208
8.810
7.606
10.008
9.408
7.908
9.310
9.908
8.609
9.307
8.608
9.507
9.307
8.008
8.509
9.907
7.907
8.208
8.407
8.208
7.509
8.308
9.008
7.607
9.309
7.545
9.902
10.043
9.408
7.609
9.310
8.508
9.208
9.408
8.608
8.706
9.908
8.107
8.707
8.608
9.908
9.908
8.008
9.308
8.008
9.308
9.308
8.409
7.608
7.707
9.308
7.707
8.708
8.415
8.007
8.107
8.508
8.058
8.006
7.808
8.407
10.009
9.009
7.505
9.408
7.607
8.908
9.408
8.408
7.610
7.909
8.264
7.608
8.712
10.010
8.107
7.907
9.207
9.211
8.009
9.606
8.409
8.209
8.409
9.410
8.908
9.007
8.007
9.507
9.708
8.611
7.805
9.707
10.008
7.808
9.008
7.710
9.405
8.507
8.608
9.509
9.108
9.509
9.808
7.708
9.408
8.009
8.107
8.806
9.709
8.708
8.508
8.107
9.608
9.507
7.613
8.508
8.407
8.308
8.108
8.107
9.309
8.411
7.709
9.407
8.708
9.408
9.907
8.208
8.007
8.607
7.708
9.710
8.111
7.605
9.908
7.606
8.209
8.106
9.111
7.809
9.508
7.608
8.609
9.108
9.673
8.902
7.707
7.908
9.707
8.308
8.712
9.121
9.208
9.110
8.508
8.010
8.606
8.307
8.908
9.107
9.408
9.107
8.907
7.612
9.504
8.720
7.808
7.607
9.508
9.498
8.106
9.007
9.708
9.507
8.208
9.208
8.506
8.409
9.906
8.208
9.408
8.508
9.808
8.707
7.807
8.408
9.411
8.905
9.208
8.207
8.210
8.811
7.508
9.610
9.200
9.508
8.406
9.610
9.806
7.807
9.009
8.066
9.507
8.611
10.007
7.613
8.009
8.508
8.708
7.807
9.409
8.206
9.009
9.112
9.404
9.307
7.707
8.908
8.208
9.608
9.708
9.108
8.306
9.909
8.607
7.607
9.508
9.708
9.708
9.209
7.609
8.807
9.708
9.708
10.009
9.907
9.807
8.109
8.579
8.704
8.407
7.808
9.409
9.908
9.608
8.806
9.407
9.808
7.808
7.707
9.406
10.009
9.308
7.807
10.008
8.007
7.908
9.407
7.608
7.807
8.507
7.909
9.107
8.407
7.508
9.208
8.407
7.507
9.809
9.408
8.707
8.108
9.907
8.008
8.208
9.609
9.509
7.508
9.607
9.907
7.708
9.107
10.008
9.709
9.608
10.007
7.607
7.709
9.307
7.907
8.008
8.008
8.388
9.607
9.108
8.609
8.808
10.007
8.609
8.508
9.511
10.005
9.408
9.307
8.117
7.507
8.810
7.831
7.707
8.508
7.612
8.106
7.508
7.707
7.706
9.711
7.608
7.812
9.911
9.736
8.407
7.806
7.809
9.208
9.907
9.408
7.707
8.809
9.308
9.007
9.912
8.707
9.108
9.208
8.105
9.904
9.406
9.607
7.510
9.808
8.119
7.810
7.807
8.111
8.011
8.206
7.908
8.408
8.709
7.709
8.008
9.607
8.208
8.346
8.908
8.309
7.605
9.409
9.609
9.608
8.306
9.408
8.407
7.608
8.706
9.007
9.908
8.207
8.506
7.510
8.108
9.306
7.809
8.658
7.609
8.505
9.311
8.068
9.408
7.910
8.507
7.515
7.609
9.206
8.306
9.107
10.008
8.607
8.408
9.608
8.308
9.411
9.108
9.207
9.510
7.810
8.107
9.507
8.809
9.407
9.507
9.409
8.643
9.995
7.907
8.708
8.705
9.809
9.507
8.007
7.813
7.903
8.309
8.007
9.651
9.107
9.808
9.808
7.908
8.107
9.309
8.707
7.610
8.505
7.908
9.707
8.811
8.778
9.107
7.708
8.206
8.807
9.608
9.607
8.909
7.644
8.209
7.508
9.909
7.808
8.325
7.948
8.208
9.113
8.611
8.006
8.306
8.309
7.705
8.709
9.110
9.506
7.628
9.402
8.110
8.008
9.006
9.708
9.409
8.308
9.908
7.608
9.892
9.408
9.708
8.607
9.509
8.009
9.003
9.609
8.508
9.914
7.607
9.361
8.908
8.710
9.807
9.908
9.754
10.007
8.608
8.908
9.607
8.707
8.210
7.707
9.410
10.008
9.908
8.908
8.306
9.708
9.010
8.108
9.209
8.807
9.210
8.808
9.407
8.208
8.508
7.908
8.008
8.607
9.708
9.608
10.008
9.507
9.564
9.816
9.608
8.007
8.808
9.239
9.408
9.608
9.612
8.909
9.709
9.408
7.710
7.807
9.209
9.507
8.409
8.507
8.208
7.708
10.008
7.509
8.707
8.509
7.908
9.208
9.809
7.806
8.807
10.008
9.808
8.207
9.708
9.309
8.907
8.709
8.608
8.407
8.208
8.107
10.008
7.807
7.608
7.903
8.309
9.346
9.808
9.455
7.913
8.010
9.808
7.909
8.207
8.442
8.908
8.910
7.849
8.803
9.206
9.307
8.911
9.107
7.608
8.807
8.508
9.312
10.015
9.909
7.507
8.309
7.907
7.609
8.608
8.307
7.909
9.610
7.506
7.908
9.108
8.208
8.609
8.809
8.649
9.497
10.010
7.608
8.309
7.908
8.907
7.608
9.709
8.009
9.406
9.808
9.320
8.109
9.107
9.208
7.908
9.307
10.009
8.509
9.407
8.710
9.305
10.009
8.208
9.612
7.809
10.007
7.707
9.114
8.906
8.808
8.619
8.813
9.105
9.609
9.407
8.109
10.008
9.009
8.609
9.309
8.907
7.810
7.508
7.907
9.508
7.963
9.707
9.408
9.008
9.212
8.207
8.409
9.207
8.908
7.908
9.712
9.009
8.310
8.807
7.910
9.806
9.907
9.408
8.808
9.407
8.808
9.509
9.324
7.906
8.208
8.810
9.410
8.609
8.807
10.011
8.207
9.507
9.908
7.810
8.609
9.009
8.506
9.508
8.309
7.608
7.606
8.008
9.108
8.606
9.307
9.533
8.408
9.346
9.192
9.817
8.805
7.809
9.309
8.307
8.209
7.707
9.809
7.707
8.809
8.508
7.908
9.508
8.117
7.710
10.008
9.207
9.408
8.507
8.909
7.984
8.608
9.210
8.411
7.805
7.807
7.807
7.512
8.809
9.607
9.111
8.708
8.506
9.410
8.106
9.309
7.764
8.311
9.009
8.205
9.611
7.706
8.609
9.335
8.308
9.008
9.211
7.708
8.507
7.809
9.310
8.910
9.104
8.608
9.806
9.507
9.009
7.720
9.506
7.808
10.009
8.709
9.007
8.511
8.008
9.816
7.709
8.406
8.109
9.508
9.108
7.812
9.709
7.606
9.809
8.109
9.340
9.004
8.510
7.810
9.505
7.932
9.207
8.607
9.008
9.262
8.200
8.279
9.409
7.807
8.506
9.607
9.008
7.607
8.008
9.710
9.905
8.407
8.009
7.909
7.808
9.708
8.507
7.608
10.011
8.207
8.607
9.507
9.909
9.507
9.810
9.411
7.603
9.108
8.107
9.339
8.207
8.806
10.007
7.807
9.108
8.408
9.912
8.008
8.708
8.011
7.604
8.609
8.908
8.310
9.221
9.508
8.108
7.609
9.807
8.308
8.409
8.206
7.709
8.410
7.905
7.608
7.708
8.007
9.208
8.510
9.808
7.607
9.808
9.807
8.108
8.808
8.309
8.108
9.507
9.610
8.608
9.806
8.306
7.609
8.109
10.006
9.610
8.966
7.807
9.407
9.708
8.912
7.707
7.507
9.809
8.105
7.608
7.709
8.807
9.607
8.709
8.811
9.905
8.716
8.737
7.909
10.014
9.507
8.507
9.707
9.209
9.810
9.406
7.677
9.908
7.615
7.810
9.708
9.108
8.128
9.202
8.708
9.709
9.407
9.007
9.608
7.707
9.107
9.808
9.008
8.841
8.707
7.708
8.608
9.908
8.908
9.109
10.003
8.622
7.630
9.607
7.908
9.912
9.009
8.108
10.008
9.308
8.408
9.609
8.308
9.008
8.708
9.808
8.807
8.209
8.708
8.307
8.410
7.907
8.106
10.010
9.308
9.510
7.806
7.807
9.510
9.507
9.614
9.505
8.009
9.907
9.208
8.409
10.011
8.306
9.015
9.963
7.507
7.541
9.592
8.409
9.206
8.407
8.309
7.909
9.110
9.706
8.808
7.507
7.508
9.608
7.609
9.508
9.006
7.909
7.571
8.430
9.903
9.807
7.909
8.019
9.607
9.607
9.009
9.508
7.809
8.112
9.504
7.908
8.409
9.006
9.009
7.513
9.905
9.808
8.009
9.008
9.407
9.307
9.209
9.609
8.808
9.309
9.132
7.899
9.708
9.310
8.806
9.809
9.075
9.406
7.707
8.509
9.010
9.407
8.236
9.508
7.710
7.607
9.908
8.607
9.209
9.008
8.613
9.208
8.906
9.109
8.107
8.409
8.507
9.872
7.964
9.805
9.008
9.808
7.615
8.903
9.007
9.108
8.868
7.907
8.708
9.007
9.110
7.606
8.607
9.807
9.609
8.809
10.009
9.707
9.912
9.107
8.807
8.409
8.208
7.708
7.708
9.107
8.607
8.709
9.005
9.309
8.712
8.204
9.205
9.006
9.809
8.108
8.309
8.506
8.708
9.507
7.606
7.811
9.610
8.706
7.511
9.307
10.007
7.607
9.109
9.807
9.407
7.907
8.413
7.715
8.408
8.900
9.414
9.606
10.012
8.304
9.134
8.608
9.207
8.209
7.809
8.970
9.111
8.608
9.908
7.908
8.008
7.507
8.307
7.707
8.707
8.509
9.707
8.707
8.606
8.808
8.608
8.007
9.413
9.707
8.310
7.607
8.413
7.804
9.905
8.412
8.809
8.909
9.707
8.007
9.707
10.009
9.408
8.720
8.707
9.509
9.308
9.208
9.508
7.508
9.408
8.321
8.707
9.306
9.708
10.008
8.008
8.308
8.107
7.509
8.113
9.128
7.619
9.109
9.406
10.010
7.608
8.408
8.908
10.007
8.909
8.708
7.608
8.408
7.508
8.807
7.808
9.307
8.008
9.809
9.508
7.508
8.308
8.308
9.507
7.908
8.308
10.006
8.912
9.105
10.007
9.609
8.209
7.709
8.608
7.714
7.907
8.708
8.608
9.508
8.808
10.007
8.119
8.908
8.411
8.307
7.731
8.906
7.510
8.465
8.708
9.806
8.621
9.506
8.008
8.109
7.538
9.097
8.209
9.007
8.109
8.208
8.509
8.805
8.610
9.806
9.208
9.008
8.606
7.808
8.410
9.908
7.940
9.208
8.809
9.008
10.011
9.007
8.130
7.703
7.508
9.309
10.006
8.608
8.907
8.108
9.407
9.108
9.714
7.608
8.008
7.707
8.507
9.006
9.211
9.606
8.907
8.506
8.808
10.008
9.009
9.708
9.910
9.508
9.113
8.805
8.659
9.217
7.908
9.407
9.408
7.906
8.611
9.948
8.881
7.605
7.606
8.609
9.509
9.808
8.708
10.008
7.607
9.708
9.207
9.509
9.210
8.006
7.908
7.907
8.008
9.507
7.809
8.008
9.110
9.607
9.309
7.861
8.704
9.720
9.809
8.307
7.710
8.548
7.904
9.407
8.918
8.008
7.908
8.310
7.910
9.394
8.208
8.211
8.997
9.904
7.610
8.305
8.111
8.110
8.906
8.808
7.508
9.409
9.308
9.307
9.108
8.708
9.687
7.811
8.509
9.306
8.865
8.709
7.810
9.213
8.020
9.252
10.008
8.711
10.010
8.010
7.907
8.310
8.805
9.609
8.411
9.109
8.009
9.006
9.709
9.408
7.907
9.909
9.042
9.905
9.168
8.011
8.508
8.706
8.511
9.506
8.108
9.849
8.320
8.409
9.209
8.807
7.708
9.113
10.001
7.810
9.608
8.106
8.708
8.508
7.608
9.608
7.606
8.109
8.708
10.008
7.613
9.107
9.908
9.106
8.907
9.108
9.909
7.593
7.907
8.309
9.507
8.608
8.310
7.709
9.706
10.010
9.206
10.009
9.009
9.409
7.708
8.707
10.009
8.908
9.807
7.567
8.605
9.909
8.351
9.808
10.007
8.407
8.805
9.810
7.706
7.809
9.122
7.705
7.808
9.507
8.514
9.806
8.210
9.307
7.608
7.908
9.411
9.607
8.008
8.309
8.911
8.208
9.632
8.801
9.906
9.508
9.007
8.609
9.508
9.808
8.458
9.407
8.308
9.910
9.406
8.708
7.709
8.408
9.106
8.210
7.808
7.609
8.210
8.665
9.613
8.303
9.209
9.008
7.808
9.707
10.022
9.409
8.012
9.706
8.108
7.807
9.148
9.808
9.206
8.773
9.508
7.506
8.108
8.012
7.507
10.008
9.409
7.907
8.510
8.509
8.706
9.009
8.808
9.407
7.544
8.506
7.801
9.422
7.608
8.408
9.008
7.607
7.710
9.604
9.808
8.407
7.509
9.108
8.108
9.209
7.713
7.812
9.406
8.508
8.507
9.708
8.695
8.008
7.508
9.607
9.207
8.911
8.696
7.907
8.212
8.808
9.265
8.603
8.209
9.316
9.508
9.911
9.608
9.908
9.405
9.606
8.408
9.709
8.614
9.103
8.809
9.011
9.710
8.403
7.708
8.209
8.007
9.007
8.708
8.214
8.608
7.907
9.712
9.907
8.510
7.806
8.811
7.605
9.109
9.705
9.604
8.712
9.607
9.006
8.608
9.119
8.710
9.508
8.708
9.809
8.708
7.707
9.008
8.407
8.607
9.408
9.308
9.308
8.309
8.007
10.008
9.608
8.607
9.807
9.607
9.608
7.808
8.606
10.008
9.409
8.207
9.408
8.399
7.939
8.499
9.611
9.603
9.809
9.206
8.414
9.707
8.119
8.608
8.809
9.009
9.905
8.110
8.306
9.114
9.004
9.008
9.308
8.707
7.507
9.010
8.305
9.807
9.308
9.408
9.708
8.907
7.508
9.209
9.962
8.207
8.010
9.412
7.906
7.807
8.509
9.007
7.608
9.109
7.641
9.007
8.310
7.606
9.809
9.395
9.509
8.906
8.409
8.709
7.606
8.407
7.807
8.408
8.309
9.907
7.909
8.007
8.906
8.109
9.908
8.754
8.810
7.787
8.004
9.410
8.212
9.203
8.407
8.407
8.508
8.707
7.507
9.309
8.808
10.006
8.708
8.208
8.908
9.607
9.609
9.013
8.118
7.610
7.504
8.909
10.007
7.906
9.610
8.806
8.508
9.709
10.008
7.507
7.507
8.107
9.409
8.308
9.806
7.707
9.408
8.407
8.907
9.607
7.813
7.906
9.560
9.011
8.606
8.309
8.707
8.411
10.007
9.311
8.506
7.610
8.405
8.611
8.207
8.117
7.511
9.309
7.906
7.611
9.504
8.011
8.406
8.808
8.835
8.108
9.308
8.311
9.107
8.310
7.807
9.411
8.709
9.808
8.608
7.507
8.308
9.811
8.410
8.208
9.309
9.608
8.431
7.827
8.301
9.108
8.610
8.508
8.512
9.107
8.609
8.110
9.662
9.509
9.509
8.508
7.708
8.908
9.508
9.510
9.706
9.809
9.108
8.407
9.724
7.808
8.409
7.907
7.708
9.509
8.708
9.709
9.209
9.808
10.007
7.607
9.010
8.809
8.608
7.708
8.009
9.907
8.308
7.711
9.506
7.910
8.907
9.910
9.311
8.308
9.407
9.012
8.208
8.608
7.543
7.810
9.109
8.607
8.308
9.356
8.223
9.708
9.008
7.508
9.607
9.112
7.623
8.709
7.808
8.708
9.109
8.550
8.709
10.010
8.708
8.108
8.008
7.508
7.912
9.909
8.307
10.009
9.010
9.009
8.708
9.209
9.408
7.709
7.708
7.808
9.607
8.610
10.007
8.712
8.608
9.713
7.709
8.709
8.400
8.300
7.509
10.008
9.309
8.946
7.509
8.209
9.510
8.008
8.211
7.507
8.008
9.309
7.508
9.708
8.209
8.714
8.809
7.713
9.309
9.219
8.210
8.909
7.708
8.309
7.507
9.009
7.909
7.909
7.609
9.009
8.908
7.809
9.114
8.408
9.212
9.109
9.108
8.807
9.809
9.809
8.985
7.811
9.008
8.908
7.608
10.009
7.706
9.010
7.808
9.608
8.341
8.609
8.413
8.608
9.412
8.409
7.749
7.508
9.112
7.910
9.008
7.908
8.408
8.008
8.809
7.808
9.809
8.007
9.109
9.508
7.809
7.907
10.007
9.510
9.506
7.611
9.408
10.010
9.307
10.011
9.510
7.508
8.509
7.907
8.808
8.008
9.011
9.109
8.209
8.008
9.709
9.709
8.708
8.209
7.807
7.610
8.548
7.760
8.209
7.609
9.810
8.522
8.213
9.905
8.109
7.909
7.607
7.708
7.810
9.408
7.611
9.807
9.707
8.808
7.808
8.407
9.309
9.412
7.604
7.508
7.508
10.009
9.909
8.709
8.218
7.908
8.908
9.210
8.108
9.609
9.509
8.009
8.207
7.910
7.908
8.808
8.306
8.208
9.010
8.611
7.608
9.108
8.509
10.009
7.809
9.108
8.508
9.909
8.462
8.708
7.510
8.607
8.608
9.909
9.907
9.309
7.710
8.909
8.748
8.608
8.408
8.308
9.109
9.308
8.709
9.709
8.007
9.512
7.910
9.809
8.206
8.211
9.010
9.507
8.112
9.605
8.510
9.107
9.409
9.609
7.908
9.608
8.109
9.310
9.409
8.107
8.508
9.908
9.509
9.908
8.662
8.009
8.219
7.602
9.810
9.409
7.507
8.101
9.108
7.908
7.708
10.008
8.809
9.209
9.408
9.608
8.709
7.809
8.806
8.210
7.507
9.308
7.708
8.213
8.541
9.908
8.807
9.709
9.709
8.509
9.607
8.410
9.068
7.908
8.507
9.008
9.811
8.707
9.506
9.008
9.107
9.711
9.007
8.008
9.008
8.511
7.508
7.708
9.107
9.117
8.608
9.107
8.312
8.905
9.806
9.508
8.707
8.809
9.309
8.510
10.008
9.007
9.408
8.909
9.407
8.009
7.807
9.408
9.312
9.809
8.313
8.507
9.611
10.007
9.111
8.609
8.508
9.309
9.007
7.509
8.308
7.511
9.110
9.308
8.907
9.109
8.708
7.708
8.008
8.208
8.708
7.909
9.707
8.010
9.309
9.111
8.806
9.908
8.609
8.008
9.809
9.409
9.065
9.499
9.608
8.239
8.108
8.009
7.707
9.808
8.007
8.510
9.808
9.808
8.013
9.006
8.809
9.481
9.307
9.508
7.508
8.008
9.908
9.808
8.708
9.408
9.007
10.009
9.408
7.509
8.108
9.151
9.704
9.909
8.609
9.108
8.229
9.408
9.608
8.415
9.105
7.749
9.707
9.108
7.510
7.627
8.104
9.009
9.767
9.906
8.709
9.809
7.808
8.707
9.712
9.305
8.009
8.607
9.408
9.908
8.608
7.509
9.209
8.108
7.507
7.909
9.809
8.211
9.910
9.505
9.209
8.909
9.807
9.018
8.121
10.007
9.307
8.708
9.107
8.909
8.607
7.711
8.817
9.192
9.109
8.410
8.307
9.710
9.506
7.708
9.809
8.219
7.920
9.112
9.105
7.923
9.541
9.113
8.609
9.311
8.405
7.909
8.409
8.308
9.409
9.008
8.408
8.809
7.708
7.707
7.709
9.009
7.907
9.008
8.010
9.608
7.609
9.111
9.508
9.608
9.507
9.209
8.008
9.907
8.271
9.608
7.908
7.810
8.508
9.208
9.708
9.608
9.709
8.005
8.108
9.209
9.709
9.008
8.010
9.922
9.212
8.405
8.859
9.908
7.508
9.637
9.607
7.610
8.610
9.010
10.015
8.208
8.308
7.910
8.006
9.208
7.609
8.607
9.609
8.609
7.708
9.410
8.312
9.907
9.912
8.906
9.310
9.507
8.108
10.014
9.603
9.808
8.313
8.506
9.808
8.307
8.211
9.409
8.507
9.508
8.507
8.609
7.609
9.409
9.007
8.357
8.713
9.108
9.418
8.407
7.807
9.707
7.709
8.814
9.707
7.509
7.709
9.108
9.813
8.307
9.010
9.508
8.207
9.809
7.907
8.007
8.310
8.708
7.545
9.509
8.108
8.527
7.998
8.507
8.007
9.709
9.310
9.309
8.911
8.998
7.633
9.409
8.507
7.908
8.108
8.308
8.108
8.515
7.634
7.999
9.309
9.108
10.008
7.708
9.107
8.167
8.212
9.906
9.510
8.407
9.510
7.714
9.405
10.011
8.723
7.608
9.808
8.207
9.408
8.610
9.607
9.709
7.909
8.207
7.709
8.512
9.008
8.609
9.609
9.309
9.308
9.008
8.409
9.311
9.207
10.010
7.507
7.511
10.005
9.509
8.408
9.610
9.708
8.009
9.708
8.612
8.106
9.408
9.308
7.607
7.935
8.810
10.041
8.479
9.709
7.908
9.708
8.811
9.007
9.208
8.134
8.196
8.410
9.009
7.607
7.547
9.094
7.799
7.812
9.210
9.807
8.911
8.712
9.711
9.414
8.311
8.410
7.608
7.808
7.841
7.706
8.408
9.311
7.909
9.410
8.925
8.313
9.012
7.607
9.808
8.413
8.268
8.108
9.308
9.911
8.509
9.506
8.910
8.811
9.808
8.239
8.818
8.715
9.408
8.607
8.209
7.807
9.707
8.411
8.111
10.009
9.125
8.693
9.215
9.209
8.508
8.008
10.009
7.512
8.308
9.914
8.407
9.109
8.007
7.813
9.108
9.307
9.809
8.269
8.108
9.814
8.909
9.609
8.608
8.308
8.179
9.310
8.809
7.910
7.808
9.508
7.825
9.209
8.610
9.509
8.309
9.708
7.611
8.308
9.910
8.506
8.109
8.409
7.710
8.806
8.709
9.357
7.909
8.606
10.009
8.811
8.504
9.111
8.321
9.609
9.910
9.213
9.107
8.809
9.606
9.410
8.409
10.014
8.510
9.608
9.610
9.405
9.410
9.809
7.609
9.406
8.410
8.424
7.717
8.612
9.811
9.110
8.009
7.813
7.612
8.208
9.109
8.734
9.803
10.011
8.410
9.806
9.309
10.006
8.708
8.808
9.411
9.713
8.704
7.850
9.211
8.308
9.907
8.713
8.207
7.608
8.009
9.108
8.610
8.409
7.809
8.508
10.008
8.509
9.008
7.708
9.208
8.109
9.107
9.110
8.205
7.506
9.010
10.008
7.607
7.709
8.707
9.508
9.908
7.642
7.508
9.208
8.609
7.512
8.008
9.312
7.708
8.509
8.509
9.007
9.463
8.808
7.610
9.508
10.006
9.110
9.706
9.211
9.905
9.009
8.407
8.008
9.008
7.609
8.107
9.109
7.810
9.610
8.807
7.805
9.726
8.811
9.506
8.407
9.009
10.009
7.806
9.209
8.610
8.814
8.308
8.106
7.707
8.409
7.507
7.612
7.505
9.908
9.508
9.911
8.864
7.912
8.108
7.708
8.008
8.710
9.611
8.508
8.212
8.506
8.809
8.007
10.012
8.409
9.108
8.906
8.306
9.409
8.107
9.674
8.107
8.908
7.611
8.308
9.909
7.607
8.708
7.509
10.009
8.112
9.905
9.007
8.708
7.907
9.209
9.409
9.452
8.957
7.807
7.708
9.908
9.107
8.307
9.810
7.608
7.507
8.710
8.408
9.508
9.509
8.107
7.512
8.513
8.211
8.607
8.522
8.507
10.008
8.511
8.709
8.011
8.604
7.612
9.509
9.008
9.511
8.813
8.508
8.411
9.311
8.807
8.409
8.414
9.850
8.409
8.609
9.812
9.611
9.710
9.211
9.225
7.804
9.507
7.608
8.711
8.204
8.712
9.804
8.120
9.708
8.610
8.808
8.209
8.706
8.209
10.008
8.308
9.607
8.409
9.408
8.709
9.707
7.810
9.610
9.407
8.707
8.307
9.409
8.408
8.006
8.508
7.513
8.308
8.159
7.635
9.773
8.806
9.007
9.407
9.609
8.708
8.109
8.408
9.609
9.310
9.106
9.510
7.834
8.808
8.108
9.751
10.007
7.765
7.610
9.809
9.907
8.808
8.256
9.406
9.907
8.709
8.061
7.508
9.721
8.709
7.909
9.408
7.607
9.410
8.907
9.815
8.009
9.607
8.308
7.845
9.006
7.509
9.808
9.306
8.910
8.009
9.007
9.008
8.523
9.105
8.909
8.507
8.107
9.710
7.808
8.108
8.510
8.306
8.207
8.207
9.756
8.609
7.708
9.908
7.915
9.108
9.810
8.708
8.809
8.008
9.008
7.810
8.007
8.910
9.820
9.608
9.507
8.914
8.609
8.109
8.208
7.609
9.108
8.809
9.807
9.407
9.608
8.310
7.808
7.705
9.208
7.510
8.805
9.408
9.907
9.509
8.607
9.645
8.108
10.007
7.711
9.804
7.908
8.408
8.820
7.604
8.006
8.408
9.108
9.308
9.031
9.807
9.408
8.041
8.814
9.209
10.011
8.502
7.610
7.707
8.710
9.508
7.908
7.612
9.007
7.710
9.682
7.509
10.008
7.889
7.666
7.608
7.508
8.007
8.508
9.107
8.408
9.210
10.010
7.606
8.409
9.008
7.545
7.809
9.508
8.707
9.709
9.609
9.615
10.010
10.056
8.409
9.407
7.809
8.609
8.308
8.207
8.352
8.507
8.308
8.910
8.908
8.609
8.908
9.407
9.607
8.109
7.907
9.008
8.109
8.008
9.924
9.608
8.009
7.607
9.213
9.410
10.008
8.909
9.209
9.908
9.009
7.508
9.411
9.512
8.876
7.809
7.608
9.908
8.917
8.689
8.631
7.706
9.709
7.710
9.810
9.507
8.409
7.913
8.408
9.006
8.409
8.209
8.711
9.009
8.608
8.010
8.505
8.508
9.506
7.608
8.609
8.607
7.907
7.910
8.108
9.208
8.360
8.409
9.009
9.910
9.608
7.607
7.713
9.205
7.907
7.610
8.607
8.809
8.010
9.506
7.908
9.209
7.919
9.301
8.308
9.208
9.808
9.308
7.811
9.408
9.509
8.907
8.008
9.908
9.609
8.609
9.208
8.009
9.509
8.410
7.808
9.009
8.709
8.008
8.407
9.108
8.308
9.511
8.005
8.908
9.210
8.609
8.072
9.812
7.808
8.808
8.908
7.806
8.209
9.209
9.707
7.810
8.374
7.605
7.808
8.008
8.908
9.610
8.506
8.410
8.108
8.806
7.509
9.308
9.507
8.608
8.609
7.708
8.109
9.109
9.307
10.008
7.908
10.009
9.708
8.207
8.909
8.708
8.508
9.708
8.007
8.408
10.009
8.807
8.510
7.807
9.544
7.610
7.506
7.910
8.708
8.108
9.408
8.708
9.909
8.809
9.910
8.405
9.393
8.111
7.709
8.710
8.007
8.311
8.906
7.809
9.006
7.709
9.008
7.708
7.551
9.510
8.809
7.509
8.508
9.808
8.008
7.909
7.511
8.209
8.607
8.708
8.809
7.908
7.609
8.813
9.508
10.008
10.009
8.709
8.209
7.809
7.508
8.913
8.609
8.911
9.212
7.706
9.408
8.308
8.107
9.408
7.708
9.408
9.610
8.908
9.408
7.709
9.407
9.410
8.421
8.111
8.109
9.914
8.508
8.211
8.713
7.907
8.307
8.809
9.308
9.008
9.108
9.409
7.808
7.609
8.411
9.708
7.808
7.909
7.908
8.508
9.909
8.309
7.808
9.609
9.809
9.713
9.906
9.310
9.111
8.407
9.922
9.907
8.310
8.306
8.007
9.708
9.007
8.809
8.407
8.208
7.915
10.007
7.708
8.408
7.522
8.909
8.005
7.807
9.309
8.607
9.008
9.108
9.410
9.406
8.714
9.309
9.208
8.708
8.507
8.411
9.667
8.308
8.206
8.011
9.408
8.707
7.607
8.309
7.608
8.708
9.208
8.208
8.609
9.508
9.107
8.813
8.383
9.808
9.409
7.552
8.308
8.307
9.409
7.909
7.807
8.211
9.708
9.642
9.407
8.215
7.940
9.104
9.209
8.908
9.908
8.708
7.707
10.009
9.709
7.909
8.707
8.907
8.830
10.009
8.309
7.905
8.809
9.312
7.806
8.108
9.308
8.909
8.910
8.807
9.308
9.365
9.515
8.905
9.008
9.007
9.808
9.609
8.307
9.208
8.408
8.109
7.807
8.707
8.209
7.507
9.308
9.608
9.109
8.007
9.607
9.908
8.609
8.309
9.307
9.100
9.107
8.708
7.808
7.911
7.506
9.614
9.902
9.508
8.608
9.008
8.712
8.409
8.607
9.509
7.709
9.508
7.506
8.009
8.128
8.407
8.209
9.948
8.013
9.810
8.108
7.574
9.808
9.206
8.509
9.008
8.112
7.507
7.708
8.408
8.108
7.909
8.108
8.007
9.908
9.308
9.708
8.710
7.806
8.207
8.110
8.009
7.908
8.307
8.711
8.611
9.308
9.708
8.608
10.007
9.409
9.209
10.007
9.409
8.373
8.408
8.307
9.209
8.606
8.707
7.507
9.209
9.107
8.408
9.709
9.209
7.808
9.609
7.807
8.307
7.707
8.708
9.009
8.105
9.709
7.607
9.407
8.911
9.807
8.111
9.008
9.407
9.809
8.908
8.708
8.208
10.011
9.706
9.910
8.508
8.407
7.612
7.704
10.009
8.707
7.508
9.308
9.071
9.609
9.708
9.810
7.511
8.309
8.709
8.108
7.910
9.082
7.602
9.610
9.047
8.204
8.510
8.311
8.172
7.611
9.706
9.107
7.705
9.311
9.108
8.808
7.807
9.251
9.232
8.003
8.022
9.408
9.809
9.510
9.008
9.407
9.415
9.208
7.808
8.207
10.009
8.507
9.809
7.657
8.007
8.907
8.505
9.208
9.909
9.208
9.507
9.507
8.409
9.808
8.907
10.009
8.709
9.508
9.407
7.808
10.008
9.909
9.709
9.707
9.607
8.809
9.308
8.907
7.908
9.609
9.907
7.907
8.007
9.612
8.204
8.707
8.408
9.208
8.107
8.410
8.512
7.508
7.809
9.407
9.808
9.409
9.408
8.407
8.809
8.992
8.907
8.975
8.708
8.838
8.908
8.207
7.708
8.009
9.908
8.409
7.707
9.706
9.008
8.509
9.407
9.709
9.909
7.910
9.012
7.906
8.807
7.508
8.011
9.312
9.627
7.702
8.805
9.130
8.909
7.607
7.910
7.909
9.210
9.411
9.205
7.909
7.709
9.508
8.609
7.708
7.822
8.909
9.911
9.391
7.508
9.408
9.109
9.935
9.804
8.010
7.809
8.509
8.209
8.507
8.001
8.008
8.910
9.368
9.609
7.708
9.608
7.713
8.205
8.707
9.809
7.510
9.503
10.010
9.707
7.924
7.708
7.651
9.519
7.710
9.445
9.507
9.709
8.609
9.409
9.407
9.208
9.908
8.125
7.514
8.301
8.708
8.008
9.709
7.912
7.815
7.605
10.007
8.010
8.508
8.908
7.712
8.710
8.209
7.810
8.409
8.606
8.215
8.509
8.108
8.508
8.107
7.708
8.108
9.208
9.807
7.606
8.311
9.608
8.207
8.410
8.010
9.508
9.114
7.704
7.506
9.417
8.008
7.708
7.510
9.009
9.109
7.910
7.608
10.009
8.307
8.707
8.508
9.006
9.808
9.308
7.611
7.807
9.810
8.207
9.507
9.509
8.411
8.054
9.109
9.311
9.110
9.810
8.910
8.110
7.608
9.209
7.709
8.108
9.408
7.709
9.810
8.408
8.209
7.609
8.308
9.208
8.808
9.508
8.309
8.708
9.009
8.508
9.009
8.708
9.240
8.709
8.110
7.707
9.212
9.905
9.809
8.407
9.708
8.810
9.007
10.009
7.910
9.208
8.110
9.808
9.712
8.023
8.305
7.804
8.108
9.318
9.709
9.709
9.006
7.908
8.308
7.944
9.017
7.507
9.308
8.108
8.909
7.507
8.509
8.241
9.992
8.208
9.137
9.799
9.606
8.209
9.706
7.608
7.609
7.905
10.012
9.808
8.506
8.408
7.712
9.310
7.705
9.908
8.910
9.206
7.707
10.008
9.811
9.209
7.607
9.010
10.006
9.008
9.009
8.407
10.010
9.107
9.208
8.927
9.008
8.908
9.607
8.908
9.010
9.709
9.308
9.106
9.612
7.902
7.714
9.808
9.807
7.909
9.609
8.805
9.809
9.907
8.906
9.509
9.007
9.008
8.609
9.108
8.107
7.709
10.006
7.907
9.498
9.307
9.307
8.508
8.307
9.108
9.909
9.909
8.958
9.206
9.106
8.507
9.807
9.410
8.407
9.509
9.907
8.008
8.508
9.608
8.008
9.907
9.210
9.707
9.107
7.922
8.708
9.708
8.208
8.609
7.814
7.709
7.908
9.809
8.709
8.708
8.896
8.599
8.709
7.906
7.911
8.005
9.108
7.607
10.110
10.010
9.912
9.908
7.907
8.414
9.604
8.407
8.310
9.008
8.008
9.907
9.408
9.206
9.808
7.705
8.010
7.507
7.908
8.607
9.818
9.456
10.008
8.807
7.908
8.908
9.409
8.509
9.408
8.407
8.807
9.309
8.307
8.807
9.307
9.006
9.607
8.909
7.506
8.108
8.008
8.340
8.108
7.508
7.618
7.902
7.807
8.108
7.816
8.405
9.409
7.809
7.706
9.409
9.358
8.309
8.208
8.608
9.381
7.709
9.508
8.106
9.708
7.908
9.408
9.013
9.608
9.209
8.092
9.706
10.007
8.598
7.907
8.008
8.508
8.218
8.411
9.004
9.108
8.908
10.009
8.409
9.407
7.607
7.706
8.609
8.507
8.657
9.708
7.708
9.008
9.309
8.507
8.708
10.012
8.105
7.610
9.509
10.006
8.309
9.109
9.907
9.313
9.707
7.812
7.904
7.913
8.907
9.511
9.706
7.807
9.408
8.091
9.709
9.713
8.522
8.504
8.110
9.844
8.310
8.608
8.811
7.699
9.805
10.009
7.508
7.806
7.722
9.710
7.708
8.708
8.813
7.507
7.906
8.607
8.188
8.508
9.206
9.509
7.907
8.845
9.808
9.808
9.610
9.710
9.708
8.008
8.110
7.709
7.908
8.911
9.081
9.213
9.207
8.809
9.351
9.408
9.108
9.709
9.112
9.604
8.309
8.007
9.610
8.707
9.124
7.610
9.808
8.510
9.997
7.827
9.818
9.808
7.808
9.343
9.472
10.011
10.008
7.608
7.607
7.907
9.312
9.208
9.607
8.607
8.124
9.106
8.011
9.761
8.708
9.809
9.206
9.624
7.706
9.007
8.407
9.507
9.308
8.309
7.910
9.108
8.708
7.707
8.909
9.209
9.815
8.408
9.108
9.710
8.609
9.409
7.708
8.009
8.709
10.090
9.117
9.305
9.007
9.808
9.014
7.906
9.510
8.309
10.009
9.708
9.808
8.509
9.209
9.306
9.611
9.611
8.307
8.451
10.010
9.710
7.507
9.708
8.110
9.108
9.544
9.409
8.609
9.909
9.928
9.903
9.809
9.108
9.314
9.008
8.907
8.409
9.408
8.308
9.307
9.511
8.009
9.207
7.983
9.908
8.406
7.615
9.603
9.587
8.509
9.610
9.190
8.511
9.410
9.908
7.708
9.008
9.417
8.901
8.809
9.209
8.907
8.509
8.311
8.108
10.008
9.908
9.153
9.508
8.109
8.521
8.909
8.807
7.607
9.617
8.611
8.854
9.707
8.207
8.208
8.207
7.764
10.007
9.209
9.809
9.910
9.707
8.708
9.406
8.707
10.007
8.615
7.508
8.606
9.608
8.309
8.609
9.407
9.910
8.007
7.607
8.507
9.709
9.006
8.908
9.210
7.508
7.609
8.808
8.410
8.515
9.797
8.806
8.415
9.102
8.508
8.409
8.707
9.730
7.805
9.907
9.807
9.108
7.506
8.408
8.827
8.308
9.811
8.307
8.420
7.810
8.407
9.607
10.009
9.909
8.408
9.306
7.609
8.708
8.307
8.506
9.711
7.905
7.506
8.107
9.507
8.510
9.006
8.307
8.414
9.508
8.308
8.308
8.512
8.308
9.208
9.809
9.415
8.809
8.206
7.910
9.208
9.207
10.063
9.309
9.210
8.407
8.607
9.308
9.612
9.447
8.009
9.311
9.808
8.209
7.507
9.508
9.410
9.208
7.708
7.709
8.708
8.607
8.618
9.992
9.632
7.906
9.916
9.104
9.309
8.021
9.508
8.662
9.708
9.508
7.808
8.912
8.008
8.909
8.307
7.825
8.206
9.007
9.708
8.208
9.710
9.707
7.607
9.108
9.107
8.008
9.509
7.750
9.307
8.220
7.707
8.937
8.708
7.525
7.991
7.906
8.109
7.607
9.207
7.909
9.811
9.502
9.509
7.707
8.410
7.807
7.906
9.310
9.506
7.609
10.007
9.408
10.007
7.708
8.611
9.006
8.310
8.113
9.408
7.503
8.808
9.707
9.123
7.608
9.730
9.608
8.208
7.771
9.907
9.915
8.409
9.606
9.308
7.809
9.854
7.806
8.310
7.823
9.906
7.811
8.104
9.808
9.755
8.107
7.707
8.208
9.808
8.511
8.908
9.207
8.507
7.812
8.823
7.604
7.907
8.607
10.015
8.647
9.109
9.708
8.607
10.008
9.208
7.907
7.708
9.111
8.407
8.608
9.406
8.208
8.908
7.508
8.207
8.708
8.307
8.407
9.608
8.007
9.607
8.607
9.908
8.206
9.225
8.810
8.511
9.628
10.007
8.508
8.407
9.042
8.108
9.707
8.908
10.007
7.707
9.109
9.209
8.708
7.881
8.608
9.614
9.408
8.808
7.907
8.208
9.807
8.809
7.907
7.908
8.510
9.110
7.808
9.310
8.205
9.122
7.707
7.906
9.009
9.009
9.007
8.105
9.618
8.707
9.509
9.807
8.908
8.806
8.908
7.708
9.415
7.601
9.907
8.709
9.109
7.707
9.409
9.009
9.317
9.909
9.507
7.734
9.208
10.005
9.709
10.009
9.206
7.612
7.805
8.407
9.107
9.608
9.006
8.808
8.208
8.754
8.507
9.607
7.607
7.646
7.496
9.406
7.910
9.908
8.008
9.809
7.506
7.619
8.708
9.509
7.609
8.112
9.808
9.208
8.207
9.414
9.340
10.019
9.707
9.607
8.307
8.709
9.108
10.008
7.510
10.007
8.609
8.510
9.807
8.908
8.808
9.809
8.308
9.309
9.606
9.008
9.006
9.808
9.306
7.611
9.308
9.408
8.508
9.212
8.703
9.407
8.707
7.909
9.308
8.406
7.714
7.709
9.606
9.514
7.906
9.606
9.508
9.210
8.308
9.408
8.107
9.807
9.109
8.908
9.009
8.808
8.007
8.107
8.710
9.906
8.514
8.113
9.404
9.707
9.808
8.313
9.007
8.709
8.907
8.524
9.809
9.109
8.909
9.308
8.807
9.308
9.109
8.411
8.506
7.513
7.711
9.107
9.809
9.507
8.108
9.008
8.410
8.608
9.608
9.613
8.604
8.210
7.907
8.017
7.809
7.809
8.808
9.408
9.008
7.808
8.006
8.709
9.708
9.408
8.208
8.409
8.707
10.008
9.507
9.908
10.008
9.907
8.911
9.908
9.347
9.708
8.813
7.808
8.209
8.606
7.508
9.406
9.309
7.909
7.508
9.709
8.307
9.006
9.208
10.010
9.309
9.908
8.808
8.907
9.209
9.608
10.011
8.005
9.509
9.408
8.008
9.609
9.208
9.607
9.409
8.612
9.203
8.408
8.908
10.009
9.507
9.009
9.509
8.908
9.410
9.707
8.761
7.808
8.650
8.010
7.808
8.009
7.806
9.210
9.538
9.782
8.710
9.408
7.910
8.309
9.010
8.507
7.850
8.109
8.007
9.908
9.306
9.807
8.207
8.110
9.908
7.807
9.810
9.509
9.508
9.208
9.200
8.109
9.508
7.809
8.707
10.007
8.310
9.209
9.110
7.909
8.909
7.749
7.506
9.410
8.707
9.008
7.806
9.008
9.608
8.309
9.108
9.018
8.211
9.809
9.907
8.010
7.808
9.609
10.007
9.808
8.906
9.208
8.010
8.606
9.509
9.208
8.508
8.086
8.609
7.668
8.408
10.007
8.008
8.412
9.306
9.306
7.510
9.808
8.407
9.709
8.309
10.008
8.808
9.224
9.888
8.600
9.621
7.687
8.217
9.713
7.595
9.612
8.907
8.108
8.144
8.509
7.509
9.410
9.012
8.612
9.529
7.585
8.722
7.604
8.711
8.199
9.407
8.818
7.909
8.008
8.599
8.718
7.900
9.908
7.718
7.906
8.502
10.009
8.227
9.231
9.802
8.316
8.910
8.810
9.209
9.839
9.922
9.410
9.113
9.011
8.097
8.724
9.106
9.299
8.809
8.051
9.999
8.420
9.308
7.906
8.908
7.800
9.319
9.496
7.609
9.516
9.914
8.603
9.599
8.007
7.922
9.408
9.107
9.600
8.308
8.409
9.510
8.121
7.695
8.508
9.917
8.310
9.899
9.118
7.702
8.816
9.608
7.698
9.708
8.811
8.311
8.717
9.110
7.499
8.223
9.514
9.803
8.203
8.206
9.510
8.922
8.926
9.022
8.099
8.496
9.897
9.010
7.816
7.958
9.410
9.010
7.900
7.622
8.807
9.598
7.908
7.718
9.109
8.309
10.012
8.119
9.100
8.833
9.901
9.318
9.700
9.316
9.008
8.008
7.712
8.507
9.516
9.100
10.007
7.503
7.608
9.807
9.307
8.119
7.906
8.610
9.609
8.298
9.009
8.595
8.010
9.398
8.718
9.898
7.817
8.813
7.906
9.407
7.808
7.708
8.611
10.009
9.814
7.803
8.010
10.002
8.819
7.611
9.200
8.909
7.821
9.294
8.911
9.616
9.914
9.294
8.209
9.618
7.708
9.750
8.204
8.505
9.210
9.416
8.299
9.523
8.405
8.908
9.013
8.717
9.308
7.711
8.797
9.009
8.010
9.508
9.107
9.619
9.601
8.217
8.402
7.614
10.023
9.798
9.718
10.009
9.199
8.010
9.514
9.619
7.609
7.608
8.009
9.507
9.810
8.848
9.092
8.319
7.613
8.203
9.710
9.499
8.508
8.418
8.615
8.998
8.117
7.718
8.701
7.806
8.609
9.609
7.907
8.609
9.506
7.619
8.708
8.634
8.099
8.217
8.100
8.510
8.519
8.908
8.105
8.412
7.595
10.018
9.209
8.002
8.115
8.811
7.607
9.113
10.089
8.722
8.300
8.068
9.108
9.507
8.309
7.716
9.200
9.077
9.011
8.813
9.111
7.595
9.972
9.904
8.520
8.110
8.501
9.817
9.509
9.409
8.132
9.893
9.310
9.909
7.861
9.953
8.821
8.108
9.197
8.717
9.308
7.615
9.402
8.416
9.813
7.895
8.809
9.107
9.414
7.702
7.810
8.610
8.016
7.823
8.600
9.128
8.400
9.908
8.808
8.109
9.208
9.608
8.108
8.408
9.609
8.609
8.409
8.411
9.207
7.708
9.807
8.410
7.813
9.406
9.509
7.705
9.809
8.406
9.310
9.308
8.682
9.646
8.007
9.206
9.909
9.174
8.409
8.514
9.109
9.911
9.307
8.210
9.406
9.907
9.307
9.059
8.403
7.908
7.506
7.708
8.110
9.823
8.808
8.709
9.107
8.308
8.909
9.006
9.208
8.407
8.407
8.009
7.910
8.911
9.909
8.007
8.242
8.209
9.006
9.810
8.208
8.209
8.210
7.508
8.209
10.008
9.208
9.112
7.808
9.208
9.320
8.708
9.206
8.074
9.914
8.434
9.004
8.910
7.608
8.410
9.808
8.528
8.910
7.907
10.010
8.976
8.406
8.318
9.809
7.509
8.007
7.910
8.406
8.707
7.905
9.111
8.908
9.906
8.111
9.410
9.008
7.511
8.009
8.308
8.209
7.808
9.509
10.011
9.510
9.618
8.307
9.413
8.044
9.919
10.031
8.102
8.709
8.314
8.905
8.409
8.507
9.709
8.809
9.416
8.506
9.408
8.408
7.561
9.209
9.213
9.506
8.406
9.214
10.009
9.408
7.607
8.008
8.809
7.512
10.007
8.306
8.307
9.509
9.110
8.310
9.508
9.709
9.507
7.910
8.808
8.012
9.010
8.607
9.509
8.307
9.811
8.809
9.510
9.907
8.211
8.606
9.507
9.309
8.007
9.412
8.605
8.109
9.908
7.610
8.109
10.062
8.611
9.108
9.506
7.629
9.911
9.109
7.510
9.505
9.508
9.009
10.009
8.409
7.508
9.408
9.509
10.010
8.331
8.936
10.005
9.207
7.607
9.413
8.404
8.107
9.010
9.811
8.705
8.808
9.908
9.511
9.009
8.693
8.509
8.608
8.807
8.509
7.607
8.810
7.965
9.808
7.710
8.010
8.205
7.910
9.918
7.806
8.009
8.411
9.410
8.009
7.506
9.507
9.909
8.506
7.706
8.806
8.484
9.006
7.809
8.407
8.508
9.507
9.512
9.783
8.208
8.208
8.211
8.508
9.706
8.810
8.209
7.508
9.410
9.111
8.160
9.403
9.409
8.711
7.704
8.707
9.207
8.010
8.408
9.206
9.284
8.507
8.010
7.506
10.008
8.515
8.606
8.608
7.912
8.006
8.310
8.808
9.009
9.210
9.811
8.806
7.910
7.907
8.907
10.010
9.809
9.515
9.404
9.309
8.311
9.814
8.208
10.010
7.713
9.109
9.210
9.411
7.511
9.912
9.614
7.671
8.510
8.111
8.809
9.109
8.708
9.613
7.810
7.809
8.909
7.507
9.109
9.312
8.106
8.112
9.507
7.812
7.811
8.812
9.709
8.610
8.711
7.813
8.636
9.012
9.409
7.908
8.511
9.608
7.707
8.111
9.710
8.910
8.911
8.610
7.937
7.704
8.122
8.213
8.006
9.706
8.209
9.915
9.004
9.005
7.911
8.412
9.409
8.208
9.906
9.009
9.612
8.711
9.511
8.107
7.609
8.810
8.708
8.922
8.510
9.108
9.717
8.102
7.908
8.507
9.309
8.309
8.807
7.512
9.003
9.311
9.808
9.908
9.310
8.906
8.813
10.007
10.010
8.109
8.314
10.008
9.811
7.808
8.640
9.410
8.607
9.007
8.359
9.809
7.808
9.308
8.813
10.011
10.006
9.212
8.407
9.411
7.608
9.910
9.609
9.312
9.408
9.311
9.111
8.609
8.308
8.109
8.509
8.222
8.912
9.411
8.109
8.709
9.782
9.304
8.209
8.513
8.203
9.108
8.207
8.708
8.309
9.805
8.610
8.408
9.108
9.709
7.709
9.306
9.809
9.910
8.512
9.109
9.309
7.609
7.808
7.610
8.207
8.910
8.588
9.807
8.410
9.407
8.413
8.213
8.802
9.207
9.221
9.510
8.409
10.007
8.307
9.209
9.786
9.609
7.606
8.908
9.407
7.807
8.108
9.110
7.806
9.209
8.107
9.910
9.508
8.527
7.607
7.822
7.519
8.613
7.511
8.415
8.106
8.709
9.310
9.411
8.012
8.508
9.008
9.002
8.626
9.802
8.207
8.410
9.387
8.308
9.809
8.708
8.911
8.109
7.910
9.208
9.810
8.610
9.210
9.407
9.810
9.370
9.909
10.008
8.108
7.515
8.510
8.708
8.908
7.709
8.108
9.609
8.909
9.609
8.656
10.010
9.608
9.409
8.512
8.809
7.609
8.508
7.608
9.009
9.108
8.108
8.419
9.009
9.463
7.708
8.308
9.331
9.610
8.307
9.409
7.607
8.508
7.808
9.008
10.007
8.209
9.808
9.511
9.710
9.415
8.109
9.808
9.113
7.608
8.306
8.011
7.710
9.307
8.501
9.508
8.509
9.208
8.008
10.010
8.607
8.208
8.408
7.909
7.908
9.208
9.811
8.210
7.811
7.782
9.808
7.708
8.410
9.509
10.009
8.009
9.059
8.211
8.008
8.056
8.310
8.809
8.807
8.708
8.208
9.708
8.107
9.208
8.808
8.607
9.108
10.009
9.625
10.004
8.008
10.008
9.359
7.748
8.207
9.607
8.109
7.908
7.510
9.009
7.506
7.648
9.808
9.308
8.309
7.709
9.807
9.311
9.207
8.710
7.907
7.506
8.366
8.808
9.209
9.606
9.909
8.412
9.506
9.610
8.547
10.007
9.611
7.907
7.807
7.709
7.607
8.610
8.349
7.608
7.609
8.509
7.712
7.503
7.709
8.708
7.709
7.722
7.907
9.407
8.909
8.613
9.408
10.022
9.893
8.707
9.506
9.922
9.807
9.207
9.507
8.408
9.352
9.008
9.011
9.908
9.416
9.114
8.403
7.812
9.506
8.752
8.810
9.908
8.708
9.314
8.611
8.908
9.553
9.206
8.411
8.508
7.709
7.906
8.408
7.706
9.308
8.108
7.610
9.006
9.811
9.609
7.506
9.209
8.708
9.008
9.007
8.208
8.109
7.608
8.507
7.508
8.807
10.008
7.507
7.508
9.411
8.653
9.106
9.009
8.007
7.510
7.507
8.414
7.910
8.609
8.709
10.012
9.206
8.806
9.107
9.111
8.509
9.214
8.302
9.708
8.108
10.008
7.808
8.910
7.508
9.008
9.107
9.015
9.117
9.208
9.197
8.509
7.907
8.110
10.009
8.609
8.107
10.006
9.609
8.808
8.808
8.208
8.709
7.907
9.713
7.725
9.802
8.191
9.593
8.005
7.909
7.908
8.153
8.408
9.307
8.210
9.910
8.607
9.809
8.906
7.907
8.812
9.910
8.506
9.409
7.507
9.709
7.706
10.012
9.209
9.100
8.908
7.514
7.616
9.605
9.907
8.009
9.308
7.908
7.607
9.827
8.507
8.008
8.008
9.408
10.009
8.709
9.206
8.726
8.636
8.196
9.108
9.909
8.109
7.811
9.508
8.115
10.011
9.708
8.207
9.308
8.607
9.918
9.503
8.909
9.408
9.335
9.609
8.607
9.908
9.768
8.508
8.307
7.810
9.008
7.610
7.809
7.914
9.311
9.206
9.405
7.230
8.503
8.911
8.209
8.806
8.309
9.007
8.908
7.917
10.007
8.121
9.205
9.808
7.709
8.060
9.107
9.510
7.509
7.610
9.509
10.008
8.608
7.708
7.708
7.707
8.010
8.208
8.110
10.019
7.607
9.712
7.511
8.611
8.716
8.312
9.928
9.715
10.010
8.709
7.710
9.914
9.510
9.409
9.859
9.709
7.511
8.810
9.320
7.709
9.116
8.701
7.806
7.810
9.185
8.326
8.112
9.608
9.007
8.913
9.507
9.108
8.509
9.507
7.812
9.715
7.899
7.609
9.509
7.907
9.011
9.706
7.907
8.409
9.007
7.709
8.208
9.210
9.212
10.008
9.710
8.504
8.811
10.007
8.829
7.809
8.209
9.608
7.508
10.008
8.509
9.508
9.208
9.801
9.207
9.608
9.607
9.609
9.909
9.008
10.007
8.907
8.707
8.125
9.810
7.808
8.508
8.210
9.807
7.867
8.309
9.408
8.811
9.706
9.308
7.807
7.615
7.708
7.508
7.909
7.608
8.716
9.905
9.308
8.410
9.006
9.008
7.916
8.606
8.908
9.608
8.711
7.708
8.410
9.509
7.608
9.093
8.107
8.309
8.706
8.508
9.207
8.008
10.047
9.009
10.008
7.905
9.313
7.606
8.012
9.707
7.708
9.410
9.608
9.809
7.707
8.710
8.706
8.307
10.010
7.507
7.908
8.909
7.713
9.021
8.511
8.106
7.909
9.208
8.908
9.110
7.606
8.208
9.808
7.707
9.717
9.808
8.207
9.209
7.610
8.908
8.810
8.010
8.207
8.507
7.722
8.709
10.009
9.110
9.507
9.910
9.207
7.508
8.910
9.608
9.110
10.084
7.806
9.523
9.108
9.311
8.807
9.208
7.609
8.512
9.612
7.504
8.409
7.708
9.213
8.707
9.106
8.108
9.210
7.510
9.208
9.607
8.707
9.107
8.609
8.119
9.110
7.907
8.407
8.008
7.707
10.007
7.908
8.009
9.607
9.510
10.006
8.506
8.814
7.807
9.606
8.308
7.808
8.107
8.810
9.708
9.507
8.007
7.710
8.611
8.008
9.412
8.307
9.208
8.606
9.709
7.508
7.708
7.795
8.607
8.209
8.107
8.509
8.608
8.708
8.208
8.209
8.809
9.308
9.514
9.106
9.008
7.962
9.609
9.908
9.208
9.209
9.313
9.804
9.507
8.007
7.909
8.810
9.106
9.807
10.008
8.710
9.902
7.808
8.956
8.410
8.507
9.863
9.620
9.612
8.604
8.011
7.713
9.977
9.905
9.910
9.212
8.845
7.710
8.708
8.806
9.709
8.169
8.207
9.409
7.508
8.907
9.810
9.008
7.907
9.611
9.108
9.307
9.610
9.406
8.408
8.111
7.812
8.103
7.607
7.505
9.208
8.308
7.932
9.012
8.096
7.718
8.310
9.712
8.209
9.806
8.410
7.808
7.803
9.316
9.911
8.009
8.108
9.799
9.521
8.617
9.597
8.820
7.809
9.111
8.097
8.707
9.810
8.715
9.317
7.510
8.700
8.607
8.310
9.413
7.806
9.010
9.616
8.609
8.600
7.923
8.493
9.707
8.407
9.011
8.911
8.417
9.518
9.710
8.200
9.206
8.415
7.985
7.909
8.816
9.698
8.710
7.619
9.610
9.905
9.820
9.760
8.800
8.217
8.099
8.117
8.722
9.604
7.812
9.901
8.323
8.306
8.508
8.193
9.408
7.509
9.709
7.811
9.507
9.407
8.709
8.610
7.900
9.122
9.200
9.408
8.918
7.909
9.608
8.499
7.719
9.408
8.112
9.085
7.701
8.907
9.609
9.020
8.499
10.019
9.000
9.508
8.421
9.998
7.819
7.898
10.010
7.611
8.209
9.507
9.707
9.620
8.194
7.612
8.608
10.012
9.525
7.700
7.813
9.212
8.706
8.199
8.521
9.510
9.800
9.011
8.317
9.513
7.908
9.506
9.609
9.599
9.219
8.108
9.572
9.518
8.602
9.522
9.800
9.308
9.121
9.595
9.116
9.810
9.609
7.610
9.900
9.219
8.009
7.809
8.421
9.218
8.595
9.597
8.619
8.501
8.520
9.622
7.949
9.121
9.099
7.707
8.609
8.211
8.391
8.108
7.808
9.610
7.709
7.607
8.909
9.312
9.604
7.908
9.208
9.308
8.208
9.308
8.408
9.010
9.608
9.309
8.109
8.106
8.907
9.509
9.109
9.909
9.111
9.821
9.208
8.106
10.011
7.708
9.109
8.409
8.315
9.410
8.007
8.767
9.508
9.608
8.109
9.206
7.614
7.510
8.409
8.509
9.309
9.413
10.014
8.810
8.809
8.311
9.515
7.611
7.711
8.706
7.710
9.507
8.409
9.458
7.509
8.597
9.605
9.107
9.511
8.105
8.532
7.598
9.509
8.216
9.707
7.608
9.910
10.110
7.607
8.213
8.408
9.406
7.708
8.608
8.106
9.110
9.406
7.710
9.213
9.806
9.208
9.609
9.206
7.708
8.911
9.407
8.809
8.708
8.507
8.409
9.508
9.706
8.510
8.906
7.907
8.309
9.028
7.736
8.397
9.308
8.707
9.307
8.609
8.932
8.000
9.506
7.908
9.909
9.908
9.908
9.807
9.009
9.408
8.908
9.322
8.507
8.342
8.208
9.911
9.507
9.109
9.359
9.309
7.708
8.107
9.712
8.706
9.907
7.608
9.610
9.106
8.809
9.012
7.910
7.623
9.628
7.504
8.313
9.608
9.907
8.367
9.422
9.102
7.808
8.407
8.508
9.008
9.409
9.208
8.810
8.808
8.410
8.006
8.210
8.806
8.909
7.909
10.077
8.908
8.211
9.551
7.910
9.509
8.444
8.507
9.813
7.906
8.508
8.217
7.706
8.608
9.040
9.610
7.808
9.708
7.912
8.804
8.508
7.508
8.123
9.909
8.815
9.011
8.010
9.855
7.708
9.610
7.607
7.608
8.410
8.399
9.808
9.107
7.907
8.166
7.510
7.608
8.906
8.794
8.607
9.209
7.508
7.507
8.715
7.901
9.807
9.310
9.108
8.311
9.311
9.792
8.307
8.309
8.810
8.807
8.009
9.014
8.405
8.309
9.319
9.507
9.310
9.011
8.512
9.908
9.808
8.807
7.607
8.709
7.517
8.714
7.828
7.511
9.008
9.209
7.808
8.709
8.707
9.610
9.508
8.108
9.210
7.708
8.913
7.960
9.307
9.608
9.644
7.820
8.007
8.812
9.896
10.008
7.910
8.328
9.810
7.808
9.609
10.009
9.317
9.805
8.608
9.808
10.008
7.510
9.008
7.909
9.006
7.607
10.008
8.420
8.409
9.308
8.907
7.508
9.910
8.109
9.610
9.427
8.402
7.807
8.310
8.107
7.707
8.909
9.108
7.707
9.210
8.805
7.609
8.610
8.507
8.909
8.409
8.407
9.208
9.908
9.007
8.109
7.609
8.907
9.210
8.507
8.310
8.007
8.508
8.108
8.807
8.308
7.610
9.913
8.816
8.609
8.211
9.209
10.008
9.816
9.402
9.408
8.701
9.709
7.906
9.807
8.807
8.808
8.407
8.122
8.647
9.909
8.707
8.907
9.009
8.007
7.607
9.810
8.807
8.808
8.110
7.509
9.808
8.209
10.006
8.508
9.409
8.113
7.703
9.507
8.006
9.843
8.806
9.308
9.714
9.308
9.106
8.474
8.010
10.007
9.008
9.409
9.808
7.807
8.407
8.909
8.307
8.574
8.740
9.608
9.911
9.506
9.908
9.608
7.613
9.813
8.303
9.732
8.007
8.710
9.207
8.709
8.607
8.108
8.009
8.208
9.910
9.607
9.308
8.108
9.709
8.207
7.608
9.608
8.708
8.506
8.507
9.611
9.861
9.904
9.386
9.609
9.308
9.114
9.308
9.610
9.008
7.708
9.509
9.709
8.908
8.607
8.410
7.509
9.406
9.111
8.404
9.507
8.808
7.708
7.509
8.411
8.609
7.806
7.908
9.907
8.832
9.098
9.602
8.510
8.997
9.006
8.242
8.212
8.105
7.709
7.909
9.809
7.906
9.908
9.706
9.609
8.607
8.207
9.808
7.906
9.811
8.107
10.008
8.496
8.513
7.508
9.609
9.707
7.818
7.606
9.709
9.208
9.311
9.205
7.809
8.107
8.307
8.808
9.007
9.109
9.010
9.408
9.004
9.608
9.408
8.708
9.108
7.911
9.407
9.005
8.510
9.308
9.707
8.408
7.709
8.307
8.408
10.008
7.906
9.009
7.513
7.703
8.308
9.308
9.608
8.607
7.609
7.908
9.908
9.107
9.507
9.009
8.608
8.506
8.610
7.908
9.707
7.808
8.566
9.207
9.409
9.507
8.409
9.208
7.808
8.808
7.608
9.011
8.714
8.303
7.919
8.806
8.510
8.706
8.214
8.103
10.008
8.308
8.707
7.508
7.508
8.107
9.009
8.608
9.409
7.707
9.208
9.207
8.309
7.607
8.409
7.805
9.708
9.308
9.716
7.609
8.306
9.809
9.308
9.519
8.007
9.909
8.412
9.305
8.507
9.209
9.910
8.708
10.088
8.505
8.713
7.711
9.314
7.809
8.808
8.809
8.308
8.209
8.011
9.309
8.354
9.108
9.610
8.113
8.306
9.409
8.508
9.107
9.309
7.910
8.813
9.904
7.809
9.707
9.110
9.011
9.010
9.110
7.609
9.208
7.810
9.010
9.411
9.709
9.611
8.308
8.507
7.808
9.008
9.209
9.808
7.510
8.210
9.508
8.310
9.208
8.847
9.308
8.511
8.006
10.008
10.049
8.009
7.711
9.812
9.808
9.207
8.807
9.009
9.610
7.907
9.414
8.509
10.009
9.123
8.037
8.208
7.709
8.507
10.008
9.609
8.208
10.015
7.704
7.608
8.214
9.609
9.108
7.711
8.210
9.907
7.609
8.108
7.808
8.010
7.909
7.808
9.710
9.209
9.308
9.408
9.810
8.708
7.908
9.907
7.908
8.611
8.207
8.110
9.717
8.111
7.806
8.018
8.209
8.008
8.409
9.007
7.708
10.009
9.409
8.515
9.810
9.707
9.389
7.868
7.809
9.711
8.107
7.610
9.007
9.909
9.610
8.915
8.708
10.010
8.709
9.112
8.503
9.714
9.902
8.309
7.797
7.606
8.910
8.511
8.308
10.008
7.641
8.608
9.910
9.708
9.810
9.706
9.509
9.010
7.608
9.808
8.907
8.212
9.909
8.007
8.241
9.409
9.707
9.508
9.510
8.510
8.704
8.068
8.105
8.609
9.008
8.409
8.708
8.009
9.608
9.810
7.908
9.709
8.508
7.809
9.308
8.210
7.606
8.708
9.907
7.908
8.609
8.909
8.639
8.408
9.508
9.309
7.807
9.113
9.001
9.803
7.707
7.611
7.905
8.408
8.707
9.710
9.309
7.506
7.614
8.808
9.809
8.308
8.610
8.209
8.809
8.009
9.108
9.108
9.409
9.209
9.508
7.908
8.010
8.007
8.808
7.609
10.010
9.309
9.409
8.909
9.308
9.802
9.202
9.907
8.009
8.008
9.511
10.009
8.009
9.944
8.902
8.008
8.110
10.008
8.906
9.408
8.109
8.008
8.638
10.008
9.908
8.008
7.808
7.814
8.740
9.307
8.208
8.608
8.810
7.510
7.609
8.008
9.908
9.309
8.008
7.862
9.805
7.525
7.909
8.007
7.508
9.310
8.708
8.306
9.409
7.509
7.806
10.009
8.229
8.911
9.910
8.013
9.403
7.808
8.610
8.010
9.910
9.308
9.308
8.606
9.509
9.509
9.309
9.408
8.910
9.808
9.911
8.906
10.008
7.808
9.609
7.608
9.609
8.207
8.408
9.010
8.209
8.709
8.910
9.208
7.510
9.008
9.908
9.608
9.509
8.608
7.508
9.309
7.900
9.619
7.805
7.507
9.208
9.808
9.411
8.006
9.809
9.408
9.608
9.910
9.708
9.109
7.507
9.359
9.834
8.610
8.407
8.208
9.912
10.020
7.505
7.505
8.908
9.914
9.708
8.409
8.507
9.908
7.826
9.007
9.409
8.408
9.210
8.509
8.107
8.765
9.310
8.006
8.108
9.009
7.917
7.703
8.109
8.108
9.509
8.009
9.207
8.009
8.908
9.209
8.075
8.908
9.307
9.611
9.008
8.909
7.908
7.609
8.914
8.501
9.309
8.308
9.408
8.506
9.509
10.009
9.907
8.909
8.207
7.908
7.907
8.609
8.207
8.707
9.409
7.809
9.210
8.515
8.608
8.309
7.708
9.108
9.911
9.708
8.611
8.807
8.710
9.337
9.109
7.578
7.709
8.606
8.334
9.609
9.809
8.064
9.710
9.609
9.408
7.811
7.507
10.008
9.109
8.409
8.609
8.606
8.910
8.131
9.708
10.010
9.010
7.509
9.008
8.808
9.915
7.861
7.808
8.509
9.610
9.407
8.509
10.010
8.108
9.609
9.508
7.808
7.508
9.312
10.009
9.608
9.909
7.678
9.609
9.107
8.707
8.309
7.710
7.706
8.808
9.909
7.709
7.709
7.513
9.455
9.311
9.953
9.705
9.608
8.309
9.414
9.109
9.509
9.310
9.807
9.009
8.910
7.709
9.007
8.207
7.610
8.606
8.019
7.908
8.119
9.809
9.308
8.907
10.009
9.640
7.908
10.008
9.816
8.404
10.012
9.307
7.510
10.009
9.013
9.609
8.408
8.508
8.999
7.908
7.808
8.647
9.407
9.208
8.807
8.607
7.508
9.210
9.712
8.209
9.809
7.905
8.008
9.109
9.509
7.905
8.629
7.511
8.111
8.512
8.407
8.006
7.711
8.611
8.207
9.421
8.407
9.308
7.909
9.810
9.709
8.407
8.507
9.308
7.707
10.007
7.807
7.810
9.310
7.609
8.712
9.109
8.209
9.214
8.303
7.808
9.909
9.660
7.909
7.915
8.204
9.011
8.609
8.609
7.510
9.509
8.014
8.409
8.808
8.608
8.309
8.607
9.710
9.309
7.809
9.909
9.515
8.309
7.807
8.710
8.608
9.127
7.902
9.384
8.339
8.906
9.915
8.408
8.611
7.709
9.005
9.308
9.408
7.810
7.910
9.407
9.810
8.614
8.050
8.507
9.912
9.013
9.908
9.509
8.307
7.608
9.306
7.913
8.703
9.910
9.307
9.809
9.108
9.807
9.313
10.015
8.807
9.307
8.609
10.012
9.509
7.509
9.409
9.009
7.810
9.812
8.308
7.809
8.308
9.009
9.009
8.109
8.008
8.808
7.713
9.004
9.207
9.610
9.410
7.808
9.608
8.808
7.709
8.609
8.547
9.796
8.710
7.509
8.909
9.809
10.009
8.508
7.506
9.311
10.011
7.807
9.308
8.509
8.308
7.707
7.608
9.921
8.614
8.105
8.607
8.809
9.810
7.707
8.509
9.308
8.208
8.005
8.130
8.707
9.107
9.309
8.309
8.010
9.307
10.009
7.708
9.423
8.409
7.707
8.708
8.687
8.305
8.109
9.611
9.108
8.310
9.907
8.908
9.408
8.006
7.709
8.417
7.707
8.108
9.408
9.652
8.909
7.606
7.808
7.711
9.407
9.608
8.509
9.908
8.907
8.410
7.609
8.209
9.608
8.007
9.610
8.108
8.809
7.708
7.896
8.107
8.708
7.809
9.511
8.207
8.307
9.911
9.108
8.807
8.007
8.713
8.506
9.613
9.007
8.808
9.810
8.307
8.310
8.407
8.208
9.908
9.699
8.509
8.202
9.108
9.010
7.811
9.904
8.010
8.208
7.808
8.609
9.407
8.112
8.208
7.707
9.207
8.109
9.624
8.119
8.811
8.470
9.109
8.522
9.898
8.009
8.410
8.111
9.104
9.311
9.009
9.006
9.006
7.609
9.713
8.218
9.207
7.608
8.008
9.987
8.392
8.511
8.409
7.808
9.407
9.309
8.307
8.513
7.509
7.809
9.310
8.827
8.737
8.308
10.011
8.508
9.009
8.308
9.309
8.106
7.808
8.513
9.506
9.311
8.632
9.326
7.506
7.907
9.707
8.208
7.710
8.105
9.508
8.808
8.508
8.809
8.126
9.505
10.007
8.308
9.812
9.208
9.910
8.609
7.607
9.823
9.808
9.387
8.401
9.008
9.908
8.607
10.009
9.607
8.007
8.810
9.008
8.209
9.210
8.605
9.008
9.506
9.322
8.448
8.408
7.909
9.908
9.207
9.907
10.010
7.511
9.610
9.109
9.908
8.308
9.409
9.903
8.022
8.618
8.011
9.711
8.610
9.308
9.910
8.108
9.911
8.607
9.709
8.008
7.708
8.208
9.710
9.909
7.608
8.209
8.309
8.015
8.082
10.010
7.809
7.913
7.608
7.535
9.705
10.012
8.311
9.258
9.803
9.008
7.909
7.907
8.909
9.110
9.808
8.714
9.705
9.607
10.011
9.509
7.710
7.810
7.908
10.009
7.709
8.009
8.109
8.710
8.610
8.909
8.809
9.109
9.308
9.009
9.422
9.207
9.110
7.866
8.310
8.809
9.408
9.009
9.508
8.212
8.011
9.205
9.604
7.809
8.907
9.709
9.909
9.109
10.007
7.908
9.008
7.606
8.408
9.909
9.008
9.709
8.709
7.809
9.007
8.109
9.308
8.308
9.827
8.502
8.808
8.315
9.910
8.113
9.807
9.307
9.009
7.908
8.609
8.708
8.208
10.008
8.310
8.209
9.007
8.310
8.609
8.208
8.702
9.807
8.009
7.847
9.608
9.208
8.127
8.706
9.809
7.507
9.509
9.807
8.509
8.342
8.003
8.509
9.108
7.908
7.909
8.398
8.408
9.017
9.703
9.208
8.908
8.007
7.609
8.132
9.009
8.910
8.808
7.714
8.811
9.338
8.009
8.408
8.608
8.816
9.605
8.506
8.809
9.313
8.207
7.510
7.715
8.908
8.507
9.522
9.508
9.209
7.708
7.911
8.310
10.010
9.710
9.807
8.107
10.010
8.007
9.609
8.806
9.310
9.809
7.811
8.707
8.448
8.275
9.810
9.303
8.409
8.209
8.310
7.809
9.205
8.307
8.008
8.008
9.510
7.508
7.508
8.608
7.908
7.917
9.505
7.809
7.808
9.409
8.609
7.608
9.913
8.110
9.207
9.308
8.108
9.508
7.914
8.803
8.308
7.841
8.048
9.421
8.709
9.009
9.811
7.897
9.806
7.908
8.608
9.527
8.102
8.808
8.268
8.606
9.410
7.807
9.146
9.813
9.908
7.907
10.010
9.909
8.508
9.308
9.113
9.316
8.909
9.708
8.009
9.708
7.608
8.807
9.309
9.167
7.708
9.209
9.409
7.709
9.608
8.109
9.709
7.907
9.408
8.008
9.209
8.808
8.409
8.211
8.608
8.208
8.607
8.510
8.310
9.905
8.007
9.910
9.311
9.406
9.810
7.508
9.309
7.508
9.014
8.503
9.108
9.208
7.608
8.707
9.609
9.969
9.309
9.409
7.707
8.909
10.008
9.409
7.808
8.509
7.809
8.908
9.421
9.104
7.507
7.610
9.109
8.008
7.716
8.404
10.007
7.611
8.608
9.207
7.616
7.505
7.808
9.310
9.406
7.909
8.191
9.008
7.708
7.508
8.309
8.209
8.907
8.409
7.567
9.208
9.614
8.003
8.208
9.007
9.753
8.509
9.109
8.909
9.007
9.509
9.892
9.108
9.607
8.507
8.409
10.008
8.508
8.731
9.405
7.909
9.382
10.007
9.693
9.808
10.009
8.009
7.907
8.909
9.020
8.104
8.209
8.509
8.710
9.208
7.608
8.508
7.608
9.509
9.912
9.307
8.908
9.911
8.408
8.716
8.508
9.509
8.607
9.610
8.216
7.910
7.609
10.013
7.814
9.710
9.909
7.927
7.608
7.708
9.514
9.311
8.614
7.907
8.070
9.807
9.609
8.108
8.410
9.709
7.508
8.406
9.110
9.208
8.411
10.016
8.007
9.510
9.711
9.112
9.008
7.809
9.709
9.312
7.904
7.610
8.906
7.807
8.009
9.094
8.133
7.502
8.511
9.310
7.907
9.008
9.008
7.606
9.810
7.509
10.008
7.509
8.709
9.009
9.408
9.614
9.208
9.909
9.009
8.808
9.108
8.110
9.308
8.710
9.908
9.743
9.010
8.906
7.605
9.710
8.108
8.410
9.908
9.114
7.610
7.909
8.210
9.408
8.008
7.907
9.608
7.909
7.907
8.216
9.801
9.807
7.809
8.808
9.609
9.509
7.707
8.812
7.810
9.507
10.006
7.808
9.389
9.170
9.503
9.509
8.807
7.507
7.811
8.608
9.139
7.901
9.110
10.011
10.012
9.614
7.807
9.608
7.709
8.511
7.710
9.911
8.409
8.209
8.810
8.208
7.912
9.012
9.510
8.207
8.609
9.708
8.708
7.808
8.709
8.111
9.809
10.008
8.110
7.517
8.609
9.908
8.208
7.609
10.009
8.309
9.911
7.807
7.810
7.521
9.009
8.308
7.509
9.908
9.106
8.803
8.008
9.608
7.909
7.712
7.904
9.009
9.945
9.208
9.408
8.509
10.008
9.309
8.709
8.312
9.407
9.828
8.305
7.709
7.510
8.308
8.713
9.911
8.810
9.108
7.607
7.706
7.512
7.856
7.708
9.210
9.406
8.307
8.809
9.807
8.803
9.209
9.011
8.520
8.546
8.614
9.709
8.706
7.712
8.306
9.558
9.869
8.009
7.707
10.009
8.208
8.710
8.908
8.309
10.014
7.903
8.410
7.811
8.108
8.706
8.122
9.876
8.009
9.110
8.709
8.008
7.709
8.110
9.509
8.996
9.100
7.907
8.508
7.711
8.398
9.411
9.910
8.126
7.508
7.809
8.208
8.311
9.013
9.615
9.139
9.211
7.635
10.002
9.518
8.206
8.808
7.517
8.011
9.607
9.307
9.414
7.508
9.507
10.051
9.706
8.316
9.167
7.708
9.409
9.507
8.510
8.992
9.609
9.108
8.978
9.911
9.906
9.711
9.006
9.699
9.038
7.791
9.803
8.860
7.808
7.908
7.610
7.807
8.608
9.909
9.708
8.010
9.903
9.309
7.908
9.604
7.811
9.710
9.708
9.708
9.410
8.309
8.506
8.908
10.010
9.907
8.908
10.010
9.808
7.807
9.509
8.407
8.707
9.208
10.010
9.009
9.906
7.510
9.527
8.613
9.903
9.309
9.109
9.907
8.612
9.810
9.509
8.907
9.609
9.307
8.709
9.108
7.508
9.910
8.108
10.009
9.907
9.509
7.508
9.608
7.509
9.609
8.209
8.907
8.908
8.109
7.808
8.714
8.301
10.010
9.913
8.307
9.309
9.108
8.313
8.007
9.009
7.790
9.410
8.807
9.507
8.211
7.807
9.507
8.212
8.707
9.746
7.990
8.117
9.714
7.817
8.301
9.410
8.506
9.908
8.544
9.313
7.795
9.716
7.508
7.811
9.715
8.496
9.616
9.010
9.417
7.596
8.100
9.510
9.614
9.402
8.917
7.901
9.817
8.500
8.676
8.407
8.297
9.124
9.200
8.222
9.604
7.703
7.709
8.008
7.708
8.710
9.818
8.104
8.633
10.008
8.399
8.223
8.409
8.107
9.901
7.634
8.282
8.009
9.619
8.000
9.910
8.615
8.400
9.808
9.926
9.496
8.318
8.108
8.698
7.717
9.011
8.499
8.108
9.318
9.010
8.308
7.907
9.015
8.910
9.010
9.098
10.012
10.018
7.501
8.005
9.820
7.806
8.806
7.913
7.613
9.328
8.010
8.900
7.807
7.714
8.710
9.804
8.832
9.614
8.705
9.209
8.512
9.707
9.811
7.716
8.804
8.216
8.411
7.902
9.719
7.509
9.602
9.634
10.009
9.808
7.818
9.999
7.508
9.309
8.011
7.616
8.802
8.508
9.108
9.117
9.012
7.898
9.116
7.701
7.609
7.708
9.410
8.731
7.496
9.318
9.101
8.819
10.004
7.621
9.517
9.796
7.716
9.009
9.613
7.599
8.709
7.518
7.698
8.924
9.310
8.309
9.299
8.006
9.309
8.588
9.713
8.209
8.907
8.707
8.698
9.109
9.113
8.106
7.909
9.123
7.503
9.708
8.007
7.709
9.907
7.610
10.010
7.510
9.111
9.707
7.808
7.909
9.800
8.308
9.611
9.006
9.109
8.827
9.719
8.508
9.807
9.308
9.507
8.809
8.110
8.008
8.031
9.703
8.909
8.406
8.908
8.907
8.310
9.706
9.109
8.109
9.844
9.109
8.308
9.107
8.908
8.814
9.712
8.603
9.608
9.209
7.707
8.612
7.909
7.507
9.908
7.808
9.607
9.315
9.206
7.608
9.807
9.710
7.508
8.608
8.307
9.110
7.708
9.105
8.908
9.307
9.913
8.707
8.507
8.148
7.913
10.007
9.608
7.506
8.710
9.210
9.510
9.105
7.909
9.926
9.102
7.707
7.908
8.609
9.509
9.606
9.011
9.506
9.416
9.014
8.225
7.808
8.207
8.408
9.609
9.708
7.707
9.411
8.508
8.908
7.609
8.908
8.809
9.807
9.110
7.607
9.109
8.508
9.207
9.509
8.696
8.506
10.008
9.207
9.608
9.409
8.909
8.514
9.004
8.208
7.608
10.007
8.809
8.407
8.306
8.307
8.010
8.708
7.907
9.008
7.607
8.007
8.009
9.107
7.909
9.607
9.307
9.509
8.307
8.608
9.208
9.608
9.608
9.108
8.708
9.410
8.606
7.509
7.807
7.609
8.407
8.006
7.509
9.708
9.105
8.509
8.009
9.647
10.006
8.607
8.707
7.509
9.108
9.208
9.307
9.808
8.909
8.708
9.407
9.707
7.508
8.510
9.209
9.606
7.508
8.079
8.909
8.910
8.009
9.510
9.007
9.207
7.609
9.213
8.811
9.205
7.807
9.508
8.708
7.708
8.053
9.950
7.908
9.908
9.007
10.009
9.808
7.810
8.608
9.107
7.708
8.611
7.805
9.608
8.410
7.809
7.606
10.010
9.407
8.307
9.409
8.507
10.057
9.507
7.603
9.007
8.607
8.212
8.409
10.007
8.607
9.208
10.008
9.308
9.007
9.167
9.206
8.912
9.504
7.910
7.908
9.908
9.108
8.207
9.408
7.610
8.808
9.708
7.507
8.109
8.007
9.710
9.207
8.107
9.109
9.508
9.611
7.902
7.810
8.007
8.009
9.008
9.909
8.006
8.209
9.008
9.609
7.505
7.809
9.208
7.907
8.407
9.007
9.708
9.209
8.610
9.807
8.108
8.406
7.513
8.909
8.907
9.709
8.009
9.807
8.911
7.706
9.402
9.307
8.069
10.007
7.508
9.707
9.815
8.002
7.808
8.708
7.509
8.008
9.210
9.509
8.507
7.608
8.608
8.105
9.527
9.909
8.107
7.519
8.349
8.115
9.106
9.910
7.911
9.707
9.608
9.307
7.509
8.906
8.808
8.007
9.034
8.798
7.906
9.007
9.309
8.414
7.805
9.510
9.008
9.631
8.909
10.010
9.707
7.709
8.207
9.383
7.508
9.008
9.508
8.308
9.609
8.507
8.208
10.008
8.307
7.926
9.509
8.327
9.313
8.205
9.109
8.510
9.508
9.508
10.009
8.708
7.807
7.707
8.306
9.507
10.008
10.009
9.610
9.808
7.608
7.808
9.008
7.837
9.303
8.409
8.707
9.109
9.707
9.608
9.208
7.907
10.012
8.604
8.810
9.544
9.508
8.008
7.908
8.908
7.614
8.008
7.708
8.106
8.409
8.608
7.611
8.408
8.707
9.707
8.109
8.808
7.609
9.907
9.109
9.708
8.407
7.907
8.709
8.007
10.011
8.004
8.608
10.008
9.407
10.010
9.508
8.808
8.111
10.008
7.708
8.207
7.909
7.910
8.804
9.008
9.206
8.909
9.909
7.806
8.607
8.213
9.310
8.907
8.007
8.612
8.506
8.908
9.011
9.703
9.509
9.209
7.908
8.109
9.113
9.809
8.209
8.609
8.709
8.807
8.730
8.912
9.507
9.310
9.611
8.208
8.208
8.909
9.936
8.108
9.308
8.607
9.008
8.709
10.008
9.513
9.812
8.538
8.509
8.808
8.308
8.108
8.159
8.708
8.707
9.711
8.608
9.693
8.407
9.909
8.411
9.809
8.707
7.909
9.008
8.407
8.928
9.907
9.908
8.707
8.110
9.305
9.807
9.608
8.113
9.703
9.006
7.907
8.108
7.509
9.407
9.008
8.108
10.008
7.808
9.610
9.806
9.009
9.110
8.394
8.809
7.659
8.008
7.615
8.008
9.744
8.808
9.408
9.507
8.809
8.210
7.607
8.210
7.917
9.731
8.809
7.814
8.911
9.205
8.607
9.107
8.509
7.709
9.708
8.608
8.118
9.408
8.310
9.805
8.709
9.107
8.508
9.006
9.809
8.830
9.503
9.409
7.711
9.113
9.107
9.013
10.007
9.210
9.708
7.909
9.011
8.510
8.404
7.808
7.810
9.507
9.407
9.110
9.819
9.301
7.609
8.005
8.808
8.709
7.713
7.608
7.907
8.911
9.108
7.717
7.602
8.808
9.872
7.984
8.004
8.808
9.609
7.907
8.111
9.304
8.510
9.708
7.908
9.408
7.609
8.206
8.909
9.807
10.011
8.811
9.211
7.807
9.309
8.108
9.009
9.508
8.306
9.608
8.308
9.907
9.808
8.613
8.817
9.803
9.209
9.307
8.779
8.807
9.809
9.408
8.207
8.407
9.209
8.607
7.814
9.503
9.508
9.472
9.409
9.710
8.307
8.714
10.007
7.511
9.404
8.955
9.707
7.808
8.407
7.911
7.607
8.405
9.207
9.255
8.335
8.409
8.405
9.509
9.714
8.304
9.007
8.008
9.308
8.307
9.107
9.810
8.011
8.709
9.106
9.908
8.306
9.908
8.609
8.407
7.507
8.144
10.009
9.711
8.405
8.607
7.714
8.706
9.709
9.664
7.804
7.909
7.955
9.007
7.508
7.708
9.807
9.308
8.208
9.209
7.715
10.009
8.907
8.209
8.907
8.107
8.308
9.909
8.107
9.409
8.337
8.314
7.603
8.207
7.908
8.507
9.318
8.308
9.909
8.907
8.002
7.708
9.508
8.508
9.208
9.807
9.007
9.172
9.007
9.803
8.312
9.209
9.948
10.004
7.609
8.908
8.008
8.409
8.905
8.813
7.952
9.708
9.708
8.007
8.107
7.508
9.209
7.508
8.623
9.007
9.208
9.209
9.208
8.808
7.608
8.505
8.509
9.108
7.605
10.010
9.008
8.608
9.407
9.008
8.407
9.510
7.806
8.941
7.818
9.406
7.908
8.408
9.202
7.501
8.908
9.908
7.707
8.009
7.506
8.808
9.710
9.300
8.107
8.907
8.286
8.302
7.509
9.207
7.510
7.808
9.408
9.006
9.011
8.709
8.110
9.909
8.303
8.609
8.908
8.808
8.090
9.309
9.706
9.810
9.309
8.508
9.607
9.608
9.208
9.808
8.506
8.808
9.028
9.204
7.808
9.707
7.609
7.915
9.005
7.604
8.209
8.311
9.403
9.909
9.814
10.007
9.710
7.908
8.607
8.708
9.454
9.405
8.005
9.009
9.008
10.016
7.607
8.517
9.713
9.505
8.209
8.408
8.351
9.907
7.508
8.808
9.708
7.809
9.407
8.910
7.908
7.808
9.709
10.009
7.653
9.609
7.607
10.008
7.610
8.719
8.682
9.616
7.908
9.352
8.716
9.604
9.305
8.909
8.009
8.928
8.307
8.908
10.009
9.306
9.100
7.608
8.308
8.808
7.912
7.607
7.608
8.607
8.109
7.507
8.510
8.210
9.606
8.608
8.309
9.708
10.008
9.508
9.422
8.057
8.705
8.106
7.508
8.110
9.509
8.213
9.802
7.908
9.910
9.705
10.008
9.008
9.908
8.218
7.708
7.709
8.511
8.104
9.008
9.218
8.106
7.510
7.508
7.619
8.807
8.413
10.077
9.010
7.805
9.410
9.508
9.208
10.007
9.808
9.909
9.608
8.108
9.809
10.006
7.907
9.410
7.508
9.607
9.208
8.213
9.954
9.704
9.306
7.908
8.608
8.609
8.708
8.809
8.608
8.808
7.807
9.568
8.907
9.307
10.010
8.207
8.908
9.409
8.111
8.607
9.407
7.608
9.510
9.106
7.808
9.907
8.609
7.807
9.507
7.808
8.808
9.507
7.608
8.208
7.507
8.908
9.308
8.708
7.709
8.007
7.610
8.010
7.707
9.208
10.009
7.606
10.008
8.811
9.705
8.207
7.607
9.210
8.607
9.667
8.204
8.906
9.408
9.610
9.407
9.008
9.921
8.107
8.608
7.608
8.810
8.806
9.007
8.266
7.609
9.407
8.809
7.707
9.908
9.008
9.708
9.809
9.311
9.605
8.808
9.208
7.708
8.907
8.314
8.809
8.406
9.307
7.808
7.989
8.810
9.806
9.709
8.808
8.010
8.206
8.908
9.608
9.810
8.006
7.710
9.908
10.009
9.207
7.809
10.008
8.108
10.033
9.996
7.606
9.507
8.708
9.355
9.910
7.506
7.507
8.707
8.608
9.309
9.208
9.009
8.009
9.108
8.608
9.311
9.708
9.609
8.376
9.210
9.310
8.909
9.612
9.304
8.808
8.811
9.614
8.703
9.680
9.609
8.632
9.708
9.108
9.809
8.907
9.092
10.008
9.009
7.807
8.508
8.409
9.607
7.507
9.009
8.608
8.820
8.402
8.408
8.508
9.311
7.703
7.922
8.301
9.890
9.806
9.608
8.708
9.308
8.408
8.310
9.005
9.608
7.909
8.008
9.509
9.407
9.707
9.708
8.509
10.008
8.109
9.408
9.708
8.308
8.507
8.408
9.977
9.717
9.304
8.362
8.908
9.509
8.806
9.910
9.406
8.707
9.411
8.116
7.906
7.908
8.908
9.409
10.007
9.521
7.608
9.710
9.007
9.807
9.509
10.006
9.808
7.507
9.610
9.608
8.608
8.212
7.902
8.610
7.807
9.707
9.609
9.407
9.307
8.619
9.208
8.664
9.708
8.545
9.208
7.621
9.007
8.208
9.707
9.109
7.709
10.007
8.907
9.407
9.808
8.307
9.614
9.702
8.611
9.110
9.204
10.005
9.809
9.607
8.415
7.606
9.411
7.906
9.708
8.608
9.007
8.909
9.706
8.609
7.507
9.109
8.914
9.207
9.810
8.808
8.507
7.607
8.708
9.909
9.608
8.608
8.408
9.112
8.205
9.710
8.307
9.907
9.508
8.208
9.608
8.008
8.510
9.106
8.408
8.218
7.609
7.508
9.609
7.507
8.909
9.607
9.109
7.908
8.808
9.008
9.206
9.810
9.209
8.107
9.808
8.910
9.207
8.109
7.907
10.012
7.905
8.712
10.011
9.914
9.408
9.810
8.010
8.107
8.810
9.208
8.809
9.215
9.224
8.308
9.211
8.208
7.820
8.404
8.770
9.309
9.907
7.809
9.009
9.215
8.402
8.809
8.008
7.808
9.609
8.607
7.710
7.512
9.808
7.808
8.151
8.870
7.507
8.107
10.009
9.197
9.807
8.907
8.208
9.110
9.706
7.509
9.908
7.608
8.409
8.510
9.506
8.415
9.059
8.646
7.801
7.607
9.908
8.507
7.907
9.509
9.707
8.305
9.710
9.407
8.606
9.712
8.906
8.708
7.707
9.007
7.708
7.608
7.833
8.603
9.306
7.606
8.611
9.111
8.006
9.707
7.710
10.008
8.206
9.208
8.513
8.506
9.309
8.607
9.617
9.909
8.210
9.208
8.107
7.809
8.708
9.309
7.607
7.808
8.108
7.945
9.507
8.509
8.009
7.505
9.608
10.009
7.809
8.324
9.008
8.307
7.907
9.209
8.406
8.807
8.611
9.507
9.907
8.009
8.209
9.608
7.908
8.910
8.908
8.708
9.411
7.708
8.109
9.506
8.257
8.914
7.510
7.703
9.910
8.120
7.914
9.609
8.208
8.206
7.807
9.809
9.108
8.407
9.109
10.007
9.811
7.607
9.609
9.808
8.409
7.710
9.509
8.813
9.398
8.308
7.708
8.607
8.708
8.312
8.327
9.588
9.711
8.306
9.908
9.812
9.107
7.706
9.308
9.910
8.408
9.907
9.807
7.616
8.208
8.811
7.828
8.105
9.209
9.907
7.809
7.510
7.808
9.810
9.008
9.607
8.208
9.108
8.410
9.707
7.508
9.409
9.123
9.809
7.607
9.108
9.508
9.510
9.307
8.907
9.306
7.810
8.707
9.301
8.020
9.707
8.107
8.309
7.709
9.806
8.308
8.309
10.009
8.607
8.209
9.108
8.408
9.007
8.474
9.512
8.811
8.407
8.807
7.810
8.307
9.108
9.408
7.909
8.707
8.808
9.410
7.922
9.102
8.209
9.807
9.809
7.810
7.907
8.205
8.310
7.607
9.309
9.108
7.812
7.807
9.829
9.409
8.908
8.908
7.709
8.534
7.603
8.907
9.807
8.106
9.710
9.107
7.616
7.612
7.708
8.909
9.712
8.406
8.209
7.805
8.111
7.905
8.409
8.508
8.916
9.204
8.973
8.126
8.205
9.408
8.607
8.108
8.908
7.714
9.811
9.208
8.710
9.905
8.012
8.705
8.208
7.807
7.706
8.308
7.910
8.107
9.808
7.707
9.008
7.911
8.106
9.909
8.508
9.008
8.508
7.508
8.112
7.504
8.308
9.007
9.631
9.503
9.608
8.508
9.992
9.309
7.608
8.506
9.412
8.306
9.709
7.506
8.865
7.507
8.510
9.509
8.206
8.208
9.707
9.908
8.843
7.707
9.964
7.508
9.407
8.608
7.508
10.009
8.605
8.607
9.111
8.209
8.206
8.708
9.207
8.005
8.110
9.504
9.013
7.604
7.907
8.910
7.607
9.210
8.905
8.910
8.811
9.804
9.608
8.507
9.911
8.606
8.708
9.707
8.616
8.124
8.212
8.806
8.210
9.742
7.502
9.909
7.914
8.210
8.708
9.699
8.709
9.507
9.212
7.708
9.735
9.802
9.312
10.011
9.106
8.108
8.808
7.932
8.103
8.610
8.908
7.909
9.730
7.708
7.709
8.419
8.507
8.710
9.905
9.507
8.209
10.095
9.402
8.808
8.409
8.111
8.306
9.609
7.508
7.608
10.008
9.961
9.908
9.209
7.507
9.107
10.010
8.808
9.505
8.063
7.621
8.503
8.608
9.709
8.808
9.107
8.207
10.008
7.909
8.307
9.407
8.808
8.407
8.809
7.507
9.208
9.408
8.307
8.907
9.709
8.607
8.861
9.709
8.610
8.107
9.708
7.608
8.108
8.711
9.708
8.809
8.707
8.108
7.610
8.607
9.608
9.407
9.507
9.610
9.810
7.707
8.907
8.508
8.806
7.709
8.511
8.306
9.809
9.509
9.708
9.664
8.009
8.610
9.307
9.107
9.208
9.108
9.208
10.008
7.722
9.007
8.809
9.006
9.910
9.108
7.713
9.606
8.409
9.735
9.106
8.108
7.606
8.210
9.308
8.909
8.608
7.708
9.608
8.312
9.710
9.231
8.108
7.807
7.707
7.507
9.438
9.648
9.096
8.707
9.608
9.408
7.907
8.507
8.508
7.907
7.511
8.711
10.007
8.608
8.307
9.108
9.445
8.466
10.007
8.609
7.509
8.509
8.806
9.618
9.508
8.408
8.963
7.507
8.908
9.310
7.507
8.208
8.910
9.210
9.608
8.609
8.707
7.608
9.612
9.709
8.008
9.808
8.514
8.004
8.308
9.308
9.608
7.608
7.909
9.510
8.909
7.908
8.108
7.608
7.609
7.509
8.710
9.309
7.609
7.533
8.508
7.810
8.408
7.508
9.710
8.107
8.606
8.507
8.345
8.109
8.113
8.806
8.057
9.310
9.402
8.895
8.813
9.004
9.215
9.207
8.611
7.912
9.809
9.210
8.209
7.508
9.308
9.409
9.306
9.610
9.607
7.811
7.508
7.909
8.007
9.809
8.608
9.211
8.211
9.603
10.010
9.107
8.313
8.009
8.508
7.810
9.511
9.809
9.367
8.810
9.108
7.908
9.410
8.809
9.808
7.613
9.109
9.210
9.706
8.309
8.913
9.309
8.808
9.008
9.909
9.408
8.913
8.603
8.511
9.811
8.110
8.608
9.012
9.008
9.207
7.510
9.308
8.806
9.809
8.707
7.508
8.951
9.307
9.409
7.807
9.108
9.708
9.409
8.249
9.408
7.707
9.710
8.611
9.017
8.827
8.606
8.508
7.609
9.809
9.522
7.548
8.007
8.108
9.108
9.711
9.907
9.108
9.109
8.708
9.009
7.808
8.810
8.006
9.610
8.209
8.410
8.810
7.809
7.910
9.810
9.908
8.309
9.610
8.606
7.508
8.308
9.815
8.506
8.608
9.708
8.008
8.635
7.608
8.809
7.807
7.508
8.807
9.608
9.110
7.609
8.610
9.408
8.909
9.309
9.208
9.809
7.608
7.908
7.810
8.306
7.615
7.629
9.102
9.708
8.809
9.109
8.115
8.707
7.607
9.208
8.508
8.308
8.008
8.811
9.820
8.304
8.810
8.511
8.108
7.908
8.614
9.412
9.904
7.713
8.606
9.108
10.013
9.004
9.608
7.908
9.808
9.912
8.152
8.808
9.811
9.666
7.908
7.809
8.210
8.211
9.821
9.409
9.261
7.733
8.099
8.908
8.710
9.508
7.508
9.309
9.908
8.794
8.601
9.810
9.108
9.808
8.909
9.009
8.708
8.609
9.509
8.609
8.609
7.706
9.909
8.308
9.818
7.909
8.969
8.119
8.678
8.607
7.612
7.813
9.008
8.208
9.311
7.616
7.610
9.407
9.710
10.010
8.007
8.209
10.010
9.812
8.107
9.011
8.708
9.508
7.713
8.307
8.010
8.808
8.708
8.107
9.908
8.608
8.510
8.707
9.406
9.928
10.008
9.555
7.708
8.908
7.709
9.609
9.211
7.809
8.913
8.804
8.069
9.636
9.823
7.910
9.310
8.043
9.408
8.109
7.513
9.608
9.008
8.209
8.509
7.808
8.823
8.308
9.008
7.509
9.708
8.312
9.909
9.609
7.810
7.508
8.409
8.013
9.613
7.603
8.308
8.608
8.906
9.008
8.125
8.811
9.407
7.508
9.410
8.910
8.210
9.408
8.608
9.912
7.708
9.709
7.611
9.109
8.111
9.106
9.317
7.811
10.009
9.108
9.908
7.910
9.327
8.501
8.409
8.956
8.611
9.406
7.672
7.610
8.414
8.309
9.053
7.905
8.309
8.309
9.611
9.209
7.808
8.110
9.009
8.008
7.907
9.209
9.807
8.810
8.407
9.010
9.105
8.520
8.214
9.106
8.906
7.509
7.511
10.006
9.108
8.805
9.412
9.208
9.216
7.909
7.609
8.111
8.509
8.708
9.146
8.020
7.808
9.606
8.910
9.406
7.709
9.508
8.710
7.709
8.209
9.808
9.412
10.004
8.308
7.609
9.108
9.711
7.809
9.309
9.709
9.622
8.109
9.209
8.708
9.809
9.808
9.108
8.044
8.191
7.924
9.608
9.010
8.211
9.309
7.809
7.708
9.532
10.014
9.101
9.707
8.207
8.911
9.119
8.107
9.708
9.206
9.913
9.505
9.710
9.207
9.308
9.210
10.007
8.610
8.007
9.709
8.308
9.808
7.701
9.307
7.666
9.908
8.206
8.410
9.110
8.711
8.803
8.708
8.609
8.110
8.411
9.507
9.591
10.007
7.806
9.376
9.308
7.610
8.908
9.109
9.510
8.208
8.207
9.407
9.509
8.707
9.010
8.032
8.504
9.308
9.808
8.609
9.315
8.112
9.704
8.508
9.310
8.708
9.808
8.009
9.310
8.121
7.709
8.995
8.216
8.009
8.309
7.609
8.108
9.711
9.208
7.808
8.008
7.508
9.721
7.508
8.711
8.953
8.010
9.907
8.310
7.912
8.704
7.810
8.583
8.508
8.807
7.909
9.913
8.510
8.609
9.312
9.309
8.809
8.109
7.614
9.309
8.964
7.915
7.609
8.610
9.810
7.910
9.110
9.812
7.708
9.309
8.711
9.110
9.808
8.510
7.608
7.810
9.910
7.910
8.831
8.607
9.212
9.409
8.409
7.908
8.009
7.711
9.911
9.304
8.508
7.709
8.811
10.009
8.107
8.909
8.708
7.908
9.508
7.907
7.608
9.908
9.809
8.825
9.008
9.710
7.508
9.307
7.508
7.508
9.708
9.008
8.609
9.007
8.408
9.811
9.613
9.103
7.608
9.508
8.508
8.608
9.908
10.009
8.708
7.909
9.010
7.507
8.518
8.409
8.007
8.708
8.308
7.909
7.607
10.008
7.707
7.808
9.410
7.908
8.111
9.008
9.507
9.458
8.112
8.005
9.110
7.710
9.806
9.408
9.910
8.406
8.007
9.913
8.407
9.408
7.709
9.908
9.507
8.809
8.308
7.610
7.618
9.306
8.008
7.908
9.408
8.411
8.529
8.704
8.909
9.123
7.821
8.490
8.417
8.613
9.244
7.709
9.008
8.909
9.607
9.008
9.809
7.708
8.808
8.110
9.712
9.108
8.007
9.317
8.009
9.008
9.425
8.309
8.407
7.608
8.708
7.908
8.409
9.707
9.109
10.017
8.923
9.609
8.409
9.909
8.110
7.508
7.709
9.708
9.109
9.809
8.609
8.907
7.709
10.009
9.707
9.910
9.209
7.810
9.108
9.920
9.506
8.606
8.109
8.007
8.664
9.506
8.407
9.710
9.409
10.009
9.745
8.208
9.509
8.007
8.208
7.823
8.311
8.405
10.010
9.950
8.408
8.506
8.910
8.608
8.609
8.817
8.610
7.711
9.308
7.640
7.709
8.809
8.910
8.307
9.310
10.010
8.008
7.710
9.708
9.909
7.808
9.409
8.207
7.506
7.614
9.004
7.821
8.412
9.907
7.707
8.410
8.424
8.907
7.509
9.514
7.509
9.009
8.008
7.909
8.235
8.308
8.209
9.707
9.709
9.210
9.008
9.808
9.708
9.412
9.610
9.708
9.908
8.912
7.905
9.960
9.013
9.406
7.608
9.908
9.409
8.007
8.553
7.809
9.709
8.513
10.008
9.706
10.009
8.209
7.707
8.311
9.005
8.609
8.008
8.908
8.008
9.754
8.668
7.855
9.010
8.117
7.508
8.810
9.808
8.110
8.909
8.709
7.606
9.209
8.852
9.508
9.808
9.811
10.008
9.407
8.408
7.607
9.241
8.508
8.307
9.607
9.310
9.811
8.409
9.819
8.809
8.908
9.409
7.613
9.202
8.509
8.209
9.414
7.503
8.140
10.007
8.909
9.409
7.508
8.007
8.108
9.808
7.909
8.009
9.913
10.008
8.910
10.009
9.317
7.508
8.209
8.911
9.508
8.209
9.807
9.309
9.511
8.804
8.809
9.809
7.908
7.508
8.207
7.515
7.503
8.810
7.647
9.109
8.121
7.906
9.828
8.905
7.601
7.709
9.407
7.609
7.806
8.409
7.610
9.708
8.607
8.553
8.707
8.108
9.408
8.608
7.508
9.158
9.908
9.007
8.829
7.911
9.028
9.507
8.112
9.207
8.311
8.308
8.208
9.110
8.714
8.008
8.005
9.008
8.409
7.507
9.108
8.707
8.709
9.420
8.516
10.027
7.908
9.911
8.008
10.008
8.407
8.009
9.009
8.407
9.805
7.810
9.108
8.706
10.010
9.707
7.907
8.207
8.107
8.608
7.510
9.306
9.308
8.208
8.207
7.608
8.209
7.510
9.108
9.610
9.453
7.588
9.609
10.006
10.009
7.508
10.007
8.509
8.322
9.106
9.709
8.013
9.602
8.907
9.407
9.609
8.708
9.809
7.958
9.406
8.653
7.965
8.902
8.002
8.609
9.807
8.211
9.603
9.813
10.008
9.307
9.307
10.007
8.809
9.307
7.509
9.108
9.407
8.809
7.509
8.413
8.660
8.206
8.011
10.011
7.502
7.708
8.809
7.506
8.166
8.107
8.609
8.807
9.710
9.108
9.908
9.408
10.007
9.606
9.109
9.967
8.908
8.310
7.552
7.809
7.707
7.708
9.408
9.610
9.007
9.435
8.197
7.710
7.506
8.906
7.609
7.804
9.110
9.208
7.807
9.909
9.808
9.107
8.606
9.618
8.109
8.707
8.909
8.307
8.207
8.110
8.305
9.610
9.207
8.308
10.008
9.408
8.609
9.507
9.209
7.711
9.103
7.544
7.995
9.307
8.908
8.312
9.607
8.107
10.010
9.905
7.906
10.009
8.906
9.119
9.507
9.808
7.708
8.610
8.009
8.608
9.208
8.807
8.409
8.308
9.907
8.308
7.907
8.411
7.907
9.607
8.808
9.511
9.805
9.509
8.807
8.606
8.007
8.310
9.405
7.910
8.436
9.807
8.006
9.809
9.007
7.705
9.709
9.207
8.812
7.606
7.806
8.108
9.207
8.708
9.209
9.011
9.706
9.608
7.508
7.760
9.307
9.008
9.808
9.010
8.506
8.709
7.708
9.008
9.708
9.610
9.650
7.999
9.309
7.808
8.008
8.548
8.005
7.611
7.607
9.509
8.011
8.108
7.509
9.929
9.503
9.211
9.009
9.308
8.910
9.206
9.607
8.109
8.116
9.507
9.809
9.321
8.309
10.008
8.407
7.907
9.710
8.007
8.707
9.209
8.507
9.414
7.609
9.007
9.714
7.908
8.606
7.615
8.607
8.805
7.611
8.207
8.207
9.110
7.708
9.610
8.407
10.009
7.911
9.307
9.607
7.609
8.508
7.808
7.808
9.709
8.406
10.009
7.807
9.812
9.305
8.808
9.108
9.407
7.909
8.813
9.902
9.009
9.110
8.608
7.708
9.509
9.307
8.406
8.708
9.708
8.208
9.710
9.606
8.620
8.907
9.108
8.908
7.505
9.673
9.406
9.707
8.007
9.608
10.009
7.754
8.809
8.706
9.613
8.203
9.162
8.508
8.209
8.006
7.706
9.306
8.507
9.709
8.709
9.407
8.408
8.408
7.505
8.208
8.109
8.807
9.607
9.809
7.706
9.610
9.307
9.625
9.310
10.006
9.309
9.407
7.966
8.108
8.108
10.007
9.008
9.712
8.606
9.710
7.907
9.007
9.113
8.908
8.734
7.712
8.415
9.805
8.810
8.706
7.914
9.505
10.008
7.608
9.210
7.806
9.710
8.610
7.607
9.108
8.608
9.413
8.509
9.208
10.011
9.307
9.378
8.913
9.108
7.808
8.722
9.509
9.308
7.707
8.507
8.116
8.211
9.707
7.809
9.508
8.309
8.405
8.908
8.210
8.507
8.209
8.607
8.407
9.613
8.905
7.608
8.309
8.208
8.620
10.009
8.409
8.061
9.208
10.007
9.709
9.709
8.706
9.401
9.109
9.109
8.007
9.808
9.809
7.608
7.707
9.307
8.408
8.924
8.307
9.312
9.907
9.119
7.997
8.492
8.794
9.410
8.612
9.604
7.607
9.915
9.709
8.707
7.909
8.808
8.607
7.707
8.659
10.007
9.510
7.605
9.107
10.009
7.506
8.808
7.722
7.999
8.212
8.609
9.412
9.113
8.109
9.411
8.309
8.610
8.007
9.608
8.007
9.109
9.108
8.307
9.110
8.909
9.508
9.793
7.607
8.208
9.917
8.908
8.208
9.607
9.008
9.868
9.620
9.307
8.511
10.007
10.008
9.308
8.508
9.380
8.547
9.108
8.810
9.307
7.909
9.355
8.811
8.608
8.508
8.009
9.608
7.608
9.407
9.207
10.008
9.710
9.906
9.906
8.507
8.009
9.423
7.606
7.910
9.007
9.607
9.210
8.907
9.508
8.607
7.606
8.909
9.610
9.407
7.910
8.806
9.809
9.707
7.708
8.508
8.409
8.407
8.011
8.706
7.906
9.731
8.607
7.706
9.608
8.407
8.909
7.708
7.908
9.009
8.408
9.509
8.808
7.563
8.507
8.409
8.607
8.808
9.908
8.108
8.207
7.766
9.607
8.110
7.509
10.048
9.206
8.409
8.307
10.005
9.805
8.907
9.608
8.410
9.106
9.308
9.510
7.908
9.708
10.006
9.608
8.007
9.608
8.508
8.009
8.209
9.511
9.308
9.607
9.308
9.908
7.908
9.710
9.706
8.508
9.707
9.511
7.819
8.401
7.904
7.710
8.009
9.508
9.806
9.108
8.508
9.208
8.607
9.107
8.807
8.709
8.906
9.611
8.407
9.909
7.707
9.408
9.307
9.609
8.810
8.708
9.609
9.206
8.309
9.209
7.912
8.208
8.806
8.208
9.207
9.561
8.408
9.993
8.906
8.312
9.006
10.007
7.609
7.707
9.211
9.207
9.107
8.008
8.710
10.009
7.967
8.907
9.313
9.814
8.609
8.208
8.609
8.208
7.508
9.408
9.909
7.907
7.708
8.807
8.709
9.408
8.209
9.811
9.304
9.725
8.307
8.506
9.595
8.406
8.608
8.907
7.508
7.810
9.508
8.908
7.707
9.908
8.009
9.609
9.708
9.107
7.908
8.207
9.810
8.006
7.809
9.807
8.408
8.208
8.810
9.812
7.602
9.508
9.812
9.607
9.109
8.007
7.918
8.841
8.904
9.207
7.711
9.207
9.514
9.711
8.205
9.907
9.707
8.909
9.606
9.508
8.008
7.593
7.710
7.907
8.210
8.207
7.955
9.109
9.108
9.210
9.107
9.208
8.808
8.807
8.908
7.907
9.312
9.505
9.406
8.309
8.608
9.807
7.608
8.210
9.422
8.608
8.009
9.205
10.008
7.608
8.707
8.108
7.809
9.110
8.809
8.512
10.002
9.499
7.706
9.009
8.708
9.307
8.412
10.011
8.006
9.808
8.010
10.007
9.309
10.009
8.507
8.007
9.719
8.812
8.808
9.308
9.910
9.307
8.607
9.908
9.607
9.809
8.111
9.910
9.003
9.609
8.509
8.911
8.909
8.808
7.907
7.507
8.209
9.009
7.705
9.014
8.705
8.209
8.904
8.109
8.336
7.505
8.708
8.207
8.908
7.608
7.607
8.709
9.444
8.709
8.709
9.207
8.509
9.407
9.207
7.608
9.108
7.707
9.108
8.009
9.206
9.711
8.208
9.910
8.607
8.409
8.805
10.011
9.439
7.921
8.109
7.607
7.907
9.508
8.508
9.308
9.606
8.608
8.208
9.108
9.921
9.407
8.407
8.509
8.906
7.609
8.608
8.006
8.016
7.806
8.723
9.706
7.607
9.409
9.714
8.706
8.009
8.709
8.908
9.906
9.108
9.711
7.605
9.708
9.309
8.708
9.209
9.017
9.805
9.908
8.007
9.809
9.422
9.008
8.206
8.386
9.303
9.608
9.007
9.808
9.907
7.610
9.606
7.509
9.709
9.407
8.909
7.621
8.009
7.907
10.016
9.604
7.507
7.811
9.507
9.311
9.004
8.609
8.219
8.902
8.606
9.008
8.710
7.907
8.108
9.612
8.908
9.908
9.110
7.806
9.807
9.208
8.109
9.509
9.407
7.811
8.808
8.407
7.908
9.406
8.908
8.107
9.109
8.911
8.403
8.550
8.398
7.503
9.807
9.308
8.921
8.308
8.210
7.708
8.812
8.805
7.509
7.608
8.810
9.190
8.193
8.709
8.408
8.809
8.309
7.907
9.308
9.709
8.907
9.810
9.208
7.707
8.008
8.206
9.308
8.909
9.509
7.808
9.110
9.209
9.709
8.108
7.719
7.816
8.408
9.209
9.407
8.407
9.511
8.306
7.610
7.608
9.834
8.808
9.209
8.008
9.207
8.409
7.608
8.008
8.355
9.309
8.419
9.009
7.708
7.710
8.008
9.707
8.210
9.608
9.011
7.805
7.708
9.410
8.405
8.811
8.508
7.912
9.906
8.207
8.709
10.009
8.308
8.410
8.919
7.609
9.211
8.131
8.808
9.311
8.606
9.808
8.808
9.609
8.808
9.030
10.009
9.308
8.813
8.304
9.189
7.907
8.708
9.336
9.905
9.703
8.208
8.508
7.608
8.011
9.208
8.808
8.109
7.708
10.010
9.607
8.008
9.309
7.608
9.507
8.508
8.960
9.306
10.009
8.613
8.203
9.125
8.504
7.682
8.099
9.608
9.208
8.512
8.206
8.607
8.508
7.909
9.309
9.708
8.008
9.813
9.111
9.508
7.908
9.511
9.609
7.608
10.010
8.806
7.708
9.510
7.510
9.106
8.910
10.014
7.703
9.809
9.398
8.909
9.907
9.809
8.408
9.309
8.208
9.309
7.809
9.410
9.907
9.731
9.311
7.808
9.413
8.305
7.508
10.010
7.710
9.607
7.516
7.907
8.609
7.907
10.008
8.612
9.806
8.858
8.708
7.610
8.707
7.907
9.210
8.609
7.803
7.809
8.009
8.609
9.707
8.305
8.010
9.507
7.909
9.809
10.009
7.510
8.208
10.010
7.608
8.408
9.808
7.708
8.707
8.311
8.305
8.710
9.410
8.008
7.609
8.008
8.108
8.908
8.708
9.910
7.608
8.908
7.609
8.109
10.040
9.908
9.109
7.908
9.308
9.648
7.808
9.507
9.871
8.466
9.604
9.909
9.665
9.310
7.708
8.366
7.708
8.809
9.709
9.808
9.309
10.010
8.008
7.607
8.810
9.207
7.610
9.108
8.006
7.711
9.903
7.909
7.708
9.009
8.621
9.819
8.716
9.114
9.212
8.612
7.677
8.708
8.606
9.911
8.209
9.149
8.357
8.412
7.804
7.909
8.209
9.607
8.107
8.909
9.908
9.421
8.008
10.012
8.707
8.506
7.808
8.709
9.110
8.121
7.616
7.606
7.809
9.009
9.350
9.708
7.517
9.606
8.508
8.908
9.652
9.209
7.907
7.909
7.810
8.208
8.507
8.815
7.908
9.109
7.509
7.815
8.702
8.008
7.911
9.908
9.207
8.311
8.509
8.206
8.909
8.909
8.406
9.412
8.063
7.808
9.210
8.307
7.508
7.609
9.716
9.609
9.610
7.508
7.608
9.906
8.407
8.710
8.709
8.811
7.705
8.734
9.310
8.911
9.504
9.809
8.907
8.508
8.007
7.609
9.207
9.610
9.206
7.706
9.110
9.908
8.208
8.208
8.108
8.208
8.507
7.707
8.010
8.008
7.905
8.108
8.007
8.814
9.303
9.209
7.808
9.808
7.906
9.608
8.810
9.708
9.306
7.908
8.108
9.870
8.007
7.507
9.509
9.909
7.706
8.570
9.718
8.507
9.407
8.008
9.408
7.908
8.409
9.907
8.406
8.909
8.009
9.007
7.807
10.008
8.308
8.107
9.714
8.702
7.909
8.708
8.528
9.699
9.169
9.410
9.709
9.812
9.414
9.107
9.607
9.808
7.808
9.410
8.214
9.706
9.911
7.808
7.508
8.306
7.610
8.508
9.908
8.311
7.609
7.610
8.513
8.407
8.509
8.310
9.808
8.910
9.510
8.508
8.508
8.507
7.808
8.308
8.209
9.911
10.016
7.917
9.610
7.904
7.510
8.008
7.514
9.905
8.310
7.613
8.309
8.610
8.809
8.109
9.709
9.108
8.512
8.109
7.608
9.709
8.910
10.008
8.512
8.409
8.407
9.711
9.617
8.908
8.009
8.008
8.707
8.113
8.405
8.416
8.506
8.609
9.106
8.710
8.707
7.508
9.008
9.510
8.706
7.906
7.809
8.508
9.509
8.805
9.111
9.704
8.408
8.108
9.808
9.607
9.009
8.109
9.207
8.809
9.621
9.941
9.310
8.308
8.107
7.819
9.499
9.300
9.008
8.510
8.007
7.607
8.509
9.707
9.611
9.908
7.606
7.508
8.313
9.802
8.809
7.532
9.411
9.910
8.208
9.108
9.607
9.910
9.907
8.808
8.608
9.507
8.910
7.808
7.940
9.506
8.208
9.907
8.908
9.910
8.308
9.408
10.010
9.508
9.306
9.510
9.604
9.406
9.622
7.805
9.108
8.507
8.110
8.704
8.610
8.808
7.909
8.106
8.808
7.809
9.608
10.008
9.809
8.407
7.907
7.736
8.008
8.609
7.707
9.409
8.407
8.508
9.008
8.510
8.105
8.206
8.208
7.609
7.706
7.910
8.206
9.310
9.108
8.808
7.909
7.608
7.707
8.408
8.507
9.062
8.907
8.006
8.907
8.807
9.109
9.409
9.207
9.908
8.193
9.407
9.408
9.311
8.005
8.307
7.709
8.720
9.208
8.656
9.008
9.408
9.008
9.711
8.808
8.113
8.408
9.307
8.208
8.809
7.806
9.411
7.807
9.206
10.010
9.210
8.112
9.208
8.708
9.911
9.213
9.654
9.207
8.511
9.061
10.013
9.510
9.412
8.609
8.605
8.015
7.506
8.104
9.510
10.007
9.412
7.504
8.508
8.810
8.525
9.908
9.109
7.807
7.608
8.408
7.911
9.506
9.310
9.908
8.414
9.104
9.006
7.907
8.409
10.009
9.625
8.311
9.709
8.892
9.410
8.108
9.408
9.709
9.004
9.108
9.637
8.210
9.107
8.207
9.609
7.706
8.011
8.805
8.310
8.108
10.008
8.706
7.812
9.207
8.709
8.708
8.408
7.607
9.336
9.305
7.704
8.819
7.606
9.810
7.662
9.764
8.010
9.809
9.506
9.418
8.809
9.006
7.809
7.809
10.007
7.513
8.309
7.909
9.007
9.109
8.807
8.908
7.908
9.107
8.207
9.207
7.708
9.107
9.522
9.703
8.408
9.807
8.469
8.709
9.706
8.709
8.309
7.907
8.409
7.807
10.010
9.707
9.512
7.703
7.714
9.406
7.705
8.510
9.908
9.310
7.706
8.808
8.308
8.108
7.811
9.304
10.009
8.208
8.308
9.509
7.910
9.406
9.408
8.708
8.209
9.208
10.009
9.109
9.609
8.306
9.607
9.610
7.911
9.208
10.009
8.351
8.815
7.708
9.307
8.666
9.705
9.508
7.508
8.109
7.895
7.811
9.906
7.707
8.511
8.411
9.922
8.805
7.707
9.409
10.007
8.509
8.611
10.017
7.710
8.107
8.209
10.009
7.809
8.906
9.107
7.811
9.705
7.806
8.207
9.211
9.105
8.007
8.810
9.138
8.607
9.106
9.408
8.507
9.609
7.805
9.408
9.408
9.308
9.809
8.809
9.206
8.408
7.507
9.409
8.633
8.309
7.707
8.507
8.713
9.305
7.808
9.210
9.209
8.107
9.909
8.306
9.811
7.806
9.609
9.008
8.908
8.712
8.409
7.507
8.207
8.907
9.605
7.709
8.223
9.608
9.208
7.510
7.906
9.208
9.409
9.307
7.515
9.903
7.908
8.906
9.108
8.208
8.008
8.206
9.108
8.009
9.009
9.008
8.309
8.806
7.909
9.907
7.609
8.808
7.657
8.309
7.908
9.909
8.776
8.601
9.407
7.920
8.807
7.505
9.609
8.458
9.304
9.827
8.212
9.907
8.607
9.810
8.306
9.309
8.212
9.906
9.810
9.710
8.804
8.007
8.610
9.411
8.105
8.707
8.408
8.207
9.506
8.808
8.008
8.405
7.510
7.604
8.821
8.803
7.607
8.544
9.910
9.425
8.503
8.007
9.409
9.609
8.008
7.610
8.910
8.709
7.609
8.807
8.510
9.110
9.409
9.708
8.507
7.613
8.308
9.409
8.312
8.005
8.315
9.007
8.910
8.405
9.106
7.807
9.808
9.209
9.011
9.909
8.715
10.009
8.008
8.312
9.805
8.507
8.408
8.808
9.909
8.811
7.510
8.408
7.808
9.608
8.209
9.008
9.707
9.211
8.507
8.109
9.709
9.311
9.908
8.707
7.710
8.908
9.209
7.707
8.309
8.407
7.508
9.710
8.307
8.009
7.908
8.208
9.309
9.110
9.509
9.109
8.009
9.808
7.634
8.533
9.310
8.592
7.506
9.211
7.706
8.710
10.010
7.539
8.009
9.894
8.809
8.407
8.909
8.128
8.611
9.913
9.003
8.608
9.508
7.509
9.407
7.608
8.282
8.608
9.409
7.909
7.807
9.908
7.710
8.010
8.308
9.608
9.009
8.507
8.923
9.209
9.810
8.908
9.509
7.908
8.676
8.208
8.809
10.021
9.007
10.008
9.808
8.007
8.708
9.510
8.207
8.210
9.606
9.109
9.311
9.108
9.508
9.710
8.908
9.866
7.809
9.909
9.608
9.309
8.409
8.409
8.708
8.108
10.010
8.110
8.707
8.609
9.008
10.009
8.709
8.120
7.507
8.708
8.809
9.010
8.309
9.508
9.708
8.007
8.608
9.209
9.608
8.209
8.886
8.606
8.010
9.308
8.414
7.702
8.707
9.509
8.809
9.907
7.709
8.812
8.105
8.908
7.510
9.808
8.907
8.707
8.122
9.109
7.509
9.407
8.010
8.588
8.909
7.910
9.009
7.609
9.608
8.507
8.367
8.509
9.807
9.037
7.709
8.220
9.210
8.911
7.608
8.099
9.003
7.907
9.509
9.818
9.311
9.508
9.809
8.335
8.305
7.810
7.610
8.410
9.707
8.108
9.608
8.736
8.502
8.610
8.806
8.240
9.807
9.909
9.409
9.608
8.808
9.607
7.909
8.211
8.704
8.007
9.208
7.562
8.605
8.310
7.708
8.113
7.707
10.011
9.106
8.508
7.909
9.223
9.609
7.810
9.909
9.213
9.008
8.507
7.909
8.009
9.509
7.606
8.083
8.907
9.920
9.315
8.602
7.710
7.607
9.808
8.507
9.010
7.707
9.608
9.808
7.908
7.811
10.011
8.107
9.511
8.708
8.509
8.609
8.406
8.808
8.611
7.511
8.007
9.910
7.910
8.723
9.507
8.309
9.210
8.208
8.106
8.409
9.309
8.416
8.609
9.210
9.610
7.708
9.609
9.109
7.509
7.554
9.671
7.609
8.114
9.217
8.809
9.109
7.810
9.811
8.109
9.209
10.009
8.609
9.010
8.108
9.814
8.478
8.911
8.913
9.307
9.710
10.009
8.806
8.210
8.709
8.107
7.708
9.093
7.707
9.610
9.211
7.803
9.208
9.510
8.507
8.408
8.540
7.509
8.709
8.410
8.309
7.808
8.308
9.615
9.505
9.109
9.309
8.009
7.909
8.307
9.910
7.809
8.508
8.850
8.509
9.908
9.459
8.809
9.008
9.608
8.308
8.308
10.010
7.610
7.807
8.409
8.508
8.812
8.705
9.909
9.710
9.712
7.705
8.152
9.308
9.913
9.807
8.734
7.909
7.809
9.867
7.713
8.163
8.207
9.208
9.211
8.213
8.512
8.106
9.808
8.311
9.109
8.007
8.410
9.209
8.508
9.609
7.808
9.808
8.413
7.602
9.408
8.008
8.010
7.708
9.810
7.907
10.008
8.711
8.308
7.709
8.408
8.708
8.609
9.308
7.808
7.909
10.010
9.017
8.509
9.911
10.008
7.710
8.107
8.408
9.610
9.109
8.111
9.905
8.911
9.061
7.608
8.412
9.710
8.209
8.608
9.712
8.607
8.729
8.300
9.619
9.208
9.207
8.207
7.709
8.407
8.709
8.210
8.510
7.709
9.303
8.407
7.809
9.709
9.010
8.905
9.208
8.047
9.490
9.207
9.604
8.606
9.312
8.009
8.208
7.609
9.307
7.810
8.707
8.008
8.609
8.409
9.705
7.907
9.110
7.506
9.075
7.706
8.108
7.509
8.107
7.508
8.608
8.410
9.715
7.706
10.010
9.011
8.205
9.407
8.108
8.008
8.122
7.507
8.710
8.809
7.709
7.909
9.417
9.114
8.608
7.916
7.508
8.209
8.609
9.309
8.209
7.507
9.810
9.020
7.509
8.043
9.267
8.610
9.107
9.012
8.804
9.008
7.908
9.809
8.307
8.719
7.910
9.108
8.813
9.103
7.806
9.208
9.708
9.709
8.408
8.307
7.808
8.413
9.285
8.904
7.908
7.608
9.108
7.608
9.308
9.309
8.201
8.512
7.903
9.707
7.609
9.548
8.807
8.310
9.408
9.809
9.707
9.806
8.808
8.409
9.009
9.108
7.710
8.649
9.006
8.708
9.606
9.509
9.807
8.810
8.398
7.609
8.907
9.919
7.907
8.110
9.206
8.708
9.308
9.909
8.310
9.752
9.401
9.610
7.906
8.810
9.310
7.506
8.707
8.207
8.714
7.810
9.912
9.109
8.906
9.025
7.894
8.709
8.409
7.711
10.015
9.408
8.008
9.009
9.409
8.709
9.811
8.608
9.913
9.313
8.617
8.410
8.913
7.809
8.110
9.510
9.308
10.013
9.707
7.909
8.106
8.545
8.209
8.107
7.611
9.811
9.615
8.004
8.411
8.105
8.409
8.509
10.008
9.208
10.009
9.414
7.806
10.008
8.106
7.610
9.212
9.210
8.522
8.207
9.708
9.208
7.612
8.907
9.308
10.012
9.511
7.508
8.541
7.808
8.408
8.806
7.713
8.160
9.509
8.907
8.808
7.910
9.906
8.712
9.806
7.511
8.206
7.511
10.006
8.810
7.811
9.309
7.905
8.912
10.009
7.508
8.210
7.506
9.145
7.607
7.614
8.507
7.608
8.610
9.009
8.706
9.908
9.307
9.410
9.608
8.308
8.111
7.603
8.309
9.507
9.908
8.308
7.706
7.547
8.419
9.202
7.808
7.608
9.708
9.454
7.510
9.908
7.727
7.707
9.010
7.811
7.910
7.618
8.204
9.209
9.408
9.408
9.310
8.809
8.907
8.808
9.609
9.709
8.908
7.809
9.208
8.941
8.911
9.610
8.911
9.807
8.910
9.412
10.007
8.709
9.008
7.609
8.608
9.209
8.109
7.711
9.804
8.710
8.008
7.906
7.809
7.510
10.010
9.808
8.810
8.907
8.555
8.305
8.709
7.509
8.910
8.008
9.110
7.708
7.507
8.109
10.011
9.209
7.540
7.509
7.808
9.009
7.907
9.111
8.323
8.509
9.507
8.009
9.911
7.706
8.409
7.608
7.708
8.609
7.608
9.308
7.613
8.809
7.617
8.808
9.108
9.110
9.408
8.109
9.309
9.609
8.808
9.510
8.781
9.011
9.710
9.310
8.159
7.507
8.411
8.909
8.709
8.014
9.711
8.511
8.209
8.221
8.911
8.606
9.308
9.210
7.806
9.408
7.907
8.109
8.409
9.510
9.709
7.707
7.606
9.209
9.808
9.108
8.611
8.711
8.205
8.208
7.908
8.809
8.592
8.910
7.811
9.908
9.409
10.088
8.621
7.709
8.207
7.609
9.109
7.609
9.308
9.609
9.810
9.779
7.687
8.108
9.208
7.509
8.307
9.508
9.209
8.212
8.702
7.907
9.408
9.408
8.808
9.807
8.309
9.808
8.716
8.609
9.909
8.208
8.810
8.409
8.708
9.707
8.509
7.707
10.009
7.707
9.811
9.754
9.911
7.607
7.909
9.236
7.609
8.917
8.809
9.505
9.708
10.009
9.910
9.008
9.512
8.607
9.009
7.711
8.605
7.808
9.110
8.406
8.743
7.810
9.306
9.909
7.608
7.709
7.708
7.507
8.109
7.544
10.008
8.109
7.612
7.812
7.505
7.908
9.308
8.808
9.909
9.108
8.808
9.911
8.209
8.207
8.408
9.711
8.708
9.710
7.607
7.706
8.008
8.908
8.208
10.015
8.714
8.307
7.809
9.007
8.507
8.408
9.209
8.408
9.309
9.508
9.009
9.314
9.908
8.407
8.008
9.910
10.009
9.507
9.711
8.107
7.908
8.207
8.029
9.106
7.911
8.108
9.509
8.607
9.509
7.611
8.806
8.410
8.608
9.109
7.507
9.611
7.708
9.209
8.206
9.711
8.607
9.911
8.909
8.610
8.207
9.408
8.611
8.308
9.108
8.210
9.108
9.708
9.109
9.628
8.709
9.763
7.708
8.308
8.510
9.909
8.479
9.813
8.203
9.711
9.007
8.411
9.409
9.209
7.520
7.711
8.808
8.807
7.512
7.809
7.504
8.410
10.009
8.609
9.409
9.009
9.509
8.508
8.610
8.607
8.210
10.007
8.410
8.635
8.187
9.410
8.512
9.305
9.108
9.410
9.109
8.203
7.808
8.409
10.066
8.010
8.911
9.009
9.407
9.110
9.411
9.608
7.709
9.207
8.209
9.609
8.109
7.806
8.211
9.497
9.109
9.011
9.508
7.508
7.512
7.604
9.408
8.710
9.608
8.712
8.351
8.808
9.395
8.611
9.823
9.448
9.408
8.809
8.307
8.810
7.807
7.610
8.408
8.011
9.310
9.309
7.608
7.608
9.608
8.509
9.709
8.909
7.612
9.204
8.908
7.909
9.510
8.408
9.109
9.309
9.607
9.908
8.009
9.008
8.609
7.707
8.419
7.907
9.009
9.207
9.207
9.609
9.308
7.709
7.509
8.806
9.509
7.808
9.112
9.307
8.912
8.706
8.108
9.209
7.807
9.507
9.608
9.909
8.010
8.710
9.111
7.610
8.708
9.610
9.308
7.509
7.507
7.607
7.910
9.209
9.411
9.812
8.707
8.809
7.510
9.008
7.709
9.508
9.312
9.303
8.710
8.309
8.008
9.511
7.511
8.509
9.109
9.607
8.311
9.709
8.411
7.509
10.008
9.910
9.908
9.209
9.949
7.492
9.404
7.708
9.209
8.908
7.610
8.108
7.828
7.607
9.616
8.106
9.911
9.011
7.507
8.507
9.910
8.223
8.208
9.909
9.308
9.809
9.613
7.707
9.409
8.208
7.807
9.309
8.010
7.807
8.508
7.809
7.807
8.008
8.217
9.704
9.408
8.310
7.714
9.903
8.509
10.008
8.109
8.308
9.010
8.242
9.509
9.008
8.907
7.609
9.007
8.111
10.007
8.509
8.644
9.506
9.209
9.108
9.007
9.715
9.446
10.021
7.608
9.908
8.107
8.309
9.514
10.005
9.205
10.009
10.008
7.608
9.910
8.108
8.622
9.009
8.807
8.008
7.909
7.607
8.408
9.409
8.507
8.307
8.108
9.808
7.908
9.809
8.812
9.418
9.708
8.109
9.510
9.808
7.922
7.503
8.119
7.512
7.607
9.859
10.009
7.611
7.511
7.598
8.209
8.608
9.209
9.509
9.307
9.709
9.807
7.609
9.209
8.408
8.610
10.009
8.124
9.113
10.006
9.407
8.408
9.611
7.611
8.102
9.511
8.288
8.108
7.708
8.364
8.308
7.609
8.409
8.407
7.660
8.608
9.108
9.018
7.810
8.742
8.266
7.612
8.404
8.309
9.508
9.609
9.508
9.552
7.610
8.710
9.408
9.612
9.888
8.910
9.707
7.808
8.512
8.194
8.709
8.810
8.909
9.541
8.876
10.008
8.009
9.307
8.608
9.808
8.308
8.908
8.409
9.010
9.008
9.509
7.508
8.497
9.008
9.748
7.808
9.213
8.306
9.908
8.908
8.009
8.707
8.707
8.647
10.009
9.308
9.809
8.909
8.307
9.409
7.708
8.308
9.912
9.706
9.410
9.808
8.010
8.408
8.108
9.708
9.907
7.708
9.709
8.408
9.313
9.305
9.009
8.629
7.708
8.809
7.606
8.507
7.749
8.809
9.617
7.611
8.308
9.307
9.010
9.308
8.809
9.408
7.709
8.610
9.310
9.611
8.310
10.013
8.200
9.108
9.608
8.119
9.514
9.505
9.109
8.910
8.908
8.209
10.009
9.209
9.507
7.709
7.809
9.993
9.322
9.907
10.010
7.706
9.309
9.109
9.509
8.008
8.707
9.809
9.309
7.909
9.508
7.709
8.012
7.605
9.513
7.505
8.207
8.909
9.708
10.008
7.813
8.609
8.105
7.909
7.907
7.806
8.207
8.209
7.611
7.606
8.212
7.806
7.807
10.007
9.409
9.810
8.110
8.210
9.707
7.510
8.607
9.208
7.712
9.103
9.509
9.708
9.407
7.609
8.710
9.008
7.809
9.007
7.708
8.409
9.707
8.308
8.707
7.809
9.208
8.909
8.108
9.910
9.211
8.410
10.009
8.709
8.309
8.011
9.507
8.007
8.028
8.204
9.909
8.410
7.509
9.308
8.208
9.410
9.409
9.508
8.508
9.711
8.409
9.007
8.312
8.206
10.019
9.801
8.506
9.212
8.708
9.309
9.006
7.809
7.608
9.210
9.310
8.509
9.709
8.908
9.208
7.909
9.608
9.009
9.010
9.609
8.208
9.807
9.110
7.708
9.209
7.809
7.608
7.708
9.509
8.410
8.510
9.408
8.009
9.710
8.509
9.308
9.009
7.717
9.808
9.309
9.410
9.212
7.909
9.207
8.008
9.609
9.810
7.606
8.508
8.808
9.910
9.208
8.555
9.002
9.509
7.808
9.509
9.811
8.236
8.908
8.109
9.411
8.406
8.808
9.308
9.510
8.208
8.207
9.911
8.009
7.608
9.210
9.706
8.108
8.508
7.911
7.609
8.412
8.008
8.911
9.611
7.809
8.011
8.224
9.508
7.608
8.710
9.138
9.912
9.408
8.128
8.109
9.008
9.108
9.509
8.210
8.707
7.608
9.108
8.509
8.309
9.209
7.819
8.206
9.808
8.812
8.609
7.607
9.609
9.412
9.009
9.307
9.811
9.705
7.608
9.508
7.509
9.011
8.506
7.506
8.609
9.210
8.207
7.509
8.408
7.812
8.212
9.640
8.100
9.801
8.011
9.207
8.917
8.305
7.508
8.909
9.607
8.609
9.208
9.409
7.809
8.308
8.809
7.708
7.910
9.208
9.706
8.110
8.119
8.408
8.211
9.208
7.509
9.107
9.209
8.407
9.609
7.506
7.908
7.808
9.809
8.615
9.509
8.908
9.516
9.511
7.907
9.110
8.207
9.609
8.609
8.715
8.003
7.608
9.009
8.605
9.308
8.811
9.308
7.513
9.708
7.608
9.557
10.016
9.407
8.809
8.210
8.906
8.909
8.809
9.410
8.609
7.509
9.108
7.608
9.409
8.710
8.007
8.708
9.513
7.713
10.007
8.108
8.409
7.509
9.809
9.612
9.517
8.604
9.007
9.808
8.208
9.108
9.210
8.109
8.409
7.908
9.006
10.008
9.508
8.009
9.511
8.396
8.209
8.512
8.413
7.607
9.810
9.212
9.006
9.208
9.608
9.198
10.009
8.009
9.214
10.005
7.719
8.806
8.708
9.208
8.707
9.610
8.208
8.008
7.811
9.309
8.510
9.411
9.408
8.108
7.511
8.849
8.910
8.206
9.907
9.911
8.506
9.610
9.213
7.603
8.907
8.708
9.308
9.008
9.408
8.610
9.108
9.610
7.508
7.788
8.709
8.809
9.909
9.608
9.307
7.609
9.010
7.906
9.707
8.389
8.609
9.908
9.907
10.009
8.107
9.709
10.010
9.308
9.409
9.107
9.711
8.418
8.009
8.911
7.506
7.509
7.608
9.208
9.909
7.617
9.404
8.509
8.997
9.210
8.308
8.408
9.466
10.008
8.809
9.208
8.309
7.509
9.108
8.308
7.515
9.914
8.115
7.608
9.111
10.012
9.514
8.915
8.511
10.007
7.708
8.514
7.636
8.006
7.812
10.014
8.206
9.812
8.762
9.809
9.108
9.534
8.102
8.609
9.607
9.708
7.809
7.807
9.708
9.407
8.808
9.915
9.207
9.411
7.504
8.407
9.509
9.508
9.908
7.908
9.609
7.709
9.223
9.720
8.309
9.537
9.711
9.209
9.468
8.306
8.909
8.512
7.906
9.807
9.655
10.008
9.482
7.438
8.006
9.208
9.409
9.310
9.108
8.708
8.909
9.308
9.708
8.309
8.909
9.507
8.811
8.450
9.709
8.109
8.209
8.108
7.600
8.007
9.816
9.716
9.010
8.708
8.108
9.408
8.610
7.807
9.609
7.908
7.906
7.708
9.609
10.008
9.508
8.807
8.709
8.508
8.007
8.521
9.406
9.409
8.119
8.111
7.908
7.909
8.907
8.708
8.608
9.108
9.409
8.308
8.708
8.409
9.708
9.508
7.708
8.209
9.908
10.009
8.816
7.908
7.607
8.608
8.008
9.910
10.008
9.409
8.308
8.108
7.808
7.612
7.610
8.408
8.409
8.107
8.907
9.810
9.509
10.008
8.951
8.808
8.408
7.508
9.725
8.306
9.808
7.607
9.053
9.610
7.508
8.008
7.611
7.705
9.109
8.109
7.710
9.199
7.511
8.507
9.721
8.007
8.708
9.910
9.007
9.885
8.109
8.007
9.809
7.737
8.108
8.609
9.011
9.211
8.895
8.908
10.010
8.506
9.010
9.207
8.207
9.209
9.708
8.311
9.606
8.909
9.208
9.810
7.907
9.408
8.308
7.810
7.511
9.708
7.807
9.210
9.608
8.610
9.707
9.309
8.808
7.908
8.018
7.708
9.709
9.495
9.105
9.698
8.009
8.208
8.912
9.009
10.009
8.508
10.008
9.710
7.508
9.110
9.507
8.208
8.610
7.908
8.510
8.710
7.708
9.007
7.808
9.908
7.509
7.710
9.307
8.808
8.108
9.817
9.054
7.710
9.307
8.308
7.510
9.909
9.219
8.907
8.808
9.110
7.618
8.753
8.808
7.810
8.010
8.407
8.506
9.307
8.809
9.581
7.922
9.206
8.411
8.308
9.111
8.406
8.507
8.309
9.710
9.307
8.110
8.907
9.607
9.909
9.908
9.810
9.907
9.008
8.824
8.847
8.310
9.109
7.709
9.607
9.511
8.407
8.108
7.906
7.609
9.409
7.608
8.107
8.712
8.509
9.166
7.713
9.702
7.708
8.653
9.524
9.700
9.409
8.507
9.408
9.410
8.340
9.112
9.307
9.908
7.924
8.204
8.124
9.509
8.617
7.802
9.114
9.708
8.405
9.608
9.908
7.909
9.707
8.108
9.109
8.307
9.908
9.511
8.107
7.707
8.012
7.603
9.956
9.919
8.807
9.308
9.509
9.709
8.309
8.908
9.708
8.908
9.606
7.913
8.606
8.409
8.207
7.615
8.011
9.307
9.710
8.009
9.919
9.548
8.609
9.107
7.809
8.408
8.506
8.445
8.610
9.306
8.712
8.549
9.310
7.507
7.909
8.712
9.903
8.708
7.510
9.608
7.810
9.907
7.507
8.906
8.212
8.406
9.008
8.908
7.681
8.962
9.508
10.008
8.308
8.209
9.217
8.801
9.409
7.609
10.011
7.908
9.410
8.609
9.114
8.800
8.916
9.504
7.506
8.608
8.410
7.607
8.207
8.713
7.603
8.209
7.506
8.313
9.306
9.207
9.908
9.424
8.205
9.562
9.508
9.110
7.710
8.604
8.010
9.607
9.009
7.946
7.608
8.309
9.308
9.307
9.711
8.014
8.911
9.806
9.409
10.007
7.507
7.725
8.607
7.608
8.709
8.806
8.609
7.907
8.207
8.606
7.510
8.907
8.108
9.509
8.112
8.302
8.309
8.707
7.834
9.868
9.307
8.108
8.211
8.505
7.514
8.106
9.312
9.008
8.053
8.807
9.109
8.006
9.009
7.710
8.305
7.608
9.209
9.608
8.356
7.506
8.108
8.308
9.007
8.708
7.908
9.811
9.707
8.708
8.607
7.625
8.606
7.908
8.308
9.413
9.107
8.309
7.604
8.309
10.007
8.108
9.610
9.109
8.862
8.912
9.507
9.808
9.111
8.808
9.308
9.907
8.909
7.504
8.309
8.008
9.008
8.809
8.088
8.251
7.604
8.909
9.007
8.808
9.307
9.807
8.309
8.307
8.206
8.410
9.421
8.406
9.210
9.108
7.624
7.908
8.005
9.810
7.808
9.708
8.507
9.609
9.709
7.507
9.813
8.008
8.008
8.709
9.514
8.308
9.909
9.608
9.709
8.809
8.506
9.108
8.710
9.305
7.521
9.607
7.808
9.610
7.910
9.506
8.906
8.209
7.517
9.407
7.909
7.809
9.008
9.206
7.508
8.991
9.208
9.908
9.609
10.097
8.505
9.011
8.204
8.509
8.707
8.009
9.858
9.808
9.808
8.608
9.208
10.008
8.211
9.607
9.608
8.809
9.207
8.407
9.605
9.309
7.710
10.006
9.808
9.509
9.140
9.907
8.310
8.508
9.786
8.002
8.409
8.306
9.512
9.304
9.411
8.307
9.806
9.308
8.215
9.707
7.908
10.009
9.608
8.808
9.709
9.312
7.505
9.009
7.608
9.807
8.209
8.107
9.809
8.208
7.801
9.003
8.009
8.709
10.006
7.809
9.207
8.506
8.610
8.853
7.706
8.107
9.610
7.606
10.009
7.809
9.807
8.007
7.906
9.608
9.308
7.707
8.809
9.509
9.207
9.209
9.308
7.638
9.802
9.209
8.308
7.607
8.410
8.805
8.809
8.510
9.307
8.194
9.503
8.011
9.408
9.809
8.707
9.108
9.908
8.608
9.411
9.914
9.304
10.006
9.410
8.709
7.608
8.108
8.107
9.450
9.809
7.507
9.512
9.708
9.406
7.708
10.010
7.907
9.208
8.908
8.907
8.408
9.509
8.307
9.109
8.807
8.207
7.709
7.909
8.306
9.009
10.008
8.107
8.300
10.012
7.604
9.449
7.704
8.410
7.707
9.890
8.409
7.909
9.209
8.209
7.513
9.610
8.208
7.911
8.906
9.608
9.307
10.010
9.108
7.707
9.109
8.006
8.709
9.304
8.608
9.506
8.308
8.808
7.705
9.212
8.908
7.806
8.991
8.732
8.914
9.006
8.908
9.842
9.407
8.205
8.007
9.616
7.848
8.907
10.010
9.408
8.408
9.414
9.403
7.618
9.700
8.409
8.407
8.509
7.807
9.508
7.909
8.807
8.411
8.307
8.006
9.809
8.608
9.308
9.109
10.013
8.211
7.906
10.006
7.708
8.809
7.906
9.908
9.324
9.308
9.810
8.707
7.812
9.449
7.997
8.009
9.207
9.107
9.108
7.608
9.408
8.710
8.008
8.208
9.742
8.806
8.910
9.408
7.507
8.107
8.609
7.613
8.807
9.106
7.581
9.209
7.807
8.109
9.010
9.808
7.508
9.009
8.406
8.111
8.306
9.131
8.896
10.010
8.113
7.808
7.603
7.706
9.009
8.208
8.608
8.609
9.709
10.009
8.207
9.907
8.210
9.307
7.609
9.705
8.509
7.708
8.808
9.010
8.508
7.909
8.802
8.806
9.309
9.908
9.413
7.709
8.914
8.109
7.607
9.707
8.421
7.806
10.011
7.509
8.708
8.708
8.993
8.302
8.610
9.832
8.306
9.507
9.010
8.409
9.167
7.608
8.813
7.806
9.310
9.906
8.311
8.250
8.808
7.514
8.011
8.107
7.709
9.409
8.810
8.008
9.110
9.810
8.311
9.007
9.808
9.710
7.609
8.606
7.951
8.909
8.307
8.709
8.309
7.509
9.763
7.507
7.809
8.409
7.920
9.709
8.427
8.715
7.807
9.708
9.006
8.406
7.906
9.409
7.606
9.108
10.008
9.509
8.808
8.408
8.408
8.806
8.109
8.808
9.907
8.708
7.807
8.408
7.610
8.907
8.408
10.009
8.907
8.994
8.592
9.506
8.508
9.709
8.210
9.011
9.307
9.910
9.807
9.809
9.207
7.607
9.008
9.308
9.809
8.008
7.906
8.310
9.310
8.508
9.609
9.305
9.908
7.608
7.808
7.639
9.011
8.708
7.512
7.808
7.610
8.805
9.908
8.807
8.407
8.208
7.807
7.807
8.042
7.729
7.699
9.915
8.008
9.305
9.208
7.707
10.006
9.610
8.610
9.406
8.211
8.205
8.619
8.211
8.405
9.008
8.407
9.911
7.807
8.606
7.910
8.107
9.908
7.908
9.708
8.214
8.803
10.008
8.609
9.510
7.804
8.812
9.304
8.408
8.208
8.409
8.610
8.106
7.929
9.712
7.606
8.615
8.007
9.009
9.409
8.907
8.107
7.908
9.009
8.408
9.005
9.607
9.306
8.908
10.007
8.914
9.809
8.915
9.072
8.311
8.306
9.307
9.913
7.509
7.607
8.210
8.594
8.819
9.114
9.108
8.609
9.323
7.908
9.312
8.105
9.808
8.208
8.908
7.807
9.910
7.506
9.389
9.407
9.305
8.308
9.511
8.305
8.107
8.322
9.871
9.080
9.098
9.216
9.100
9.149
9.409
9.910
7.587
8.321
8.912
9.443
9.616
8.208
9.798
8.919
9.109
9.708
9.822
7.913
9.997
9.618
7.926
9.211
8.895
9.929
7.708
8.321
8.110
8.307
9.308
8.008
9.909
8.307
9.810
9.008
9.908
9.298
9.020
7.600
7.517
8.008
9.800
9.812
8.799
9.409
8.607
7.910
9.008
8.310
8.407
8.901
7.828
9.001
8.219
9.409
8.909
8.409
7.799
9.718
9.408
9.608
7.698
9.509
7.816
7.617
8.405
7.896
9.407
7.517
8.211
9.605
8.010
7.809
9.308
9.208
9.709
7.916
9.700
8.799
8.908
8.223
7.814
9.378
9.709
8.507
8.683
8.699
9.708
9.216
8.410
9.209
8.707
8.813
8.600
9.324
8.909
9.522
9.719
8.408
9.524
8.006
7.907
7.615
8.307
9.900
9.408
8.115
7.710
9.199
9.411
9.205
7.519
9.699
8.609
9.919
8.300
9.912
8.608
8.109
9.017
9.764
9.908
7.721
8.397
8.409
9.509
10.007
8.109
9.311
8.306
7.709
10.008
8.709
7.916
8.408
8.508
10.019
9.008
9.008
9.309
8.516
8.307
9.334
8.307
9.609
9.321
9.297
9.459
7.811
10.007
8.407
7.675
10.013
8.811
8.509
8.510
8.400
8.616
9.177
7.609
9.403
9.607
7.719
8.209
7.597
8.609
9.508
7.518
7.508
8.608
9.300
8.720
9.408
8.698
9.719
8.899
7.916
8.908
8.400
8.530
9.091
9.307
8.599
8.931
8.212
9.909
10.007
9.109
8.407
9.201
9.417
8.008
8.709
9.618
8.690
8.818
8.107
8.309
8.999
8.318
9.410
8.400
9.516
8.700
9.617
9.400
7.719
7.692
8.218
8.699
8.925
9.691
8.117
7.658
8.798
8.909
10.009
8.908
7.909
8.602
8.008
9.909
9.317
9.508
9.608
8.133
8.418
7.709
9.008
10.008
8.710
8.306
8.501
8.418
9.598
8.128
7.611
10.027
8.509
8.309
8.808
9.901
8.221
9.506
7.657
9.509
8.419
7.809
8.309
8.933
8.910
9.008
8.908
8.302
8.416
8.511
8.910
9.407
8.900
7.818
9.499
7.513
8.712
7.899
8.410
8.417
8.698
8.818
8.499
9.917
9.608
9.910
9.907
7.709
9.309
7.509
9.936
7.709
7.894
8.102
9.108
9.409
9.710
8.015
7.607
8.208
9.207
9.018
7.710
8.008
9.603
9.912
8.209
8.222
7.994
9.407
9.309
9.218
8.117
7.705
9.341
7.608
7.511
9.108
8.187
9.320
9.108
8.102
9.508
9.618
9.010
8.805
8.909
8.809
9.308
9.005
9.513
8.407
8.207
9.800
9.117
7.707
9.800
9.807
8.608
7.719
9.107
8.000
9.712
9.940
8.201
8.906
7.709
8.518
7.900
8.359
7.909
9.807
9.113
10.091
9.308
8.007
8.926
8.409
9.316
8.113
9.909
8.809
9.214
8.195
8.718
8.398
8.608
8.409
8.116
9.900
8.923
10.010
7.836
8.506
9.835
8.801
9.992
7.599
9.817
7.899
8.606
7.620
7.799
7.718
7.808
10.001
8.214
9.107
8.210
7.699
9.909
8.305
9.210
9.213
9.196
7.817
7.509
7.700
8.960
8.409
7.610
7.724
8.300
8.109
8.908
8.220
9.406
8.709
8.481
9.112
9.407
9.603
9.507
9.707
9.906
9.719
9.699
8.117
9.011
7.807
8.310
8.797
8.622
9.995
8.014
7.704
7.910
8.022
8.103
9.499
8.926
8.398
10.024
9.920
9.098
8.817
8.312
8.594
7.720
9.407
7.906
9.618
8.808
9.949
9.409
8.712
9.717
9.124
9.483
8.611
9.604
7.912
7.619
8.104
8.017
8.117
8.517
8.591
8.820
9.413
8.009
7.915
7.704
8.100
7.928
9.507
9.708
8.708
8.100
9.940
8.003
8.510
9.608
9.609
8.508
9.117
8.399
8.110
8.107
7.810
9.519
7.709
8.409
9.616
8.518
8.893
7.810
9.817
10.009
9.312
9.110
8.110
9.707
9.500
8.823
7.603
9.001
8.416
9.008
9.808
8.409
9.610
8.430
7.918
9.299
9.418
9.514
7.632
7.617
7.809
8.102
9.712
8.009
9.009
9.299
9.217
7.799
9.618
9.101
7.917
8.908
8.308
8.509
8.708
7.809
9.811
9.007
9.508
8.402
8.008
9.199
9.216
7.727
7.516
9.800
9.528
9.598
9.309
9.813
9.704
9.609
7.807
9.512
7.706
9.309
8.708
9.610
9.807
8.508
8.708
7.608
7.508
9.707
8.624
8.706
10.005
8.612
7.935
9.602
9.607
8.413
8.711
8.810
8.806
8.911
8.514
8.211
8.408
7.912
7.905
8.307
7.618
8.210
7.707
8.009
7.608
9.156
7.609
9.906
7.708
9.012
7.609
7.708
8.609
8.728
9.208
8.808
10.007
9.609
8.351
9.715
8.108
9.808
8.508
9.410
8.608
9.708
7.724
9.807
7.612
8.108
8.011
7.704
9.012
8.408
8.508
9.310
7.607
8.809
9.142
7.907
7.709
9.415
8.315
9.013
8.041
10.005
7.906
8.210
9.709
9.003
7.912
7.707
8.710
8.927
9.609
10.005
8.512
10.007
9.909
8.810
8.207
8.009
9.310
9.711
9.099
7.713
9.109
9.315
9.009
8.109
9.909
9.416
10.009
8.112
8.540
8.203
8.302
9.008
9.108
7.914
8.106
9.508
8.410
9.508
8.507
8.113
9.608
9.707
8.110
9.540
8.514
8.808
7.610
7.706
8.707
9.309
8.122
7.715
8.710
9.607
8.614
8.509
8.907
8.709
9.305
7.510
9.608
7.509
9.009
8.607
8.205
9.808
8.214
9.102
9.210
9.409
9.809
8.912
9.110
7.908
8.407
7.710
9.320
8.509
8.107
7.908
7.907
8.714
8.119
9.107
8.409
9.408
7.708
10.006
8.120
9.608
10.007
7.663
9.812
9.006
9.007
7.909
8.707
9.708
9.707
8.108
9.308
9.407
9.407
8.308
9.807
7.908
8.508
9.208
8.917
9.304
9.803
9.410
7.973
8.108
8.408
8.809
10.008
8.908
8.708
8.010
8.407
8.810
8.502
8.107
7.708
9.907
8.807
9.207
9.709
8.408
10.008
8.907
7.906
9.309
9.908
7.920
9.906
8.506
9.611
8.706
7.706
9.408
8.210
8.306
10.008
9.407
9.808
7.508
8.208
8.408
8.308
9.107
9.809
9.208
9.908
7.607
9.209
8.610
9.506
9.022
9.607
9.408
7.907
7.611
8.808
7.708
8.007
8.607
9.063
7.809
7.509
9.207
9.708
8.208
7.510
9.805
7.518
9.808
10.009
8.409
8.408
8.207
10.008
8.375
9.909
7.507
8.607
9.209
8.607
8.401
8.208
8.307
7.671
8.607
8.508
9.208
9.008
9.262
7.909
7.908
9.508
7.907
9.907
9.109
8.909
9.909
9.008
9.108
9.808
9.007
7.528
8.306
9.708
7.610
9.110
9.809
7.608
7.907
8.908
8.809
8.707
9.607
9.808
9.008
8.325
8.406
8.108
7.508
7.608
8.807
8.107
9.606
9.408
7.906
8.908
8.206
7.907
8.009
7.511
7.907
9.708
7.508
8.708
9.409
7.607
8.009
9.307
7.808
8.485
8.316
9.308
9.608
7.909
9.308
8.521
8.907
7.610
9.407
8.907
7.908
8.109
9.806
10.011
7.606
7.809
9.056
8.408
8.309
9.609
8.607
8.907
9.209
8.682
7.510
8.708
8.906
8.008
7.908
9.408
8.910
9.007
8.808
8.611
9.404
8.007
9.710
8.431
8.301
9.303
7.508
8.809
9.810
9.809
8.806
9.910
7.596
7.808
8.408
8.510
7.506
9.708
9.906
9.409
8.208
7.607
8.109
9.908
8.307
8.804
9.409
10.007
7.608
8.208
8.508
9.709
8.908
8.309
8.105
9.709
10.010
8.329
8.368
9.909
8.006
9.809
10.008
8.207
7.506
8.507
9.308
7.707
8.209
9.306
9.708
9.121
9.608
7.909
8.907
7.907
9.307
8.308
7.808
9.707
9.208
9.009
9.308
8.007
9.909
7.507
7.607
10.010
8.507
8.614
9.907
9.007
8.312
9.806
10.105
8.610
8.306
9.407
8.872
8.906
8.609
8.607
